NOW,126.81041461168226,27.457373441384004,3564.163330078125,61.064170837402344,6.664872169494629,2138862536,1,5,1,0,404,'YJFJDD','YJFJDD_404'
NOW,126.84330550612106,27.545675684543685,3566.0927193164825,61.41542041301727,4.056234836578369,2138862540,2,4,1,0,404,'YJFJDD','YJFJDD_404'
NOW,126.6263019335178,26.954595605782643,3563.808748483658,59.17777454853058,3.41143661737442,2138862543,5,1,0,0,404,'YJFJDD','YJFJDD_404'
NOW,123.05652734585034,33.6607487301014,3561.7012810707092,58.35760563611984,0.6346049904823303,2138862544,2,0,1,1,404,'YJFJDD','YJFJDD_404'
NOW,121.74761461927739,33.91505817946647,3561.3072701096535,58.96210563182831,1.1099628806114197,2138862544,1,0,0,3,404,'YJFJDD','YJFJDD_404'
NOW,125.10342325561737,32.82860042767674,3560.038474023342,58.426472425460815,2.882506549358368,2138862544,0,3,0,5,404,'YJFJDD','YJFJDD_404'
NOW,126.78990417539158,31.786860678780315,3557.33941668272,57.15074872970581,4.884739577770233,2138862545,3,5,0,5,404,'YJFJDD','YJFJDD_404'
NOW,127.30373976681275,28.563282274563193,3559.580650985241,58.57165479660034,6.443471610546112,2138862546,3,0,1,8,404,'YJFJDD','YJFJDD_404'
NOW,127.43362487832407,29.37676814818185,3559.338826954365,60.95854830741882,6.513044714927673,2138862546,5,1,0,10,404,'YJFJDD','YJFJDD_404'
NOW,127.30110289230332,31.212504092049972,3556.685876905918,59.30522441864014,7.3625088930130005,2138862548,4,1,0,11,404,'YJFJDD','YJFJDD_404'
NOW,122.97768970777516,33.672994580293135,3559.218357861042,60.00722074508667,7.581863343715668,2138862551,0,4,0,15,404,'YJFJDD','YJFJDD_404'
NOW,123.21303426131898,33.64429555612692,3559.167869210243,57.69953727722168,9.86739581823349,2138862555,1,2,1,17,404,'YJFJDD','YJFJDD_404'
NOW,124.0444784383011,33.36639077057369,3556.3492399454117,56.73055028915405,11.155221164226532,2138862559,1,0,1,19,404,'YJFJDD','YJFJDD_404'
NOW,126.40878454352135,26.28749182229903,3554.2123223543167,53.93569779396057,12.610219419002533,2138862562,0,3,1,22,404,'YJFJDD','YJFJDD_404'
NOW,126.19721939766495,32.24469754510742,3553.283793628216,54.521961092948914,15.151014268398285,2138862562,4,5,1,24,404,'YJFJDD','YJFJDD_404'
NOW,125.65341900540581,32.567084863116335,3553.947865128517,51.643314719200134,15.413423895835876,2138862565,1,1,1,27,404,'YJFJDD','YJFJDD_404'
NOW,126.49154152182584,32.01678971970372,3553.110551536083,48.96473157405853,17.425114512443542,2138862568,2,1,0,29,404,'YJFJDD','YJFJDD_404'
NOW,126.52811298266546,31.990637597803,3553.930973470211,51.57820641994476,18.36045891046524,2138862571,1,4,1,32,404,'YJFJDD','YJFJDD_404'
NOW,127.36515112259093,28.933616639550863,3551.7527562975883,54.086727023124695,18.368139505386353,2138862573,4,5,0,32,404,'YJFJDD','YJFJDD_404'
NOW,126.42077112373181,32.06814455711631,3552.471372127533,54.00451445579529,19.921565175056458,2138862573,0,4,0,35,404,'YJFJDD','YJFJDD_404'
NOW,126.8466337603552,31.74475535204676,3552.806649148464,54.20547378063202,22.887973427772522,2138862575,4,0,1,36,404,'YJFJDD','YJFJDD_404'
NOW,127.43398915251049,29.38656637626952,3550.689397752285,54.093058824539185,25.677960515022278,2138862578,2,4,0,39,404,'YJFJDD','YJFJDD_404'
NOW,125.40483647213686,32.68080829422959,3549.5402203202248,51.94300627708435,28.494701504707336,2138862581,0,3,1,39,404,'YJFJDD','YJFJDD_404'
NOW,127.49050033587058,30.052072513088724,3551.108219921589,51.069234132766724,31.134881138801575,2138862583,4,3,1,43,404,'YJFJDD','YJFJDD_404'
NOW,127.04729959394798,31.507995251334723,3550.978662073612,49.48050308227539,32.12146699428558,2138862585,2,3,1,45,404,'YJFJDD','YJFJDD_404'
NOW,126.55995917563628,26.738860172623024,3548.4338987469673,48.035141468048096,34.18408262729645,2138862589,0,2,0,47,404,'YJFJDD','YJFJDD_404'
NOW,125.69250460929267,32.54609458888438,3545.852082312107,50.874428510665894,34.600734293460846,2138862591,4,3,1,51,404,'YJFJDD','YJFJDD_404'
NOW,127.44350316793772,29.49233837412545,3545.1858081817627,48.26621389389038,37.437582075595856,2138862591,2,4,1,54,404,'YJFJDD','YJFJDD_404'
NOW,126.1181583186655,32.291899438608745,3545.5552545785904,47.816444635391235,38.272788524627686,2138862591,3,4,0,54,404,'YJFJDD','YJFJDD_404'
NOW,127.51341838347005,30.661599227793506,3543.0303498506546,49.46013832092285,40.148504853248596,2138862595,1,5,0,58,404,'YJFJDD','YJFJDD_404'
NOW,123.29219741465181,33.63279880222166,3542.911882042885,49.34332400560379,42.49017131328583,2138862597,3,5,1,58,404,'YJFJDD','YJFJDD_404'
NOW,127.46190183879708,31.032151447582454,3540.3186584711075,48.03732258081436,43.621469497680664,2138862597,1,2,1,58,404,'YJFJDD','YJFJDD_404'
NOW,127.12451898645743,28.14589861940522,3537.9737006425858,47.3537762761116,46.31885743141174,2138862601,1,3,1,60,404,'YJFJDD','YJFJDD_404'
NOW,124.97011969717767,32.87930076472829,3538.755842626095,48.687714993953705,46.707988917827606,2138862602,0,0,0,64,404,'YJFJDD','YJFJDD_404'
NOW,126.57083254281667,26.757900556012583,3536.04511064291,47.45006614923477,47.25289684534073,2138862603,1,3,0,64,404,'YJFJDD','YJFJDD_404'
NOW,124.97846066483103,32.87838359053283,3535.53214854002,45.537406265735626,50.230744898319244,2138862604,5,5,0,68,404,'YJFJDD','YJFJDD_404'
NOW,122.79258585664284,33.68991664251196,3535.3686434030533,47.752454817295074,53.056826651096344,2138862607,1,4,1,69,404,'YJFJDD','YJFJDD_404'
NOW,125.53899002284061,32.61352075655415,3533.300108551979,44.921707451343536,54.51538544893265,2138862610,1,0,0,72,404,'YJFJDD','YJFJDD_404'
NOW,127.13370723321258,28.14527868983162,3534.797991156578,42.40293484926224,55.485052824020386,2138862612,5,0,0,74,404,'YJFJDD','YJFJDD_404'
NOW,122.50596561437199,33.75066715923331,3532.7188428640366,41.39656752347946,55.828240394592285,2138862613,3,1,1,74,404,'YJFJDD','YJFJDD_404'
NOW,127.4530260505803,29.655412848608965,3531.917582988739,40.071564853191376,57.766480684280396,2138862615,3,3,0,75,404,'YJFJDD','YJFJDD_404'
NOW,127.42103947272108,29.298204023170236,3532.995725631714,42.49274033308029,58.29048150777817,2138862617,2,5,1,76,404,'YJFJDD','YJFJDD_404'
NOW,126.94995022580831,31.63242518092282,3531.8614449501038,43.098131000995636,59.27489227056503,2138862618,1,3,1,78,404,'YJFJDD','YJFJDD_404'
NOW,121.36204793791038,34.011776580685286,3530.2952852249146,45.45932847261429,60.316554605960846,2138862618,5,4,0,82,404,'YJFJDD','YJFJDD_404'
NOW,126.91372978528776,31.673586116341014,3529.989592075348,46.32986676692963,61.11444813013077,2138862622,0,5,0,86,404,'YJFJDD','YJFJDD_404'
NOW,124.4538077297062,33.14092445656175,3531.6736736297607,43.963337540626526,62.43463319540024,2138862626,3,0,1,86,404,'YJFJDD','YJFJDD_404'
NOW,127.40338010305277,31.09365942570673,3529.4820029735565,45.78952169418335,63.424292147159576,2138862626,5,5,1,88,404,'YJFJDD','YJFJDD_404'
NOW,122.97753066803713,33.66901995872152,3528.7572371959686,45.77509194612503,64.1635684967041,2138862630,5,5,0,92,404,'YJFJDD','YJFJDD_404'
NOW,126.80264955383427,31.774923334964498,3526.9481801986694,44.43075615167618,66.71873688697815,2138862631,5,0,1,94,404,'YJFJDD','YJFJDD_404'
NOW,121.82712773329699,33.91238446705731,3528.102057695389,47.27369838953018,67.67760515213013,2138862633,1,4,1,95,404,'YJFJDD','YJFJDD_404'
NOW,123.05341420596734,33.67680127084254,3528.675537586212,45.942210137844086,68.33927571773529,2138862636,5,5,1,98,404,'YJFJDD','YJFJDD_404'
NOW,124.16224802994168,33.30439436203736,3531.0694484710693,46.377585768699646,70.80321776866913,2138862636,5,3,1,99,404,'YJFJDD','YJFJDD_404'
NOW,122.58252153185063,33.72728983890586,3530.3330476284027,43.6158252954483,71.38345843553543,2138862640,3,3,1,102,404,'YJFJDD','YJFJDD_404'
NOW,122.36361857530602,33.78633336633083,3529.973498404026,40.74940550327301,73.29631358385086,2138862642,1,5,0,105,404,'YJFJDD','YJFJDD_404'
NOW,127.00674437849611,27.90792543125054,3528.9983684420586,41.43463337421417,74.0401741862297,2138862642,3,5,1,106,404,'YJFJDD','YJFJDD_404'
NOW,127.09087908849159,31.470476462252208,3528.8803374767303,40.590437948703766,76.93534344434738,2138862643,2,3,1,109,404,'YJFJDD','YJFJDD_404'
NOW,126.6539412751823,27.027925376107945,3531.739470720291,39.25284641981125,77.40581095218658,2138862647,0,3,0,109,404,'YJFJDD','YJFJDD_404'
NOW,125.94388483360899,32.433987369967454,3530.7464777827263,38.02057737112045,79.19770157337189,2138862649,1,2,1,110,404,'YJFJDD','YJFJDD_404'
NOW,126.24615800021819,32.20418038625826,3533.2166487574577,40.75799769163132,79.70209205150604,2138862653,2,0,1,111,404,'YJFJDD','YJFJDD_404'
NOW,127.51998994785524,30.53113126876383,3532.1552154421806,39.771253764629364,81.12372887134552,2138862656,3,3,0,113,404,'YJFJDD','YJFJDD_404'
NOW,121.49090174531293,33.97135788737597,3530.7404765486717,40.98417800664902,81.65078777074814,2138862656,0,0,1,117,404,'YJFJDD','YJFJDD_404'
NOW,127.5047684860937,30.529833740403753,3533.731603562832,43.50620573759079,83.39527469873428,2138862658,4,1,1,118,404,'YJFJDD','YJFJDD_404'
NOW,122.09220033844652,33.84807891984605,3534.507613480091,41.55613201856613,84.7786174416542,2138862658,5,4,1,119,404,'YJFJDD','YJFJDD_404'
NOW,124.52556123320146,33.122908416931786,3537.034255564213,41.85469031333923,85.32898902893066,2138862660,1,5,1,121,404,'YJFJDD','YJFJDD_404'
NOW,123.50753792905098,33.61769633206896,3535.184010565281,44.70335602760315,86.53612923622131,2138862662,3,4,0,121,404,'YJFJDD','YJFJDD_404'
NOW,126.3222525201722,26.041415597547562,3535.418989419937,41.952354192733765,88.83527779579163,2138862663,3,4,1,121,404,'YJFJDD','YJFJDD_404'
NOW,126.79176371067462,31.800148269854983,3534.8428739905357,39.56201243400574,88.9640594124794,2138862667,5,1,0,124,404,'YJFJDD','YJFJDD_404'
NOW,127.41364195554056,29.238839135312105,3532.230903327465,38.02911901473999,91.7345762848854,2138862669,5,0,0,126,404,'YJFJDD','YJFJDD_404'
NOW,126.84768611313105,27.532585631616733,3529.2771872878075,35.231510162353516,91.88863718509674,2138862670,0,4,1,126,404,'YJFJDD','YJFJDD_404'
NOW,124.98235658725656,32.86804595381412,3529.0471655130386,36.64645719528198,94.37995445728302,2138862672,3,0,1,130,404,'YJFJDD','YJFJDD_404'
NOW,126.50112580631523,26.588736816779306,3527.1342066526413,33.7159366607666,94.45920497179031,2138862673,0,4,0,133,404,'YJFJDD','YJFJDD_404'
NOW,122.714714073365,33.71488087882385,3525.609073996544,34.722745180130005,95.14377444982529,2138862675,4,1,1,133,404,'YJFJDD','YJFJDD_404'
NOW,126.29345636468095,25.53700573445742,3525.1679659485817,34.23953986167908,95.8536382317543,2138862675,1,3,1,135,404,'YJFJDD','YJFJDD_404'
NOW,125.12998573436514,32.801495226711985,3524.270176947117,33.258823573589325,98.68051010370255,2138862679,3,0,1,138,404,'YJFJDD','YJFJDD_404'
NOW,125.5362408549549,32.614428513098794,3522.970170080662,32.67821204662323,99.21892762184143,2138862680,2,3,1,141,404,'YJFJDD','YJFJDD_404'
NOW,123.38687020635858,33.63519014184345,3522.124265551567,31.58276116847992,100.51620125770569,2138862684,2,0,1,144,404,'YJFJDD','YJFJDD_404'
NOW,124.24314333038228,33.25570075567588,3522.278120279312,29.012582182884216,102.86212706565857,2138862688,0,3,0,144,404,'YJFJDD','YJFJDD_404'
NOW,124.21113299513766,33.27268083395745,3520.4023730754852,27.222401976585388,103.60523200035095,2138862691,5,3,1,145,404,'YJFJDD','YJFJDD_404'
NOW,126.48429413075455,26.553263548092808,3519.241710662842,29.86054527759552,106.29153394699097,2138862695,1,0,1,145,404,'YJFJDD','YJFJDD_404'
NOW,124.30075473982099,33.23827578271795,3521.6421551704407,31.204604983329773,107.08131092786789,2138862699,0,0,0,145,404,'YJFJDD','YJFJDD_404'
NOW,127.07720150484612,28.076041076191125,3519.420097589493,29.624348044395447,110.05229395627975,2138862702,5,5,0,146,404,'YJFJDD','YJFJDD_404'
NOW,126.54046911723916,26.72410945520124,3518.4152166843414,31.116294980049133,112.08294290304184,2138862706,1,3,1,147,404,'YJFJDD','YJFJDD_404'
NOW,127.34363676357498,28.7497761397902,3521.319813489914,33.903809905052185,113.41520434617996,2138862709,5,4,0,150,404,'YJFJDD','YJFJDD_404'
NOW,123.48049857618723,33.62235254626063,3521.090342283249,34.86327522993088,116.0229030251503,2138862712,5,0,1,154,404,'YJFJDD','YJFJDD_404'
NOW,126.84012293123635,27.512870523413866,3518.567628622055,36.78977459669113,117.33366256952286,2138862716,3,0,0,158,404,'YJFJDD','YJFJDD_404'
NOW,127.4770526114793,29.981171027418615,3520.4592349529266,36.04829794168472,117.87964677810669,2138862719,3,0,0,161,404,'YJFJDD','YJFJDD_404'
NOW,126.29993167779594,25.630039321620472,3518.327844619751,34.43023782968521,118.26348465681076,2138862719,3,1,0,162,404,'YJFJDD','YJFJDD_404'
NOW,126.28902663793089,25.679986335266946,3517.5565571784973,34.114354968070984,120.72680777311325,2138862719,4,0,0,163,404,'YJFJDD','YJFJDD_404'
NOW,127.20728679306472,31.325130205033528,3518.8965740203857,36.688177704811096,123.58111590147018,2138862720,4,0,1,164,404,'YJFJDD','YJFJDD_404'
NOW,127.29643373402298,28.55898491315487,3518.006078839302,35.775858640670776,123.95289206504822,2138862723,3,3,0,164,404,'YJFJDD','YJFJDD_404'
NOW,127.48648986197746,29.926263318346876,3517.2777476906776,38.1302592754364,126.11518549919128,2138862725,2,0,1,166,404,'YJFJDD','YJFJDD_404'
NOW,126.44267304348364,32.04718175919663,3514.2821524739265,39.416024804115295,126.66631633043289,2138862726,2,5,0,168,404,'YJFJDD','YJFJDD_404'
NOW,126.91575570904578,27.719433373917717,3514.549057126045,37.655829071998596,128.18393355607986,2138862729,0,1,0,170,404,'YJFJDD','YJFJDD_404'
NOW,126.33710191433451,26.10555709124769,3514.801255404949,37.15620255470276,129.848772585392,2138862730,5,1,0,170,404,'YJFJDD','YJFJDD_404'
NOW,127.13765189822286,28.16706740378347,3511.8784295916557,39.831064224243164,132.1137004494667,2138862734,0,1,1,171,404,'YJFJDD','YJFJDD_404'
NOW,126.33567558141128,26.059606758190437,3512.7865928411484,38.01139569282532,134.34244257211685,2138862736,2,3,1,172,404,'YJFJDD','YJFJDD_404'
NOW,126.9510724637406,27.83074412468888,3512.4363287091255,37.92199158668518,135.79380697011948,2138862740,3,5,1,172,404,'YJFJDD','YJFJDD_404'
NOW,127.41375922512121,29.224824141461113,3515.1306698918343,35.14832901954651,138.4649628996849,2138862741,3,4,1,175,404,'YJFJDD','YJFJDD_404'
NOW,126.29737963436622,25.733621050026997,3516.5863614678383,36.35970330238342,139.44065111875534,2138862745,1,4,0,176,404,'YJFJDD','YJFJDD_404'
NOW,127.09143769625986,31.464172025841208,3513.761295378208,36.98056244850159,140.78966635465622,2138862747,2,1,1,180,404,'YJFJDD','YJFJDD_404'
NOW,125.06102569881504,32.837375766902,3515.1537125706673,36.45967245101929,143.6970381140709,2138862748,5,5,0,183,404,'YJFJDD','YJFJDD_404'
NOW,123.58681898667507,33.59380381228216,3514.6241375803947,34.23465013504028,144.27413952350616,2138862748,3,0,1,187,404,'YJFJDD','YJFJDD_404'
NOW,125.52815578997506,32.62397637913817,3516.633180320263,37.02341079711914,145.81160426139832,2138862748,3,4,1,187,404,'YJFJDD','YJFJDD_404'
NOW,127.34534453409479,28.821687165847223,3514.1136736273766,39.54145336151123,147.5031372308731,2138862751,3,4,0,188,404,'YJFJDD','YJFJDD_404'
NOW,127.45440042463707,31.024554036535605,3512.527643620968,38.425225615501404,150.4850641489029,2138862754,3,3,0,189,404,'YJFJDD','YJFJDD_404'
NOW,127.51735904981172,30.40636757477899,3511.828914940357,35.81804049015045,152.816845536232,2138862758,5,2,0,191,404,'YJFJDD','YJFJDD_404'
NOW,127.07789779310873,31.465756090085556,3513.6025324463844,34.18246126174927,155.60038316249847,2138862760,4,1,1,193,404,'YJFJDD','YJFJDD_404'
NOW,126.30028044453016,25.55948100810917,3516.5151811242104,32.727147817611694,156.64296460151672,2138862760,0,2,0,196,404,'YJFJDD','YJFJDD_404'
NOW,126.29087339797968,25.643079232761316,3518.4175528883934,31.8763570189476,158.90858030319214,2138862761,1,4,0,198,404,'YJFJDD','YJFJDD_404'
NOW,127.00408647180303,27.903908637384365,3517.8372169137,31.421103179454803,160.52849078178406,2138862762,1,5,0,199,404,'YJFJDD','YJFJDD_404'
NOW,122.46456467544097,33.765100031685336,3516.0454681515694,32.796113669872284,161.85562241077423,2138862764,4,4,0,202,404,'YJFJDD','YJFJDD_404'
NOW,126.51970858511442,26.63897435914442,3517.4446578621864,31.318741142749786,164.55136215686798,2138862767,5,3,1,202,404,'YJFJDD','YJFJDD_404'
NOW,122.44523521318143,33.77230681169227,3518.21821051836,28.96144038438797,166.44007575511932,2138862768,3,2,0,205,404,'YJFJDD','YJFJDD_404'
NOW,124.56246574088594,33.09373983959073,3518.136294066906,26.86457186937332,168.39020943641663,2138862770,1,5,0,205,404,'YJFJDD','YJFJDD_404'
NOW,123.27454122944579,33.63622253062986,3519.074229478836,29.43532782793045,170.66655087471008,2138862772,3,3,0,205,404,'YJFJDD','YJFJDD_404'
NOW,124.39352307402403,33.180078845326285,3517.676718711853,26.73270970582962,171.2337549328804,2138862772,1,3,0,209,404,'YJFJDD','YJFJDD_404'
NOW,126.96390751864789,27.843119716009003,3516.864588022232,27.975882470607758,173.4925213456154,2138862773,1,2,1,210,404,'YJFJDD','YJFJDD_404'
NOW,126.68063988474238,27.050483699107616,3515.3181425333023,30.74239033460617,176.24452739953995,2138862777,1,0,1,210,404,'YJFJDD','YJFJDD_404'
NOW,127.51325803682099,30.243039998519038,3516.766903400421,28.884069621562958,178.09281998872757,2138862780,5,3,1,211,404,'YJFJDD','YJFJDD_404'
NOW,123.68064267575141,33.55659552956949,3516.0598260760307,26.76541417837143,178.23524296283722,2138862782,5,0,0,214,404,'YJFJDD','YJFJDD_404'
NOW,127.08830683697553,31.458932548483986,3518.8666419386864,26.443605959415436,180.68437945842743,2138862783,1,5,0,217,404,'YJFJDD','YJFJDD_404'
NOW,122.52938719117498,33.74954663689083,3516.932115495205,28.786175072193146,180.8797869682312,2138862783,5,3,1,218,404,'YJFJDD','YJFJDD_404'
NOW,126.9344579734299,31.663905758318826,3514.8230256438255,25.83265310525894,181.16175723075867,2138862783,1,0,1,219,404,'YJFJDD','YJFJDD_404'
NOW,121.88038939447273,33.882256641976554,3517.1299495100975,22.96563297510147,182.90757393836975,2138862783,0,3,0,219,404,'YJFJDD','YJFJDD_404'
NOW,127.31381196318004,28.645085304643988,3516.6067447662354,25.790474474430084,185.80404114723206,2138862785,1,5,0,219,404,'YJFJDD','YJFJDD_404'
NOW,127.44004002937578,29.61185923831961,3515.640586078167,25.194288969039917,186.27605593204498,2138862787,2,5,0,219,404,'YJFJDD','YJFJDD_404'
NOW,122.56348182474373,33.737008386926306,3517.524816095829,22.945375204086304,189.0729194879532,2138862791,0,1,1,222,404,'YJFJDD','YJFJDD_404'
NOW,121.67616436031982,33.934135480714694,3516.4198943972588,21.775243043899536,190.99165558815002,2138862791,4,2,0,224,404,'YJFJDD','YJFJDD_404'
NOW,127.43479094265516,29.472170523711107,3518.0933696627617,19.214494228363037,193.5171182155609,2138862794,2,1,0,226,404,'YJFJDD','YJFJDD_404'
NOW,126.88525025314,27.651574083535785,3517.049757182598,17.288958072662354,193.70589298009872,2138862795,2,5,1,227,404,'YJFJDD','YJFJDD_404'
NOW,125.27760981943582,32.73285093245773,3518.201562821865,15.35982358455658,196.42289155721664,2138862798,2,3,0,227,404,'YJFJDD','YJFJDD_404'
NOW,126.66775339530655,27.037381607553083,3520.292992770672,17.112985491752625,197.66927236318588,2138862802,0,0,1,227,404,'YJFJDD','YJFJDD_404'
NOW,126.28685303825748,25.48727790426436,3521.815245807171,19.22300159931183,198.28621691465378,2138862805,4,2,0,231,404,'YJFJDD','YJFJDD_404'
NOW,127.46359221046681,29.72455354738433,3524.5822371840477,17.518868327140808,199.5705083012581,2138862808,1,0,0,231,404,'YJFJDD','YJFJDD_404'
NOW,127.5235773885204,30.660191084354853,3527.3659638762474,16.64704954624176,201.98177653551102,2138862810,0,1,1,235,404,'YJFJDD','YJFJDD_404'
NOW,127.51656267551083,30.69889262690004,3524.901613652706,14.609411358833313,203.60924249887466,2138862814,4,3,1,235,404,'YJFJDD','YJFJDD_404'
NOW,126.64222540825966,26.999356065867293,3523.357150733471,16.741751790046692,203.830133497715,2138862815,0,3,0,238,404,'YJFJDD','YJFJDD_404'
NOW,126.81456367347683,27.451399236738997,3523.0873163938522,15.462607741355896,204.62386244535446,2138862819,5,2,1,242,404,'YJFJDD','YJFJDD_404'
NOW,127.43870247840175,29.450387236608346,3520.6986404657364,13.98242962360382,207.2840492129326,2138862819,0,1,1,245,404,'YJFJDD','YJFJDD_404'
NOW,124.55847256474749,33.08896959393906,3523.6553851366043,13.514374852180481,207.76969373226166,2138862821,0,5,1,248,404,'YJFJDD','YJFJDD_404'
NOW,123.05639393568751,33.66275001828432,3526.366198182106,13.286683559417725,209.88020408153534,2138862824,1,3,0,250,404,'YJFJDD','YJFJDD_404'
NOW,126.32400689403296,26.070506425061048,3524.7015849351883,11.025936365127563,211.4158877134323,2138862825,0,2,1,250,404,'YJFJDD','YJFJDD_404'
NOW,127.51127039891115,30.600785742168252,3525.5616787075996,8.515667200088501,213.28285157680511,2138862829,4,0,1,253,404,'YJFJDD','YJFJDD_404'
NOW,125.33057479170198,32.71866405797472,3526.9836636185646,8.325760543346405,213.75547987222672,2138862831,3,1,0,256,404,'YJFJDD','YJFJDD_404'
NOW,126.53427261402425,26.692966618755932,3525.7393162846565,7.246033728122711,213.76330244541168,2138862833,0,1,1,258,404,'YJFJDD','YJFJDD_404'
NOW,122.33050940791153,33.78495531752599,3526.273046195507,5.843122184276581,214.62032598257065,2138862836,3,5,0,258,404,'YJFJDD','YJFJDD_404'
NOW,122.12623162683519,33.8359783968857,3523.8939029574394,8.602325856685638,214.9061228632927,2138862840,4,5,0,260,404,'YJFJDD','YJFJDD_404'
NOW,122.29723185392086,33.7973158944135,3522.31406468153,8.22699236869812,217.8211345076561,2138862841,3,5,0,262,404,'YJFJDD','YJFJDD_404'
NOW,123.64906414870697,33.57354612027055,3524.504708468914,10.976703405380249,218.58955520391464,2138862844,3,4,0,266,404,'YJFJDD','YJFJDD_404'
NOW,121.99783113170281,33.87364023470795,3522.00152271986,8.745537042617798,221.241563975811,2138862848,3,5,1,268,404,'YJFJDD','YJFJDD_404'
NOW,127.43644993427257,31.0424297025773,3523.9571724534035,6.661519765853882,223.20581823587418,2138862848,1,1,1,271,404,'YJFJDD','YJFJDD_404'
NOW,125.25361270015468,32.756888190372415,3526.082459270954,6.172976315021515,223.7250669002533,2138862850,0,0,1,272,404,'YJFJDD','YJFJDD_404'
NOW,127.51892020460217,30.927906944072937,3525.327782213688,6.972688376903534,225.66952288150787,2138862854,5,1,1,276,404,'YJFJDD','YJFJDD_404'
NOW,127.51167662022144,30.301232623105168,3524.758025586605,6.107969045639038,226.70110547542572,2138862856,4,1,1,279,404,'YJFJDD','YJFJDD_404'
NOW,121.37412888593387,33.996261021533776,3527.5512518286705,8.367723226547241,228.55438995361328,2138862856,1,0,0,281,404,'YJFJDD','YJFJDD_404'
NOW,126.63898945746007,31.906448157836778,3526.884077191353,7.610364496707916,230.1741738319397,2138862856,2,5,1,282,404,'YJFJDD','YJFJDD_404'
NOW,127.21398492388661,31.312316271899373,3528.4337364435196,5.308720648288727,230.62951439619064,2138862858,5,1,0,285,404,'YJFJDD','YJFJDD_404'
NOW,126.29339266322783,25.66865853113597,3526.8163892030716,4.920257568359375,231.79294461011887,2138862858,1,1,0,287,404,'YJFJDD','YJFJDD_404'
NOW,124.16599420422055,33.30864899277239,3527.4308174848557,4.383414328098297,233.5503744482994,2138862862,2,1,0,291,404,'YJFJDD','YJFJDD_404'
NOW,127.28385039325701,28.438502031044553,3528.2338851690292,3.5593578219413757,235.16010230779648,2138862862,5,3,0,291,404,'YJFJDD','YJFJDD_404'
NOW,126.95366814582373,27.805493575987743,3528.154591202736,1.7221729159355164,236.5705868601799,2138862865,5,4,1,295,404,'YJFJDD','YJFJDD_404'
NOW,127.39663160141725,29.138642915163757,3527.349718928337,4.221663177013397,236.8672270178795,2138862866,2,3,1,297,404,'YJFJDD','YJFJDD_404'
NOW,125.005087825118,32.86251680042051,3526.635043799877,3.4078879356384277,237.41565972566605,2138862866,1,1,1,297,404,'YJFJDD','YJFJDD_404'
NOW,123.9229411554796,33.41799136501567,3524.2509955763817,3.472902536392212,239.4060600399971,2138862868,1,3,0,297,404,'YJFJDD','YJFJDD_404'
NOW,127.51644251177781,30.2806943982704,3525.0249049663544,2.3580164909362793,239.9212532043457,2138862872,5,5,1,301,404,'YJFJDD','YJFJDD_404'
NOW,125.75515979920647,32.52662983789433,3525.6904636621475,0.47156810760498047,241.8662028312683,2138862873,5,4,1,305,404,'YJFJDD','YJFJDD_404'
NOW,127.401219898858,29.16033912310983,3525.823961496353,2.0126566886901855,243.23061323165894,2138862873,2,1,1,306,404,'YJFJDD','YJFJDD_404'
NOW,121.74655731804387,33.921216721636895,3524.860911488533,2.976077914237976,243.76906061172485,2138862876,3,4,1,309,404,'YJFJDD','YJFJDD_404'
NOW,127.23995065438629,28.37571146131762,3525.9873102903366,1.9974149465560913,245.73717856407166,2138862877,1,0,0,311,404,'YJFJDD','YJFJDD_404'
NOW,126.4612091511579,26.472080494493955,3525.6081879138947,0.09639847278594971,246.2819486260414,2138862881,4,5,0,313,404,'YJFJDD','YJFJDD_404'
NOW,126.58433489672285,26.83301498351953,3524.794801235199,0.9839675426483154,247.67162400484085,2138862885,1,3,1,314,404,'YJFJDD','YJFJDD_404'
NOW,125.42082359865547,32.66860090968674,3524.7031138539314,0.4079054594039917,248.1821910738945,2138862886,1,1,1,314,404,'YJFJDD','YJFJDD_404'
NOW,127.2958587432495,28.489815659014962,3524.516780614853,1.5319786071777344,250.40397995710373,2138862888,5,3,0,314,404,'YJFJDD','YJFJDD_404'
NOW,127.3266509691758,28.708965226709047,3523.2791986465454,0.6944001913070679,250.8673637509346,2138862890,0,2,0,317,404,'YJFJDD','YJFJDD_404'
NOW,126.2982145480039,25.772812947521714,3521.2383217811584,1.9064522981643677,252.85608679056168,2138862890,1,0,0,319,404,'YJFJDD','YJFJDD_404'
NOW,125.41676734680703,32.67076483358921,3519.8520789146423,1.0411089658737183,253.55415225028992,2138862892,4,1,0,320,404,'YJFJDD','YJFJDD_404'
NOW,126.45777203914537,32.04719590213663,3520.4749332666397,0.570268452167511,254.0234803557396,2138862893,3,5,1,320,404,'YJFJDD','YJFJDD_404'
NOW,127.4726671259107,29.772614707663664,3523.0320097208023,1.6769673228263855,255.98277431726456,2138862893,1,1,1,323,404,'YJFJDD','YJFJDD_404'
NOW,127.14333177110062,28.179285372872247,3521.518436074257,2.8846734166145325,258.1430671811104,2138862896,5,0,1,326,404,'YJFJDD','YJFJDD_404'
NOW,127.50611335738255,30.471307536530393,3518.8483194112778,2.3188140392303467,259.9382694363594,2138862896,5,0,1,327,404,'YJFJDD','YJFJDD_404'
NOW,122.36876284410087,33.7809274437388,3518.650918483734,2.0738688111305237,261.7455216050148,2138862898,4,3,0,329,404,'YJFJDD','YJFJDD_404'
NOW,127.40569163472821,31.08661286917837,3518.27790081501,0.8182987570762634,264.1830638051033,2138862899,5,3,1,333,404,'YJFJDD','YJFJDD_404'
NOW,125.71888137353547,32.53682811666579,3518.6063655614853,0.7091278433799744,265.48995596170425,2138862900,3,5,1,337,404,'YJFJDD','YJFJDD_404'
NOW,126.32917641804038,32.139977255367505,3515.7484160661697,1.5808432698249817,266.4941137433052,2138862903,2,5,1,340,404,'YJFJDD','YJFJDD_404'
NOW,121.85105419833056,33.90213782901092,3513.4922448396683,3.550438702106476,266.79379320144653,2138862904,4,1,1,342,404,'YJFJDD','YJFJDD_404'
NOW,127.51538076027937,30.309149173493864,3511.1958137750626,2.753024935722351,266.98174971342087,2138862906,5,1,1,344,404,'YJFJDD','YJFJDD_404'
NOW,122.19326136920223,33.826089780856336,3511.8246328234673,2.8751553893089294,269.1206559538841,2138862907,4,5,1,344,404,'YJFJDD','YJFJDD_404'
NOW,121.75253894782624,33.92845108437607,3514.1643251776695,5.077721059322357,270.59934812784195,2138862910,1,3,1,346,404,'YJFJDD','YJFJDD_404'
NOW,127.4497656290609,31.033721095765635,3513.984551548958,3.4428077340126038,273.5544481873512,2138862913,5,1,0,347,404,'YJFJDD','YJFJDD_404'
NOW,122.51157851327284,33.75640414054827,3516.176985859871,4.097463428974152,273.84432023763657,2138862913,4,4,0,350,404,'YJFJDD','YJFJDD_404'
NOW,124.25754823909543,33.25756645264957,3513.3200701475143,4.655014216899872,275.5365507006645,2138862913,2,3,1,350,404,'YJFJDD','YJFJDD_404'
NOW,122.38824408421378,33.780302074852465,3511.147999405861,5.134421706199646,277.91499346494675,2138862914,3,3,1,353,404,'YJFJDD','YJFJDD_404'
NOW,126.83385501229849,27.47902875246944,3508.8280683755875,2.664322257041931,278.9795625805855,2138862914,5,4,0,357,404,'YJFJDD','YJFJDD_404'
NOW,126.0600810245045,32.35673313943932,3506.392171025276,2.1602320075035095,281.6379848122597,2138862914,3,4,0,360,404,'YJFJDD','YJFJDD_404'
NOW,127.35842944390335,28.864367428678634,3505.991021990776,2.288780093193054,282.317717730999,2138862915,5,1,0,361,404,'YJFJDD','YJFJDD_404'
NOW,126.51025042786041,26.611028035581576,3503.1664847135544,3.0231317281723022,284.7983538508415,2138862918,4,0,1,362,404,'YJFJDD','YJFJDD_404'
NOW,126.29621440973301,25.84730996936267,3503.751336991787,1.3841578960418701,287.77053731679916,2138862921,1,4,1,363,404,'YJFJDD','YJFJDD_404'
NOW,127.19419844570703,28.281208714159938,3500.7570838332176,0.8746554851531982,290.3840255141258,2138862921,2,1,1,366,404,'YJFJDD','YJFJDD_404'
NOW,124.88924333478303,32.91956658091977,3500.4825300574303,0.10538309812545776,291.27821213006973,2138862921,2,4,0,369,404,'YJFJDD','YJFJDD_404'
NOW,127.35448861435975,31.16214456596189,3498.2508587241173,1.630054771900177,293.8703766465187,2138862923,5,5,0,372,404,'YJFJDD','YJFJDD_404'
NOW,123.7456365513321,33.524681349438005,3501.088118493557,0.15049821138381958,295.33776062726974,2138862927,1,2,0,375,404,'YJFJDD','YJFJDD_404'
NOW,124.38354470239196,33.18311458179576,3502.0167895555496,1.6261780858039856,296.9393793940544,2138862927,1,0,1,376,404,'YJFJDD','YJFJDD_404'
NOW,126.16163509976262,32.274852799977296,3502.910882651806,3.6758373379707336,299.6632806658745,2138862931,0,2,0,380,404,'YJFJDD','YJFJDD_404'
NOW,127.2247343295767,28.350510136903925,3502.402129113674,0.6957340836524963,300.4586412906647,2138862935,0,4,0,384,404,'YJFJDD','YJFJDD_404'
NOW,122.16848229706281,33.82380016128468,3503.3643120527267,0.5900035500526428,302.8399097919464,2138862939,2,1,1,385,404,'YJFJDD','YJFJDD_404'
NOW,127.52611047428331,30.75590549524533,3501.773160815239,2.376246154308319,304.9770586490631,2138862941,4,1,1,389,404,'YJFJDD','YJFJDD_404'
NOW,125.38125964726022,32.683946228239705,3500.4555617570877,2.942199230194092,306.6810927391052,2138862944,2,5,1,389,404,'YJFJDD','YJFJDD_404'
NOW,127.42543040740613,29.36712547895035,3500.239493370056,0.010508060455322266,306.79115664958954,2138862944,2,4,0,389,404,'YJFJDD','YJFJDD_404'
NOW,127.43480825835064,29.497439998750842,3501.918140411377,0.26921969652175903,309.3301156759262,2138862945,4,4,0,391,404,'YJFJDD','YJFJDD_404'
NOW,125.73257182895946,32.5263113011666,3501.986062705517,2.144103229045868,310.1233067512512,2138862949,1,2,1,392,404,'YJFJDD','YJFJDD_404'
NOW,126.52178614697989,26.628922149665833,3500.820526301861,0.3857908844947815,311.7328026294708,2138862950,3,5,1,392,404,'YJFJDD','YJFJDD_404'
NOW,127.51256585259064,30.293408765584637,3501.6257066726685,1.338192880153656,312.85124158859253,2138862951,2,5,1,394,404,'YJFJDD','YJFJDD_404'
NOW,124.72331321497016,33.00751813394599,3499.2337050437927,2.917027175426483,314.5192458629608,2138862955,3,0,0,394,404,'YJFJDD','YJFJDD_404'
NOW,122.34380105616181,33.77781433297277,3497.521919608116,5.3479043841362,316.89144349098206,2138862959,3,2,0,396,404,'YJFJDD','YJFJDD_404'
NOW,125.05639229386351,32.83442795095013,3494.6986931562424,3.7350022196769714,319.03295969963074,2138862960,1,5,0,396,404,'YJFJDD','YJFJDD_404'
NOW,122.60832350761656,33.730619506669804,3494.0070038437843,2.684994399547577,321.0678632259369,2138862964,0,1,1,399,404,'YJFJDD','YJFJDD_404'
NOW,127.23684085868824,28.37143829290569,3491.32269436121,5.3387317061424255,323.72488236427307,2138862968,0,3,0,400,404,'YJFJDD','YJFJDD_404'
NOW,126.7998285234028,27.376771192126743,3493.8638895154,6.919181525707245,326.14711570739746,2138862972,5,4,1,400,404,'YJFJDD','YJFJDD_404'
NOW,127.50607393728379,30.549667363700998,3491.0398736596107,7.306680619716644,328.6432468891144,2138862976,2,0,0,404,404,'YJFJDD','YJFJDD_404'
NOW,122.33339472515067,33.79594830145168,3493.6508129239082,8.533957660198212,330.3816419839859,2138862979,4,1,0,405,404,'YJFJDD','YJFJDD_404'
NOW,126.9246812661505,27.754974326006998,3492.0443871617317,10.636796653270721,331.9061276912689,2138862983,4,3,0,406,404,'YJFJDD','YJFJDD_404'
NOW,127.00497874395235,31.55799049714816,3493.9080105423927,13.190288722515106,332.3730611205101,2138862986,3,1,0,409,404,'YJFJDD','YJFJDD_404'
NOW,124.23918280190324,33.252264138279486,3491.3494949936867,12.412578284740448,333.1819688677788,2138862990,4,5,1,410,404,'YJFJDD','YJFJDD_404'
NOW,124.25375861321041,33.25454346411436,3488.9133835434914,10.66920679807663,334.53246504068375,2138862992,4,5,0,412,404,'YJFJDD','YJFJDD_404'
NOW,126.61868865715287,26.929914624196243,3490.12207955122,9.71980905532837,337.03399139642715,2138862994,5,0,0,415,404,'YJFJDD','YJFJDD_404'
NOW,122.49927455579211,33.74367479932262,3489.732874393463,8.904392838478088,337.24774807691574,2138862998,5,1,0,416,404,'YJFJDD','YJFJDD_404'
NOW,127.26144395390844,28.41772684860039,3486.965271949768,10.207286596298218,339.2205519080162,2138863002,2,1,1,417,404,'YJFJDD','YJFJDD_404'
NOW,122.68149492377047,33.71577711950252,3488.329621553421,9.680704593658447,339.46755760908127,2138863002,3,0,1,421,404,'YJFJDD','YJFJDD_404'
NOW,127.31567897919382,31.202565905998437,3486.5526518821716,10.738240242004395,339.4827151298523,2138863003,0,5,1,424,404,'YJFJDD','YJFJDD_404'
NOW,127.50422622215967,30.220495887755852,3486.8162200450897,11.440803587436676,340.07004380226135,2138863003,1,0,1,427,404,'YJFJDD','YJFJDD_404'
NOW,127.31062520189516,28.544435086673225,3489.496854543686,13.329005777835846,342.07271790504456,2138863006,2,3,1,427,404,'YJFJDD','YJFJDD_404'
NOW,127.16338623663682,28.20898370800606,3489.3708651065826,14.262857973575592,342.80811953544617,2138863006,4,0,0,429,404,'YJFJDD','YJFJDD_404'
NOW,127.52446303564903,30.954861791536732,3488.7752240896225,14.40222305059433,345.57504510879517,2138863008,4,1,1,432,404,'YJFJDD','YJFJDD_404'
NOW,122.30770599384181,33.794070839698314,3491.3853744268417,14.115657091140747,348.18011569976807,2138863008,5,3,1,432,404,'YJFJDD','YJFJDD_404'
NOW,127.51590801295106,30.571785066845166,3494.2376486063004,15.876512050628662,350.03869247436523,2138863010,5,4,0,432,404,'YJFJDD','YJFJDD_404'
NOW,124.83822770472165,32.94403806760787,3496.708125472069,15.746916472911835,351.7365012168884,2138863013,2,2,0,436,404,'YJFJDD','YJFJDD_404'
NOW,121.69563401115781,33.92688074082434,3495.04048204422,14.724702537059784,354.4577395915985,2138863016,3,1,1,436,404,'YJFJDD','YJFJDD_404'
NOW,125.51272035280151,32.64187884509275,3493.1446075439453,15.835250437259674,357.01373505592346,2138863016,5,0,0,437,404,'YJFJDD','YJFJDD_404'
NOW,122.86455023012273,33.68995851940399,3493.177166879177,14.46191555261612,357.6980622410774,2138863017,2,2,1,439,404,'YJFJDD','YJFJDD_404'
NOW,124.05078524256373,33.35749612985222,3490.4443098902702,14.239664852619171,360.0539866089821,2138863020,4,4,0,439,404,'YJFJDD','YJFJDD_404'
NOW,126.57138917189997,26.75273405237426,3488.177189052105,11.878706514835358,362.18906527757645,2138863023,0,2,0,440,404,'YJFJDD','YJFJDD_404'
NOW,127.18171684169633,31.35254462497385,3488.52965760231,13.107454121112823,362.6190564632416,2138863026,1,2,1,441,404,'YJFJDD','YJFJDD_404'
NOW,126.54874765073083,31.96972210818527,3487.744077563286,10.352026522159576,364.51706051826477,2138863030,5,0,1,441,404,'YJFJDD','YJFJDD_404'
NOW,126.29337966466103,25.496393124428586,3486.7139295339584,13.30344444513321,365.5379446744919,2138863033,3,5,1,442,404,'YJFJDD','YJFJDD_404'
NOW,122.95992797762743,33.67478328395255,3488.1489481925964,15.301497519016266,365.7558611035347,2138863033,3,3,1,446,404,'YJFJDD','YJFJDD_404'
NOW,122.2576820787972,33.804623659504934,3486.3056774139404,14.101588070392609,365.8043109178543,2138863037,5,3,0,450,404,'YJFJDD','YJFJDD_404'
NOW,127.45469985589367,29.587812035569616,3486.491746366024,16.69990473985672,366.2972864508629,2138863041,1,4,0,451,404,'YJFJDD','YJFJDD_404'
NOW,127.28371283506583,31.246284981728202,3487.759783446789,18.51754802465439,367.45112389326096,2138863045,0,1,1,454,404,'YJFJDD','YJFJDD_404'
NOW,127.52371515117929,30.88077468948076,3488.1682060956955,20.685682237148285,369.08142298460007,2138863049,1,1,1,454,404,'YJFJDD','YJFJDD_404'
NOW,123.3029103783555,33.648116497581476,3490.661569237709,21.26043438911438,371.77244156599045,2138863049,0,5,1,455,404,'YJFJDD','YJFJDD_404'
NOW,126.87473402976053,27.57756934726185,3488.3005417585373,19.29552149772644,372.1951081752777,2138863050,0,4,1,459,404,'YJFJDD','YJFJDD_404'
NOW,126.5560037714342,26.722756411455627,3485.3481229543686,17.245721340179443,374.8265874385834,2138863054,2,3,0,460,404,'YJFJDD','YJFJDD_404'
NOW,126.65646605904563,31.89437902958767,3482.830036997795,19.33295702934265,375.4782716035843,2138863056,4,2,1,461,404,'YJFJDD','YJFJDD_404'
NOW,122.70865535843848,33.69987634249219,3483.2664152383804,16.41608715057373,378.32236683368683,2138863058,0,2,0,465,404,'YJFJDD','YJFJDD_404'
NOW,122.36147460210185,33.77727255223477,3485.1485944986343,16.720316886901855,380.15279948711395,2138863058,0,5,0,465,404,'YJFJDD','YJFJDD_404'
NOW,127.37595174997607,28.944737148155774,3482.3779500722885,14.293087720870972,381.2674787044525,2138863060,2,2,0,466,404,'YJFJDD','YJFJDD_404'
NOW,124.80856933726028,32.97255173845474,3480.7224212884903,14.964998245239258,382.1014486551285,2138863064,2,4,0,466,404,'YJFJDD','YJFJDD_404'
NOW,127.51022111210982,30.550400862858538,3482.3036955595016,13.665906071662903,384.4060755968094,2138863068,4,5,1,466,404,'YJFJDD','YJFJDD_404'
NOW,126.67742642213729,27.097910436364316,3481.050152897835,14.971425533294678,386.08199059963226,2138863069,3,5,0,469,404,'YJFJDD','YJFJDD_404'
NOW,123.58977751235027,33.59682908318353,3479.322407245636,12.790057182312012,388.2565702199936,2138863073,2,2,0,472,404,'YJFJDD','YJFJDD_404'
NOW,127.47944095406726,29.85034827991542,3481.266767501831,10.726044416427612,389.82285511493683,2138863077,0,3,0,476,404,'YJFJDD','YJFJDD_404'
NOW,127.50261055223783,30.24124324948899,3480.1942055225372,11.80089545249939,390.83144438266754,2138863081,4,0,1,476,404,'YJFJDD','YJFJDD_404'
NOW,126.68110860281183,27.07787845231399,3482.8130502700806,9.74912691116333,391.0480864048004,2138863085,5,1,1,480,404,'YJFJDD','YJFJDD_404'
NOW,127.13518542294092,31.416598697591844,3485.299570083618,9.385219275951385,391.066703081131,2138863088,0,3,1,481,404,'YJFJDD','YJFJDD_404'
NOW,127.3014514896877,31.218747622838126,3488.0940175056458,12.101277768611908,394.06456756591797,2138863090,3,3,0,483,404,'YJFJDD','YJFJDD_404'
NOW,123.5747255900115,33.605073858980276,3487.7720519304276,11.220398843288422,395.7010750770569,2138863092,3,3,1,487,404,'YJFJDD','YJFJDD_404'
NOW,127.52385998933708,30.961148506401027,3485.652044892311,11.735610961914062,397.8879277706146,2138863092,4,3,0,491,404,'YJFJDD','YJFJDD_404'
NOW,126.42125802860862,26.325342538023204,3486.065850198269,12.99089801311493,400.15866589546204,2138863092,2,1,0,493,404,'YJFJDD','YJFJDD_404'
NOW,126.15328317906823,32.28252540113727,3487.834448993206,12.203797519207,400.828064262867,2138863092,5,4,1,493,404,'YJFJDD','YJFJDD_404'
NOW,126.39642647963335,26.247043840889443,3485.431446492672,9.446645438671112,402.6813753247261,2138863094,4,2,0,497,404,'YJFJDD','YJFJDD_404'
NOW,122.55172745024046,33.73705863042991,3483.526675760746,12.000367820262909,405.15076237916946,2138863095,5,4,0,501,404,'YJFJDD','YJFJDD_404'
NOW,126.94648135071257,31.636687138540083,3485.971910774708,12.192078530788422,405.5242397785187,2138863099,3,4,1,501,404,'YJFJDD','YJFJDD_404'
NOW,125.36919138586333,32.7036947508653,3487.499142229557,11.955713152885437,407.0978248119354,2138863101,0,5,0,503,404,'YJFJDD','YJFJDD_404'
NOW,125.08937985203256,32.81928224982283,3485.5379641652107,9.50566279888153,407.2555240392685,2138863102,0,3,1,505,404,'YJFJDD','YJFJDD_404'
NOW,126.44130147965379,26.371259164100234,3486.659211933613,9.691296339035034,408.57646358013153,2138863104,3,1,1,505,404,'YJFJDD','YJFJDD_404'
NOW,126.25889335272818,32.19403219385807,3487.1070601940155,8.023478984832764,410.4512457847595,2138863107,5,3,0,506,404,'YJFJDD','YJFJDD_404'
NOW,126.04104237554644,32.353051228911056,3487.003740787506,10.824684381484985,412.2335811853409,2138863111,1,0,1,507,404,'YJFJDD','YJFJDD_404'
NOW,122.62514302110252,33.72964711892707,3485.7473500967026,11.863056659698486,412.3930803537369,2138863113,0,4,1,507,404,'YJFJDD','YJFJDD_404'
NOW,127.46644162898237,29.716238237350595,3483.916759133339,9.23857831954956,415.14621698856354,2138863115,5,1,1,507,404,'YJFJDD','YJFJDD_404'
NOW,125.10234989263591,32.82671100781163,3484.046821773052,10.423606872558594,417.10637533664703,2138863115,4,0,0,508,404,'YJFJDD','YJFJDD_404'
NOW,122.8716382883376,33.692907182669586,3485.0521489977837,12.154449582099915,419.240931391716,2138863115,1,1,1,509,404,'YJFJDD','YJFJDD_404'
NOW,127.39296981366687,29.07574900666814,3487.652934253216,14.87958014011383,420.9244935512543,2138863117,5,2,0,511,404,'YJFJDD','YJFJDD_404'
NOW,127.46679842826813,29.749906169758805,3487.8842899799347,17.037428975105286,423.2193720340729,2138863121,2,2,0,514,404,'YJFJDD','YJFJDD_404'
NOW,124.86984378519965,32.94054359090495,3487.7414600253105,15.023253560066223,423.9892693758011,2138863125,0,5,1,516,404,'YJFJDD','YJFJDD_404'
NOW,122.04066514850713,33.85279354935548,3485.3101920485497,17.732940316200256,424.390985250473,2138863129,1,5,0,519,404,'YJFJDD','YJFJDD_404'
NOW,124.33080337784857,33.20591426606728,3483.042421042919,18.122056782245636,425.26785230636597,2138863129,5,3,0,520,404,'YJFJDD','YJFJDD_404'
NOW,125.24507806985424,32.74806496654704,3481.2166907191277,19.30392223596573,428.00853204727173,2138863133,4,0,1,520,404,'YJFJDD','YJFJDD_404'
NOW,125.10982535035681,32.80927666584059,3482.7193700671196,17.079534590244293,429.3572611808777,2138863137,4,2,0,522,404,'YJFJDD','YJFJDD_404'
NOW,127.45728203501389,31.017266319180518,3480.7538909316063,19.11242800951004,430.24548202753067,2138863138,2,1,1,524,404,'YJFJDD','YJFJDD_404'
NOW,124.60094996292983,33.069653368022436,3479.1239271759987,16.45384532213211,430.265909910202,2138863138,4,5,1,524,404,'YJFJDD','YJFJDD_404'
NOW,126.28792367007848,25.89923600039476,3478.1916936039925,15.77683413028717,431.60460448265076,2138863139,2,2,1,524,404,'YJFJDD','YJFJDD_404'
