NOW,106.81550912419127,39.6370475517655,6017.05078125,98.20056915283203,404.9512939453125,1430675736,5,2,0,0,1001,'SIXTEEN','SIXTEEN_1001'
NOW,107.70680765193273,40.788190461831405,6014.723309993744,96.51566505432129,404.1999864578247,1430675736,2,3,0,4,1001,'SIXTEEN','SIXTEEN_1001'
NOW,102.65927389500018,36.37944873389841,6012.283286333084,93.60527157783508,401.3797221183777,1430675732,1,3,1,8,1001,'SIXTEEN','SIXTEEN_1001'
NOW,102.16726612300302,36.49118737283773,6009.339231014252,95.30175638198853,399.6864700317383,1430675728,4,1,1,11,1001,'SIXTEEN','SIXTEEN_1001'
NOW,106.8012804908318,39.61032631103901,6009.431591451168,96.19484132528305,397.20462918281555,1430675727,3,1,1,13,1001,'SIXTEEN','SIXTEEN_1001'
NOW,107.1353857898673,40.278495210355594,6010.772036850452,96.23213189840317,396.84476828575134,1430675723,3,0,1,13,1001,'SIXTEEN','SIXTEEN_1001'
NOW,108.2448550003232,40.88856839607936,6009.46530431509,94.77887934446335,396.2458294034004,1430675720,3,4,1,14,1001,'SIXTEEN','SIXTEEN_1001'
NOW,102.0904641889627,36.496281851304374,6007.530932605267,94.13995337486267,395.461915910244,1430675717,0,0,0,18,1001,'SIXTEEN','SIXTEEN_1001'
NOW,107.14199439898795,40.27794890018053,6006.215682923794,92.57956218719482,395.1982300877571,1430675713,0,1,1,18,1001,'SIXTEEN','SIXTEEN_1001'
NOW,102.10451617705685,36.49761637773193,6006.083672821522,92.82846331596375,394.0547657608986,1430675709,3,4,0,21,1001,'SIXTEEN','SIXTEEN_1001'
NOW,104.59944344131178,36.94556975061565,6004.2434024214745,91.33682036399841,392.01498275995255,1430675705,3,3,0,21,1001,'SIXTEEN','SIXTEEN_1001'
NOW,103.87891870559461,35.96507838868891,6002.867873370647,90.7379190325737,391.8643676042557,1430675702,2,5,1,25,1001,'SIXTEEN','SIXTEEN_1001'
NOW,101.82147469985242,36.55331927163774,6003.399162471294,90.45556038618088,389.7114146947861,1430675698,5,0,0,28,1001,'SIXTEEN','SIXTEEN_1001'
NOW,104.51239618827009,36.22375988042168,6002.533183395863,88.56840199232101,389.28487157821655,1430675694,3,2,0,29,1001,'SIXTEEN','SIXTEEN_1001'
NOW,106.81075400318764,39.591473998436726,6000.706957876682,91.44778102636337,389.0650364756584,1430675693,5,1,0,31,1001,'SIXTEEN','SIXTEEN_1001'
NOW,106.33533322455462,38.47955885373175,5998.360650599003,89.65470212697983,386.59923881292343,1430675690,4,1,1,34,1001,'SIXTEEN','SIXTEEN_1001'
NOW,104.44807450978136,36.170026198136895,5997.261014640331,88.70225864648819,385.5261854529381,1430675689,2,5,0,36,1001,'SIXTEEN','SIXTEEN_1001'
NOW,104.74573833806639,37.26991697506547,5995.262724339962,90.38759738206863,385.05827140808105,1430675689,3,3,0,39,1001,'SIXTEEN','SIXTEEN_1001'
NOW,102.7465462890379,36.35676637815691,5993.471465528011,87.4468052983284,382.39181423187256,1430675689,5,5,1,39,1001,'SIXTEEN','SIXTEEN_1001'
NOW,107.6054786342005,40.784491490783395,5992.587544977665,84.95895844697952,379.8644292354584,1430675689,4,0,0,39,1001,'SIXTEEN','SIXTEEN_1001'
NOW,106.7662818534157,39.48258427357301,5990.202777445316,87.08349162340164,377.2809007167816,1430675686,1,0,0,40,1001,'SIXTEEN','SIXTEEN_1001'
NOW,103.30696258976675,36.17311416906624,5990.599388539791,87.08559036254883,374.66068506240845,1430675686,5,0,0,41,1001,'SIXTEEN','SIXTEEN_1001'
NOW,102.46740783761248,36.445447203185815,5987.800934255123,88.46271896362305,372.29855728149414,1430675683,3,2,0,45,1001,'SIXTEEN','SIXTEEN_1001'
NOW,104.6136447032145,36.92815634045469,5989.937241733074,88.75535851716995,370.3793411254883,1430675682,2,1,1,48,1001,'SIXTEEN','SIXTEEN_1001'
NOW,106.38008598558227,38.587815744137764,5987.697733342648,90.45485383272171,368.4821844100952,1430675681,0,5,1,50,1001,'SIXTEEN','SIXTEEN_1001'
NOW,105.90286808215504,37.743955798461364,5990.459573209286,89.03407222032547,367.0000276565552,1430675678,2,3,1,51,1001,'SIXTEEN','SIXTEEN_1001'
NOW,107.0485702257567,40.07839633684193,5989.017880499363,89.8795273900032,364.67477893829346,1430675675,2,4,1,52,1001,'SIXTEEN','SIXTEEN_1001'
NOW,102.20056990937518,36.49087628257573,5991.310929119587,92.37427932024002,363.23618614673615,1430675672,4,0,0,53,1001,'SIXTEEN','SIXTEEN_1001'
NOW,103.35500430090806,36.144105149515156,5992.1885840296745,91.40691435337067,360.7436362504959,1430675672,3,5,1,55,1001,'SIXTEEN','SIXTEEN_1001'
NOW,102.15650841659806,36.501502624594245,5990.765909850597,89.08466184139252,359.70900309085846,1430675668,0,0,1,56,1001,'SIXTEEN','SIXTEEN_1001'
NOW,103.29585778514081,36.16430483204368,5988.448792159557,88.86053788661957,359.4802698493004,1430675666,5,1,0,56,1001,'SIXTEEN','SIXTEEN_1001'
NOW,103.20092501837463,36.209913918805164,5986.7794842123985,87.90095311403275,358.0074972510338,1430675662,4,2,0,58,1001,'SIXTEEN','SIXTEEN_1001'
NOW,106.62117159104925,39.045379156519274,5988.111921608448,86.64301162958145,356.29119569063187,1430675660,2,4,1,59,1001,'SIXTEEN','SIXTEEN_1001'
NOW,104.3388049042433,36.053776450250545,5988.820418179035,87.3909443616867,354.21278697252274,1430675657,3,0,1,61,1001,'SIXTEEN','SIXTEEN_1001'
NOW,108.30289005553186,40.88604214864712,5991.283680021763,85.1864560842514,352.57305866479874,1430675657,5,4,1,65,1001,'SIXTEEN','SIXTEEN_1001'
NOW,107.50577033877661,40.76860982630443,5991.254231154919,84.27117192745209,350.16800409555435,1430675656,5,4,1,67,1001,'SIXTEEN','SIXTEEN_1001'
NOW,106.38122339388626,38.58504112853343,5989.643278062344,86.68482053279877,348.4584200978279,1430675654,2,5,0,69,1001,'SIXTEEN','SIXTEEN_1001'
NOW,105.27553403281007,37.65441566992421,5988.196141421795,85.69318264722824,347.86500585079193,1430675650,2,0,0,72,1001,'SIXTEEN','SIXTEEN_1001'
NOW,101.49776114463334,36.596751885783135,5987.509173333645,85.76422327756882,347.5459563732147,1430675646,4,2,0,74,1001,'SIXTEEN','SIXTEEN_1001'
NOW,104.61058210310883,37.175988227966975,5986.767128229141,83.84288305044174,344.69432401657104,1430675645,3,0,1,74,1001,'SIXTEEN','SIXTEEN_1001'
NOW,105.8551257264498,37.73672016995994,5987.126453757286,84.9288941025734,343.36695432662964,1430675642,1,4,1,77,1001,'SIXTEEN','SIXTEEN_1001'
NOW,102.02965047323626,36.50572209871597,5986.990234196186,84.01401835680008,343.2548758983612,1430675638,0,1,0,78,1001,'SIXTEEN','SIXTEEN_1001'
NOW,104.94913099954341,37.432419933171815,5984.3680475354195,84.37368166446686,341.6711641550064,1430675636,1,1,1,82,1001,'SIXTEEN','SIXTEEN_1001'
NOW,104.4609108892733,36.1804921389491,5981.379646360874,84.25438737869263,340.4365793466568,1430675634,2,4,1,85,1001,'SIXTEEN','SIXTEEN_1001'
NOW,106.75186342427162,39.45935509426947,5979.957701146603,85.64087867736816,340.2594071030617,1430675630,2,1,0,86,1001,'SIXTEEN','SIXTEEN_1001'
NOW,106.78026832215183,39.557605051730974,5977.039938390255,88.15113949775696,339.6942011117935,1430675629,1,1,0,87,1001,'SIXTEEN','SIXTEEN_1001'
NOW,102.8036137740212,36.33346292843195,5978.817355573177,86.28636717796326,337.7108165025711,1430675629,1,2,1,88,1001,'SIXTEEN','SIXTEEN_1001'
NOW,106.48455049419553,38.73745954254403,5978.50129711628,84.55741596221924,336.6478259563446,1430675626,4,0,0,91,1001,'SIXTEEN','SIXTEEN_1001'
NOW,104.8113268801373,37.317645264954834,5979.94758617878,82.09335398674011,335.4923722743988,1430675622,4,3,1,93,1001,'SIXTEEN','SIXTEEN_1001'
NOW,106.16284382371259,38.15981856010836,5977.418209433556,80.23295271396637,332.76487731933594,1430675621,5,1,1,94,1001,'SIXTEEN','SIXTEEN_1001'
NOW,105.06538256374658,37.514786663680624,5976.792503893375,79.16987133026123,332.24363470077515,1430675620,2,3,1,97,1001,'SIXTEEN','SIXTEEN_1001'
NOW,106.8665597104455,39.705839893971714,5975.037666499615,78.60300505161285,330.78072464466095,1430675619,1,5,0,99,1001,'SIXTEEN','SIXTEEN_1001'
NOW,104.62780389724801,37.18600316020814,5976.794493615627,76.35084736347198,329.2347573041916,1430675616,0,1,1,100,1001,'SIXTEEN','SIXTEEN_1001'
NOW,105.68821626087346,37.70940265862844,5974.835934340954,79.01511323451996,328.4145917892456,1430675616,1,0,1,104,1001,'SIXTEEN','SIXTEEN_1001'
NOW,101.84120134346897,36.542733274650764,5973.223569571972,80.2380200624466,325.6342167854309,1430675613,2,2,0,105,1001,'SIXTEEN','SIXTEEN_1001'
NOW,107.25272735195276,40.47272467505103,5970.460387408733,80.18862253427505,324.1292006969452,1430675609,4,3,0,106,1001,'SIXTEEN','SIXTEEN_1001'
NOW,106.36200359106314,38.53455059560004,5968.545666396618,82.85411363840103,322.11249327659607,1430675606,4,2,0,106,1001,'SIXTEEN','SIXTEEN_1001'
NOW,102.87469649696234,36.311440332162725,5965.948784768581,80.16223126649857,320.98854970932007,1430675602,3,0,1,106,1001,'SIXTEEN','SIXTEEN_1001'
NOW,107.0382576626002,40.0725827453481,5965.2981107234955,82.46866637468338,319.5880663394928,1430675598,1,4,1,107,1001,'SIXTEEN','SIXTEEN_1001'
NOW,104.8895960378417,37.37815663845939,5965.113468706608,81.0002127289772,317.9277262687683,1430675595,1,4,1,109,1001,'SIXTEEN','SIXTEEN_1001'
NOW,107.556152044031,40.76148441191709,5964.24698984623,79.23317271471024,316.1649308204651,1430675593,0,2,1,113,1001,'SIXTEEN','SIXTEEN_1001'
NOW,107.44783733384996,40.755977939118466,5964.235453486443,77.86193770170212,314.4750120639801,1430675593,3,2,0,117,1001,'SIXTEEN','SIXTEEN_1001'
NOW,103.95081932539668,35.93521728164395,5962.058012843132,75.99221962690353,312.3969132900238,1430675593,1,2,1,120,1001,'SIXTEEN','SIXTEEN_1001'
NOW,108.21567189437837,40.88163492219752,5960.600630640984,73.09929651021957,309.654039144516,1430675589,1,0,1,122,1001,'SIXTEEN','SIXTEEN_1001'
NOW,106.81969898197005,39.62011797454237,5960.204601228237,74.56646090745926,308.67496651411057,1430675585,5,4,0,125,1001,'SIXTEEN','SIXTEEN_1001'
NOW,106.64172539452673,39.09593965632425,5957.573460757732,74.11380076408386,306.47508949041367,1430675582,5,4,0,129,1001,'SIXTEEN','SIXTEEN_1001'
NOW,106.84475604728394,39.70267897649401,5956.607544541359,76.08325982093811,305.8134255409241,1430675579,0,3,1,132,1001,'SIXTEEN','SIXTEEN_1001'
NOW,105.4311423628177,37.675086438357496,5958.38563644886,77.97164130210876,304.77876830101013,1430675578,2,1,0,135,1001,'SIXTEEN','SIXTEEN_1001'
NOW,107.34724365762419,40.68212042842226,5955.843855500221,78.01757287979126,304.1928885579109,1430675575,3,2,1,137,1001,'SIXTEEN','SIXTEEN_1001'
NOW,106.5691235905411,38.87513176831465,5952.89441883564,78.80580848455429,302.76719719171524,1430675575,0,2,1,138,1001,'SIXTEEN','SIXTEEN_1001'
NOW,107.1635888428866,40.31197048180914,5950.054381966591,81.07172292470932,300.6233280301094,1430675574,0,4,0,139,1001,'SIXTEEN','SIXTEEN_1001'
NOW,106.73307951150596,39.39441142277152,5951.023809373379,80.11077129840851,299.5526652932167,1430675573,3,0,0,143,1001,'SIXTEEN','SIXTEEN_1001'
NOW,105.68970466110352,37.72286809527725,5953.084537923336,80.43144994974136,298.8873356580734,1430675569,1,2,0,146,1001,'SIXTEEN','SIXTEEN_1001'
NOW,104.22243971557678,35.96547026763154,5950.391175687313,79.16274577379227,295.9699054956436,1430675566,2,1,0,149,1001,'SIXTEEN','SIXTEEN_1001'
NOW,104.29424185437223,36.01330381949863,5950.695511817932,78.00079447031021,293.113339304924,1430675565,3,5,1,152,1001,'SIXTEEN','SIXTEEN_1001'
NOW,105.43402724114424,37.67664547395518,5949.388455271721,76.31305795907974,290.81482326984406,1430675564,3,4,0,154,1001,'SIXTEEN','SIXTEEN_1001'
NOW,104.5562232385855,36.245581201494964,5947.712670087814,74.82011300325394,288.15067923069,1430675563,5,3,0,158,1001,'SIXTEEN','SIXTEEN_1001'
NOW,106.30937841406204,38.430377238673834,5950.4954397678375,75.97733849287033,287.3536640405655,1430675562,0,4,1,162,1001,'SIXTEEN','SIXTEEN_1001'
NOW,102.80129480731757,36.337293545055225,5947.988088607788,78.47937434911728,286.0375052690506,1430675559,2,3,1,163,1001,'SIXTEEN','SIXTEEN_1001'
NOW,101.6846534464147,36.5750240299326,5949.079018473625,77.55116873979568,283.24961960315704,1430675555,1,5,1,163,1001,'SIXTEEN','SIXTEEN_1001'
NOW,107.22821339273473,40.44801151204619,5950.366456627846,76.33736222982407,282.8393208384514,1430675552,0,2,1,163,1001,'SIXTEEN','SIXTEEN_1001'
NOW,106.51198643254159,38.81653066339827,5951.854304432869,76.16490012407303,280.27627152204514,1430675552,4,3,1,164,1001,'SIXTEEN','SIXTEEN_1001'
NOW,105.06309769647595,37.51722583810427,5953.545191168785,74.28549438714981,278.23093551397324,1430675548,5,4,0,164,1001,'SIXTEEN','SIXTEEN_1001'
NOW,104.63394184538048,37.17929233106862,5951.817975640297,74.38377463817596,277.06646198034286,1430675548,4,2,1,168,1001,'SIXTEEN','SIXTEEN_1001'
NOW,105.31894168192169,37.65319936494378,5949.802687525749,73.4754164814949,274.941631257534,1430675546,2,4,0,169,1001,'SIXTEEN','SIXTEEN_1001'
NOW,107.20331150551435,40.378857707910754,5948.6955724954605,75.80679875612259,273.0148941874504,1430675545,2,0,1,170,1001,'SIXTEEN','SIXTEEN_1001'
NOW,106.06891575591241,37.970608646697436,5946.798298716545,75.68974429368973,272.0899583697319,1430675544,3,2,1,171,1001,'SIXTEEN','SIXTEEN_1001'
NOW,105.60532204686812,37.700459930530236,5946.378632962704,75.20850843191147,269.8812090754509,1430675544,5,4,0,174,1001,'SIXTEEN','SIXTEEN_1001'
NOW,106.81994464820798,39.627791552915276,5945.842168986797,74.22322684526443,268.07304042577744,1430675544,3,5,0,176,1001,'SIXTEEN','SIXTEEN_1001'
NOW,106.61341754023671,39.02771450350026,5947.157448112965,76.33810812234879,267.7189071178436,1430675544,3,2,0,177,1001,'SIXTEEN','SIXTEEN_1001'
NOW,105.1814816256302,37.602574906291785,5945.058751881123,76.30270421504974,265.01192021369934,1430675541,2,0,0,181,1001,'SIXTEEN','SIXTEEN_1001'
NOW,104.65143570588324,36.54083955765132,5942.222999870777,76.80904752016068,264.62758880853653,1430675539,3,5,1,183,1001,'SIXTEEN','SIXTEEN_1001'
NOW,102.9817897444649,36.26751881284569,5942.1303433179855,76.61199456453323,261.8093743920326,1430675538,4,5,1,187,1001,'SIXTEEN','SIXTEEN_1001'
NOW,102.40782970553468,36.46281559135768,5942.371706902981,79.170723259449,261.4840789437294,1430675534,1,0,1,189,1001,'SIXTEEN','SIXTEEN_1001'
NOW,104.78508152010076,37.29928804253032,5940.459440171719,79.90943437814713,259.4279211163521,1430675530,5,1,0,191,1001,'SIXTEEN','SIXTEEN_1001'
NOW,106.59329050172563,38.94622586286566,5939.0395631194115,80.1250147819519,256.5826261639595,1430675526,2,3,0,195,1001,'SIXTEEN','SIXTEEN_1001'
NOW,103.12582916824628,36.233170735457875,5939.698313653469,83.02961730957031,254.02091890573502,1430675526,2,5,1,199,1001,'SIXTEEN','SIXTEEN_1001'
NOW,102.06281230235315,36.51225713842033,5941.33142799139,82.88659584522247,252.79757004976273,1430675522,5,2,1,202,1001,'SIXTEEN','SIXTEEN_1001'
NOW,107.44465879236031,40.747449716346374,5940.56199234724,81.90642833709717,252.60225409269333,1430675520,2,5,0,205,1001,'SIXTEEN','SIXTEEN_1001'
NOW,106.44499967288121,38.665202910520165,5941.367573082447,82.53358083963394,251.32746690511703,1430675517,4,0,0,207,1001,'SIXTEEN','SIXTEEN_1001'
NOW,106.48661367634763,38.773992425531574,5943.470522463322,83.38738340139389,249.15003889799118,1430675515,5,1,1,209,1001,'SIXTEEN','SIXTEEN_1001'
NOW,106.8677676657614,39.74688552821952,5945.960984528065,81.45514959096909,247.73852962255478,1430675515,1,2,1,211,1001,'SIXTEEN','SIXTEEN_1001'
NOW,106.2677461116262,38.37834740799397,5948.8840735554695,80.68930685520172,247.63221830129623,1430675515,5,0,0,212,1001,'SIXTEEN','SIXTEEN_1001'
NOW,107.34363226131842,40.65179346648743,5947.926600575447,79.63317561149597,245.3785461783409,1430675514,4,2,0,213,1001,'SIXTEEN','SIXTEEN_1001'
NOW,103.11205087196626,36.23217413533912,5947.469602227211,79.30762946605682,243.0256227850914,1430675513,2,2,1,217,1001,'SIXTEEN','SIXTEEN_1001'
NOW,104.96586816149126,37.428523946610596,5948.944688796997,78.86308443546295,240.75883048772812,1430675511,3,5,1,218,1001,'SIXTEEN','SIXTEEN_1001'
NOW,101.95226353589094,36.51669583791383,5948.412841081619,80.0694967508316,240.52165919542313,1430675511,0,3,1,222,1001,'SIXTEEN','SIXTEEN_1001'
NOW,104.50364094595054,36.20224212856509,5949.032338023186,77.36953747272491,239.55971783399582,1430675510,3,3,1,224,1001,'SIXTEEN','SIXTEEN_1001'
NOW,104.60417491141206,36.91976714910341,5951.130310893059,74.92417824268341,238.81891512870789,1430675510,5,1,1,227,1001,'SIXTEEN','SIXTEEN_1001'
NOW,106.84155973911726,39.6539151429037,5948.80285680294,76.9287029504776,236.14962768554688,1430675508,1,5,0,231,1001,'SIXTEEN','SIXTEEN_1001'
NOW,106.83533070158165,39.67980929398785,5946.640858054161,78.178582072258,235.8710459470749,1430675507,1,1,0,235,1001,'SIXTEEN','SIXTEEN_1001'
NOW,101.99527540207662,36.52338714092877,5944.985582947731,76.33167827129364,235.16998624801636,1430675506,4,1,0,238,1001,'SIXTEEN','SIXTEEN_1001'
NOW,101.72564392595288,36.5556165405938,5946.508768200874,75.05525124073029,233.95258355140686,1430675502,3,5,1,241,1001,'SIXTEEN','SIXTEEN_1001'
NOW,108.20348406965248,40.87529513020577,5943.8591965436935,74.61312180757523,232.9167971611023,1430675502,3,2,0,241,1001,'SIXTEEN','SIXTEEN_1001'
NOW,106.79856377307908,39.564854156124866,5941.321095108986,76.56814926862717,230.8724570274353,1430675498,0,3,0,241,1001,'SIXTEEN','SIXTEEN_1001'
NOW,102.13085699637833,36.49003152035486,5939.295298933983,77.5652397274971,230.44915688037872,1430675496,3,3,1,242,1001,'SIXTEEN','SIXTEEN_1001'
NOW,102.83062545626905,36.328149321023176,5941.512036204338,79.07062238454819,228.4425698518753,1430675496,4,5,1,243,1001,'SIXTEEN','SIXTEEN_1001'
NOW,103.11636337083124,36.23115570866856,5940.1873770952225,80.78214782476425,226.62707269191742,1430675495,0,1,0,246,1001,'SIXTEEN','SIXTEEN_1001'
NOW,105.00148277169612,37.4612409182895,5940.213026344776,80.39667057991028,223.6420921087265,1430675494,1,2,0,248,1001,'SIXTEEN','SIXTEEN_1001'
NOW,103.99496927313885,35.92672896436645,5942.521374762058,77.62005114555359,222.70036244392395,1430675491,1,3,1,251,1001,'SIXTEEN','SIXTEEN_1001'
NOW,103.19618304945304,36.19846880061654,5942.138766407967,79.39525437355042,221.34488224983215,1430675487,4,4,0,255,1001,'SIXTEEN','SIXTEEN_1001'
NOW,102.76239026278898,36.34599452092674,5943.309473156929,79.54182493686676,219.05538082122803,1430675485,1,5,0,256,1001,'SIXTEEN','SIXTEEN_1001'
NOW,107.36251816355283,40.704728374377964,5944.0317324995995,76.98736584186554,217.28929316997528,1430675483,0,2,0,259,1001,'SIXTEEN','SIXTEEN_1001'
NOW,101.70703067087636,36.55869187827111,5946.367912709713,77.94280678033829,216.48898547887802,1430675481,1,2,1,260,1001,'SIXTEEN','SIXTEEN_1001'
NOW,104.91324336653675,37.39787472009121,5946.364801704884,76.40787082910538,215.76988399028778,1430675481,3,2,1,262,1001,'SIXTEEN','SIXTEEN_1001'
NOW,108.0253548995717,40.853498195437254,5948.757599413395,77.7927765250206,213.70744264125824,1430675477,4,2,0,263,1001,'SIXTEEN','SIXTEEN_1001'
NOW,104.65057406381774,36.68340022710828,5947.592169940472,77.2518938779831,213.05513280630112,1430675477,0,4,1,267,1001,'SIXTEEN','SIXTEEN_1001'
NOW,106.28378613854179,38.390077266905216,5945.527225673199,76.31702065467834,210.33581680059433,1430675476,4,5,0,269,1001,'SIXTEEN','SIXTEEN_1001'
NOW,105.24394717269328,37.64098526136099,5944.252098977566,73.88464713096619,208.11937135457993,1430675473,2,5,0,273,1001,'SIXTEEN','SIXTEEN_1001'
NOW,104.37302167481774,36.09946877280656,5946.890354335308,75.12027907371521,207.1972125172615,1430675469,5,0,1,277,1001,'SIXTEEN','SIXTEEN_1001'
NOW,107.15291512327956,40.298238601733374,5945.935880959034,73.164635181427,206.18465453386307,1430675465,5,4,1,281,1001,'SIXTEEN','SIXTEEN_1001'
NOW,106.8160093744524,39.645046429828206,5945.61140537262,73.96762865781784,205.30373072624207,1430675461,1,2,0,283,1001,'SIXTEEN','SIXTEEN_1001'
NOW,106.93123814897449,39.830364293250064,5944.883876383305,75.42079228162766,205.12238138914108,1430675461,0,5,1,283,1001,'SIXTEEN','SIXTEEN_1001'
NOW,106.38265784440988,38.56269005706956,5943.320749342442,72.5449029803276,204.32712215185165,1430675457,2,4,1,285,1001,'SIXTEEN','SIXTEEN_1001'
NOW,108.17632648907474,40.870596656118,5943.889143764973,74.73981875181198,203.76605713367462,1430675455,0,2,0,285,1001,'SIXTEEN','SIXTEEN_1001'
NOW,106.57091669471113,38.88416857731531,5946.310334503651,74.12995290756226,201.42767345905304,1430675454,0,4,1,286,1001,'SIXTEEN','SIXTEEN_1001'
NOW,107.2407214675369,40.48341741732647,5949.096108496189,74.33602559566498,201.2375404238701,1430675452,3,2,1,289,1001,'SIXTEEN','SIXTEEN_1001'
NOW,106.61912131489525,39.05360433752779,5951.16985231638,76.86783182621002,199.57339829206467,1430675451,1,3,0,291,1001,'SIXTEEN','SIXTEEN_1001'
NOW,106.59288601873368,38.9640208743682,5949.7138223052025,74.9795423746109,198.9806967973709,1430675450,1,5,1,291,1001,'SIXTEEN','SIXTEEN_1001'
NOW,103.59179951814644,36.057465269906984,5946.887158095837,73.26347935199738,197.36676466464996,1430675450,1,2,0,294,1001,'SIXTEEN','SIXTEEN_1001'
NOW,105.82115608315894,37.74758435764567,5947.534493684769,74.52252662181854,195.60948765277863,1430675448,0,1,0,296,1001,'SIXTEEN','SIXTEEN_1001'
NOW,106.35686018870035,38.53057728571301,5950.0551545619965,74.5414370894432,193.9420701265335,1430675447,3,3,1,300,1001,'SIXTEEN','SIXTEEN_1001'
NOW,101.59902878613417,36.57911435514858,5947.70264172554,73.17132014036179,192.93208920955658,1430675447,3,1,0,300,1001,'SIXTEEN','SIXTEEN_1001'
NOW,107.16479920822556,40.29564153090636,5946.683469891548,73.56973439455032,190.54198276996613,1430675446,1,0,1,302,1001,'SIXTEEN','SIXTEEN_1001'
NOW,106.05673330416425,37.979441661675615,5949.458283543587,72.05414801836014,188.2477046251297,1430675442,5,3,0,304,1001,'SIXTEEN','SIXTEEN_1001'
NOW,107.13977935633204,40.2592324032017,5948.289545297623,71.84517747163773,186.57506048679352,1430675439,1,2,0,306,1001,'SIXTEEN','SIXTEEN_1001'
NOW,102.69300126234558,36.37201614017697,5946.973022937775,70.82332986593246,185.0785015821457,1430675436,4,3,0,308,1001,'SIXTEEN','SIXTEEN_1001'
NOW,108.05541437607833,40.85455493333186,5946.019136965275,69.60906666517258,182.60609757900238,1430675436,2,1,1,311,1001,'SIXTEEN','SIXTEEN_1001'
NOW,106.47749894236085,38.714627721335646,5943.781978189945,67.7612674832344,181.7258176803589,1430675433,5,3,1,315,1001,'SIXTEEN','SIXTEEN_1001'
NOW,107.30536278439357,40.62072246517782,5943.911974132061,67.46387988328934,179.33447289466858,1430675429,5,1,0,315,1001,'SIXTEEN','SIXTEEN_1001'
NOW,105.64317904307768,37.71997318934499,5943.708638191223,66.33073633909225,177.03825497627258,1430675428,5,5,0,318,1001,'SIXTEEN','SIXTEEN_1001'
NOW,105.88259782812689,37.74649979877111,5945.775037288666,65.53339052200317,176.90346378087997,1430675424,2,0,0,320,1001,'SIXTEEN','SIXTEEN_1001'
NOW,104.05839187962206,35.90327456215192,5948.399159193039,63.70392060279846,175.98514014482498,1430675420,4,0,1,321,1001,'SIXTEEN','SIXTEEN_1001'
NOW,103.34812369892842,36.16179104221565,5950.190747857094,64.60339921712875,174.16496402025223,1430675416,2,5,0,322,1001,'SIXTEEN','SIXTEEN_1001'
NOW,107.67098026752605,40.79624856999798,5950.255296289921,64.72890496253967,172.20372742414474,1430675414,5,3,0,326,1001,'SIXTEEN','SIXTEEN_1001'
NOW,107.0368703383726,40.05576372166195,5952.927452623844,62.54516124725342,169.41404885053635,1430675414,1,4,1,326,1001,'SIXTEEN','SIXTEEN_1001'
NOW,105.72242894588902,37.71664497919809,5951.226838886738,63.31324255466461,166.90339893102646,1430675410,1,5,1,326,1001,'SIXTEEN','SIXTEEN_1001'
NOW,106.9616779341026,39.90212676471227,5948.623157083988,66.20146048069,166.5585612654686,1430675406,5,1,0,327,1001,'SIXTEEN','SIXTEEN_1001'
NOW,106.07802764767928,37.99967407669122,5946.020029127598,67.64252090454102,165.50887590646744,1430675404,1,2,1,331,1001,'SIXTEEN','SIXTEEN_1001'
NOW,105.03891227717409,37.49418989748198,5947.297197639942,68.62954199314117,163.89355546236038,1430675400,4,5,0,334,1001,'SIXTEEN','SIXTEEN_1001'
NOW,106.06210535772586,37.96417759152119,5947.2459025383,71.21678602695465,161.81165581941605,1430675398,1,1,1,337,1001,'SIXTEEN','SIXTEEN_1001'
NOW,108.25672510215678,40.87648691109045,5946.736858427525,68.7215963602066,161.12875413894653,1430675397,0,1,0,340,1001,'SIXTEEN','SIXTEEN_1001'
NOW,104.64503031133881,36.58695196022646,5944.834838211536,68.49119246006012,161.05482584238052,1430675395,1,1,0,341,1001,'SIXTEEN','SIXTEEN_1001'
NOW,104.2421013474597,35.99248716434721,5942.151690304279,68.07431048154831,159.7262116074562,1430675393,1,4,1,341,1001,'SIXTEEN','SIXTEEN_1001'
NOW,104.6355824734519,36.73402918687766,5940.365259230137,65.53649991750717,156.82269006967545,1430675389,3,5,1,345,1001,'SIXTEEN','SIXTEEN_1001'
NOW,106.78193478241845,39.55870137335275,5940.199533581734,64.45111054182053,154.0339189171791,1430675385,0,2,0,346,1001,'SIXTEEN','SIXTEEN_1001'
NOW,106.64480348941136,39.12432021354017,5941.117249786854,67.1856786608696,151.17552691698074,1430675384,2,2,1,348,1001,'SIXTEEN','SIXTEEN_1001'
NOW,101.47890370720121,36.6007757251665,5939.303332865238,68.4381577372551,148.75638991594315,1430675384,2,4,0,348,1001,'SIXTEEN','SIXTEEN_1001'
NOW,106.83812812414422,39.64784472196074,5941.876991093159,65.8581468462944,146.53378731012344,1430675381,5,4,1,349,1001,'SIXTEEN','SIXTEEN_1001'
NOW,107.94306198863492,40.825573040056156,5941.672521471977,67.29686611890793,145.01386600732803,1430675379,5,0,1,352,1001,'SIXTEEN','SIXTEEN_1001'
NOW,102.0234459326166,36.506462238821136,5944.617574572563,69.50767773389816,143.2858150601387,1430675376,3,4,1,352,1001,'SIXTEEN','SIXTEEN_1001'
NOW,106.13566151873097,38.13399140918522,5946.351864099503,70.22631269693375,141.45923393964767,1430675372,5,5,1,356,1001,'SIXTEEN','SIXTEEN_1001'
NOW,106.41280134065507,38.63185315891088,5944.127951860428,71.76770776510239,141.04693281650543,1430675369,4,3,1,357,1001,'SIXTEEN','SIXTEEN_1001'
NOW,103.2271383946021,36.19997805464546,5945.6453268527985,68.98677319288254,140.3019558787346,1430675368,5,3,1,361,1001,'SIXTEEN','SIXTEEN_1001'
NOW,106.89280133629711,39.7649770520591,5947.672285318375,68.29842787981033,137.46719831228256,1430675365,0,4,0,362,1001,'SIXTEEN','SIXTEEN_1001'
NOW,104.45146589919848,36.156378251401456,5946.468742728233,67.40204381942749,135.7730364203453,1430675364,5,5,1,366,1001,'SIXTEEN','SIXTEEN_1001'
NOW,104.65713472963809,36.63167821155529,5945.290672540665,64.59192442893982,133.95619720220566,1430675361,1,0,0,368,1001,'SIXTEEN','SIXTEEN_1001'
NOW,106.66617851283691,39.15829943516537,5946.591854810715,65.37493062019348,131.00675481557846,1430675361,2,0,0,368,1001,'SIXTEEN','SIXTEEN_1001'
NOW,106.67456371346981,39.19193414033613,5946.171998977661,62.56972813606262,130.6627949476242,1430675360,3,0,1,372,1001,'SIXTEEN','SIXTEEN_1001'
NOW,104.65635092821204,37.20206657813178,5944.298728823662,65.35830521583557,130.04394513368607,1430675356,0,3,0,372,1001,'SIXTEEN','SIXTEEN_1001'
NOW,106.39000141674944,38.59677134345045,5946.516285061836,66.4428014755249,128.19225579500198,1430675353,1,2,1,374,1001,'SIXTEEN','SIXTEEN_1001'
NOW,105.50391488688187,37.693260806811544,5949.495015740395,65.71071702241898,128.13602167367935,1430675352,3,5,0,376,1001,'SIXTEEN','SIXTEEN_1001'
NOW,103.38198124200059,36.146992551312586,5948.785565376282,64.73402547836304,127.39785343408585,1430675348,5,5,1,377,1001,'SIXTEEN','SIXTEEN_1001'
NOW,106.07314506737694,38.012941877282216,5948.722919523716,63.40858221054077,127.12293112277985,1430675348,3,2,0,380,1001,'SIXTEEN','SIXTEEN_1001'
NOW,106.11468524014298,38.09451267239017,5950.541353046894,64.91353368759155,126.14187061786652,1430675348,4,3,1,380,1001,'SIXTEEN','SIXTEEN_1001'
NOW,107.0457154970505,40.06216537978615,5948.735843718052,62.23182725906372,125.36526310443878,1430675344,4,3,0,383,1001,'SIXTEEN','SIXTEEN_1001'
NOW,105.54634721034436,37.692636388306035,5951.371019423008,62.190964341163635,122.67459213733673,1430675340,0,1,0,386,1001,'SIXTEEN','SIXTEEN_1001'
NOW,106.90984960657828,39.80165599643811,5952.815495789051,61.813488125801086,121.87807029485703,1430675337,0,5,0,388,1001,'SIXTEEN','SIXTEEN_1001'
NOW,107.54631144948188,40.764922687459915,5952.390538036823,61.01357811689377,121.5189157128334,1430675336,2,3,1,392,1001,'SIXTEEN','SIXTEEN_1001'
NOW,107.62887635773112,40.784161435851814,5951.873805463314,58.626714169979095,119.07171183824539,1430675335,0,0,1,392,1001,'SIXTEEN','SIXTEEN_1001'
NOW,103.78847488932439,35.99755105825888,5953.54687422514,56.91238099336624,118.71897184848785,1430675335,5,3,0,395,1001,'SIXTEEN','SIXTEEN_1001'
NOW,104.39478447684269,36.11703215456433,5954.234666824341,59.7837935090065,116.5241619348526,1430675331,2,2,0,398,1001,'SIXTEEN','SIXTEEN_1001'
NOW,102.98060038088666,36.279957579941005,5956.103463768959,59.165870666503906,114.96365463733673,1430675329,5,3,1,401,1001,'SIXTEEN','SIXTEEN_1001'
NOW,106.82272030868144,39.63748463840684,5955.86422252655,57.79088091850281,112.78941833972931,1430675327,5,2,1,405,1001,'SIXTEEN','SIXTEEN_1001'
NOW,107.38958953584574,40.749936861997384,5954.19226360321,59.17206788063049,109.95665991306305,1430675327,4,4,0,406,1001,'SIXTEEN','SIXTEEN_1001'
NOW,107.94712568173163,40.84068431065539,5953.581997573376,58.683166801929474,109.62521880865097,1430675324,3,5,1,410,1001,'SIXTEEN','SIXTEEN_1001'
NOW,106.76256424085379,39.476373391091684,5950.843789279461,57.28699153661728,108.15281814336777,1430675324,5,0,0,411,1001,'SIXTEEN','SIXTEEN_1001'
NOW,104.17298699842922,35.925773868756984,5949.797730267048,56.7623228430748,107.40613943338394,1430675320,1,2,1,411,1001,'SIXTEEN','SIXTEEN_1001'
NOW,107.02907994599869,40.0280874575329,5947.3654935956,56.53778529167175,106.80424278974533,1430675319,2,1,0,415,1001,'SIXTEEN','SIXTEEN_1001'
NOW,106.09411600952075,38.03403944110046,5947.372987508774,55.295716881752014,105.1976278424263,1430675315,1,2,1,415,1001,'SIXTEEN','SIXTEEN_1001'
NOW,106.98110504079237,39.96552828848155,5950.298408985138,53.61214542388916,102.91399890184402,1430675314,5,4,0,416,1001,'SIXTEEN','SIXTEEN_1001'
NOW,107.96059057781247,40.84223715539564,5951.386796832085,52.858186304569244,101.71204334497452,1430675310,5,3,0,419,1001,'SIXTEEN','SIXTEEN_1001'
NOW,104.65899562151557,36.35662194343766,5949.759702324867,52.72065603733063,99.77834624052048,1430675307,5,0,1,420,1001,'SIXTEEN','SIXTEEN_1001'
NOW,102.74703077107762,36.34720267066948,5950.789515733719,50.721831917762756,98.01562350988388,1430675303,2,3,1,423,1001,'SIXTEEN','SIXTEEN_1001'
NOW,104.73432105512845,37.26603576910977,5948.300605535507,49.47874438762665,95.85816234350204,1430675302,4,4,1,424,1001,'SIXTEEN','SIXTEEN_1001'
NOW,107.08359548043694,40.14118416622589,5946.940373659134,46.69349467754364,94.34926718473434,1430675302,1,5,0,426,1001,'SIXTEEN','SIXTEEN_1001'
NOW,104.9451570007229,37.41222068337223,5948.7155747413635,43.8847576379776,92.4515318274498,1430675301,2,1,0,429,1001,'SIXTEEN','SIXTEEN_1001'
NOW,106.65507264094391,39.149587498506236,5946.001693725586,46.46545994281769,91.81530433893204,1430675297,1,5,0,433,1001,'SIXTEEN','SIXTEEN_1001'
NOW,106.0299804987799,37.896352368831856,5948.051969528198,46.14614474773407,90.05890423059464,1430675294,0,1,1,434,1001,'SIXTEEN','SIXTEEN_1001'
NOW,102.91855387862074,36.30013663860363,5947.568955004215,46.69020992517471,89.05551236867905,1430675294,1,4,0,437,1001,'SIXTEEN','SIXTEEN_1001'
NOW,104.65643726178514,36.53742043951438,5948.918780982494,43.726063787937164,88.52746784687042,1430675291,0,3,1,438,1001,'SIXTEEN','SIXTEEN_1001'
NOW,105.66410647736438,37.713858154248804,5947.915076553822,42.46717828512192,86.58686566352844,1430675288,5,1,1,441,1001,'SIXTEEN','SIXTEEN_1001'
NOW,107.33056247608181,40.66063106103356,5947.794477820396,43.321981847286224,85.18324756622314,1430675288,0,2,0,443,1001,'SIXTEEN','SIXTEEN_1001'
NOW,103.19587878983762,36.197678980651126,5946.428444862366,45.247399508953094,83.93656802177429,1430675284,5,0,0,445,1001,'SIXTEEN','SIXTEEN_1001'
NOW,105.086509984821,37.53614072304457,5948.973003387451,44.4896314740181,81.13064241409302,1430675283,5,2,0,448,1001,'SIXTEEN','SIXTEEN_1001'
NOW,104.66267719955165,36.40984998176575,5947.830443620682,44.986526787281036,79.8632459640503,1430675283,3,5,0,449,1001,'SIXTEEN','SIXTEEN_1001'
NOW,105.60201254719081,37.70282171746901,5950.4186770915985,44.90964984893799,78.97231465578079,1430675283,0,0,1,452,1001,'SIXTEEN','SIXTEEN_1001'
NOW,107.3723837972169,40.7321696578501,5951.942631721497,45.811889708042145,76.32136183977127,1430675282,4,3,1,455,1001,'SIXTEEN','SIXTEEN_1001'
NOW,107.32454542318128,40.63162380257162,5949.92090678215,45.159069180488586,74.13113003969193,1430675278,5,4,0,458,1001,'SIXTEEN','SIXTEEN_1001'
NOW,102.44266374902072,36.45400487914053,5949.783061623573,43.301008343696594,73.21677607297897,1430675278,0,3,0,459,1001,'SIXTEEN','SIXTEEN_1001'
NOW,107.5760453819434,40.771375783566896,5948.2141674757,45.249160408973694,72.50082439184189,1430675276,2,2,0,461,1001,'SIXTEEN','SIXTEEN_1001'
NOW,102.73168897216117,36.34313209268848,5950.527069449425,47.81527268886566,70.41804879903793,1430675275,2,2,1,464,1001,'SIXTEEN','SIXTEEN_1001'
NOW,104.84373192924225,37.34250880428513,5952.764022946358,46.297667145729065,69.66366374492645,1430675275,4,5,1,467,1001,'SIXTEEN','SIXTEEN_1001'
NOW,106.08365448154872,38.00476504739847,5951.120335221291,43.895089745521545,67.56823527812958,1430675273,2,5,1,467,1001,'SIXTEEN','SIXTEEN_1001'
NOW,103.97014064307992,35.9239851052727,5950.141676187515,42.63496792316437,65.12271630764008,1430675270,4,3,0,467,1001,'SIXTEEN','SIXTEEN_1001'
NOW,107.20480543687796,40.40617697643482,5950.718374550343,42.09824824333191,64.2375876903534,1430675268,2,3,0,469,1001,'SIXTEEN','SIXTEEN_1001'
NOW,103.86147518180508,35.978676002411504,5951.080963253975,44.660958766937256,61.45359396934509,1430675267,2,5,1,472,1001,'SIXTEEN','SIXTEEN_1001'
NOW,104.98107762845306,37.44918246906338,5951.03375762701,41.68280220031738,59.38586735725403,1430675267,2,3,0,473,1001,'SIXTEEN','SIXTEEN_1001'
NOW,104.60125841012486,37.177600083127025,5949.815036475658,44.6394624710083,58.27722454071045,1430675266,2,4,0,477,1001,'SIXTEEN','SIXTEEN_1001'
NOW,104.64502532914308,36.33330778569524,5949.923824369907,41.67112731933594,56.826624751091,1430675265,5,2,1,477,1001,'SIXTEEN','SIXTEEN_1001'
NOW,106.36839815071387,38.548300797720515,5951.529890716076,40.00861942768097,54.905564188957214,1430675265,0,5,0,480,1001,'SIXTEEN','SIXTEEN_1001'
NOW,101.84650623651638,36.5471714970129,5949.623554646969,38.60179531574249,53.15284240245819,1430675265,3,1,1,482,1001,'SIXTEEN','SIXTEEN_1001'
NOW,104.67731777316845,36.39302713500424,5948.965005993843,41.40854370594025,53.07319492101669,1430675263,0,1,0,485,1001,'SIXTEEN','SIXTEEN_1001'
NOW,103.02133359897623,36.256688891594855,5946.922519087791,38.46024453639984,52.157875537872314,1430675259,2,0,1,485,1001,'SIXTEEN','SIXTEEN_1001'
NOW,106.48579813761324,38.747257951975776,5948.933277964592,38.60715734958649,50.09644079208374,1430675257,0,0,0,485,1001,'SIXTEEN','SIXTEEN_1001'
NOW,104.67462108444886,36.41322865880157,5949.45393460989,39.565593957901,48.47317957878113,1430675255,1,2,0,488,1001,'SIXTEEN','SIXTEEN_1001'
NOW,103.02463893450961,36.26439187382216,5947.807000339031,36.88643741607666,47.21540570259094,1430675255,1,3,1,488,1001,'SIXTEEN','SIXTEEN_1001'
NOW,104.65662672045367,36.58475147926565,5946.745463550091,35.26999628543854,46.590859949588776,1430675252,0,5,0,489,1001,'SIXTEEN','SIXTEEN_1001'
NOW,104.3395874426321,36.07731976480874,5944.270693957806,34.15366590023041,46.16027170419693,1430675248,0,5,0,493,1001,'SIXTEEN','SIXTEEN_1001'
NOW,106.53369126275781,38.85096277987408,5942.143133819103,31.254125952720642,43.16870981454849,1430675246,2,4,1,495,1001,'SIXTEEN','SIXTEEN_1001'
NOW,106.8837862531103,39.73227903933847,5939.578700721264,29.15317189693451,41.10643130540848,1430675242,4,1,1,495,1001,'SIXTEEN','SIXTEEN_1001'
NOW,103.7269774009446,36.02014452993279,5937.701922118664,30.859085202217102,39.98939889669418,1430675241,1,3,0,495,1001,'SIXTEEN','SIXTEEN_1001'
NOW,102.64823617396061,36.382352205862595,5940.444653689861,29.766934514045715,39.031287014484406,1430675240,5,1,1,498,1001,'SIXTEEN','SIXTEEN_1001'
NOW,104.68468510779205,36.38846953933699,5939.943301796913,26.894234538078308,37.424345314502716,1430675237,4,0,1,500,1001,'SIXTEEN','SIXTEEN_1001'
NOW,105.61459890641628,37.7007679201087,5937.379485249519,28.251057982444763,35.61568349599838,1430675233,0,2,0,500,1001,'SIXTEEN','SIXTEEN_1001'
NOW,101.70371335334717,36.56159689353199,5940.014446854591,29.640740513801575,35.52340745925903,1430675230,3,2,1,502,1001,'SIXTEEN','SIXTEEN_1001'
NOW,106.82578738244574,39.65559103923536,5942.693910241127,32.54672825336456,34.12248945236206,1430675227,5,4,1,504,1001,'SIXTEEN','SIXTEEN_1001'
NOW,107.53918614974334,40.758608180276944,5944.407313466072,31.880171060562134,33.62732648849487,1430675225,1,1,1,504,1001,'SIXTEEN','SIXTEEN_1001'
NOW,103.81770944445711,35.9924487139272,5946.38615000248,29.03835892677307,32.53458619117737,1430675222,5,2,1,506,1001,'SIXTEEN','SIXTEEN_1001'
NOW,101.66644630346083,36.56489841772357,5948.666437745094,30.840328097343445,29.677919387817383,1430675222,5,5,1,508,1001,'SIXTEEN','SIXTEEN_1001'
NOW,102.5023197700133,36.42418317461959,5946.271809697151,30.48553192615509,28.396636962890625,1430675221,0,3,1,511,1001,'SIXTEEN','SIXTEEN_1001'
NOW,106.12387845528052,38.09274476905064,5947.438248991966,30.43430405855179,28.27343451976776,1430675221,0,0,0,515,1001,'SIXTEEN','SIXTEEN_1001'
NOW,101.46787745307091,36.59860207106083,5945.509588837624,29.29162484407425,28.12551212310791,1430675218,5,1,0,515,1001,'SIXTEEN','SIXTEEN_1001'
NOW,106.37450004726027,38.54492952948257,5945.893727838993,28.211269915103912,25.798378705978394,1430675217,4,1,0,519,1001,'SIXTEEN','SIXTEEN_1001'
NOW,106.23631539584659,38.305377215537355,5943.292309105396,25.836060345172882,23.751465320587158,1430675217,1,3,0,523,1001,'SIXTEEN','SIXTEEN_1001'
NOW,107.22857230782922,40.45167238027743,5940.965808928013,25.090413212776184,22.63443148136139,1430675213,4,5,0,525,1001,'SIXTEEN','SIXTEEN_1001'
NOW,108.00836728221691,40.83966949712722,5940.8862562179565,23.684617042541504,22.06624323129654,1430675211,2,1,1,529,1001,'SIXTEEN','SIXTEEN_1001'
NOW,107.0582720005794,40.12073786274351,5939.396276473999,22.13348948955536,19.559713661670685,1430675208,2,2,1,530,1001,'SIXTEEN','SIXTEEN_1001'
NOW,105.04473401125817,37.48570114608473,5940.80918097496,19.844943404197693,17.708554327487946,1430675205,3,3,0,532,1001,'SIXTEEN','SIXTEEN_1001'
NOW,104.26231234208907,35.98486077330654,5942.867577791214,22.583322405815125,14.731697618961334,1430675201,5,2,0,536,1001,'SIXTEEN','SIXTEEN_1001'
NOW,107.9437173814404,40.83380898071715,5942.055535078049,23.570766031742096,12.832895576953888,1430675200,3,3,0,539,1001,'SIXTEEN','SIXTEEN_1001'
NOW,106.90290162675886,39.77605284820907,5939.559893131256,26.482147991657257,11.019858539104462,1430675197,1,2,1,539,1001,'SIXTEEN','SIXTEEN_1001'
NOW,107.03488804215297,40.04314985567643,5939.126744091511,25.96898490190506,8.646526277065277,1430675194,3,3,1,543,1001,'SIXTEEN','SIXTEEN_1001'
NOW,104.06337769031116,35.89417092734778,5937.269214212894,27.069083631038666,8.301334202289581,1430675190,2,5,1,545,1001,'SIXTEEN','SIXTEEN_1001'
NOW,101.49269165088143,36.590074344895896,5940.041930258274,25.494055807590485,5.745508015155792,1430675186,0,0,0,546,1001,'SIXTEEN','SIXTEEN_1001'
NOW,106.30489672680126,38.407231747655636,5942.615680754185,27.91206842660904,5.322348058223724,1430675183,4,4,1,548,1001,'SIXTEEN','SIXTEEN_1001'
NOW,108.11545282425575,40.86318518992807,5942.183254122734,28.594892144203186,4.266760408878326,1430675179,1,0,1,549,1001,'SIXTEEN','SIXTEEN_1001'
NOW,108.17294731628489,40.868681210348484,5943.646187663078,30.807092308998108,1.91804438829422,1430675177,1,4,1,553,1001,'SIXTEEN','SIXTEEN_1001'
NOW,104.03657727609458,35.899145638170246,5944.968623042107,30.234804213047028,1.2246087789535522,1430675175,4,5,0,555,1001,'SIXTEEN','SIXTEEN_1001'
NOW,106.6740818220218,39.19097788370185,5943.536459565163,30.05666744709015,1.5453287363052368,1430675174,2,2,0,558,1001,'SIXTEEN','SIXTEEN_1001'
NOW,102.51744379768517,36.4196399343465,5944.900680184364,27.989155411720276,3.3414753675460815,1430675172,4,1,1,560,1001,'SIXTEEN','SIXTEEN_1001'
NOW,105.5550933891845,37.694806748999056,5944.279682278633,26.93656075000763,5.558220744132996,1430675168,4,4,1,562,1001,'SIXTEEN','SIXTEEN_1001'
NOW,106.82549451718256,39.648267984352216,5945.424820065498,26.860690355300903,6.128642916679382,1430675166,2,0,1,564,1001,'SIXTEEN','SIXTEEN_1001'
NOW,103.02558266066262,36.260181432445286,5943.367154717445,24.740067720413208,6.324866712093353,1430675163,0,2,0,566,1001,'SIXTEEN','SIXTEEN_1001'
NOW,106.54369818301856,38.839973711990936,5943.319028019905,26.651076555252075,8.890855491161346,1430675163,4,1,0,566,1001,'SIXTEEN','SIXTEEN_1001'
NOW,104.47886278747897,36.19484521272153,5941.928255438805,29.26508355140686,9.72966182231903,1430675161,2,2,1,566,1001,'SIXTEEN','SIXTEEN_1001'
NOW,106.65453234651994,39.16293730210694,5940.913214087486,27.529252290725708,11.485003352165222,1430675159,3,1,0,566,1001,'SIXTEEN','SIXTEEN_1001'
NOW,103.58781990878889,36.075613139959394,5938.87540781498,27.10747992992401,11.57428640127182,1430675157,5,0,0,569,1001,'SIXTEEN','SIXTEEN_1001'
NOW,106.24922939078391,38.34119544700607,5936.7853618860245,26.314648807048798,13.960698068141937,1430675153,1,1,0,569,1001,'SIXTEEN','SIXTEEN_1001'
NOW,104.08099366792638,35.893323257715856,5935.233385205269,26.43666160106659,15.646876752376556,1430675150,2,2,1,570,1001,'SIXTEEN','SIXTEEN_1001'
NOW,102.4612288211137,36.4468351501084,5934.053395390511,26.279779374599457,17.07269185781479,1430675146,1,0,0,570,1001,'SIXTEEN','SIXTEEN_1001'
NOW,107.32821000207781,40.630938008122264,5933.312973737717,24.90563529729843,19.441642940044403,1430675144,3,0,1,570,1001,'SIXTEEN','SIXTEEN_1001'
NOW,107.4364273906953,40.748349585361886,5933.225797832012,22.1066455245018,20.262827336788177,1430675141,3,4,0,573,1001,'SIXTEEN','SIXTEEN_1001'
NOW,104.15152966792797,35.90245692846341,5935.216235339642,21.90489673614502,20.500944554805756,1430675138,1,2,1,574,1001,'SIXTEEN','SIXTEEN_1001'
NOW,107.42469953013902,40.746749782276915,5937.132273852825,24.620157957077026,23.35850614309311,1430675135,1,3,1,577,1001,'SIXTEEN','SIXTEEN_1001'
NOW,103.95825091064502,35.94446183046122,5934.223121106625,21.6533362865448,26.232634961605072,1430675132,1,5,1,580,1001,'SIXTEEN','SIXTEEN_1001'
NOW,106.68392835987291,39.23945308096708,5932.279818713665,19.94142198562622,26.554738759994507,1430675132,4,2,1,581,1001,'SIXTEEN','SIXTEEN_1001'
NOW,104.4128176003628,36.141306699647636,5934.902181327343,21.9548761844635,28.57486605644226,1430675128,2,2,0,584,1001,'SIXTEEN','SIXTEEN_1001'
NOW,105.93592602774886,37.765227247090984,5935.23255866766,20.44105851650238,29.91409993171692,1430675125,5,5,1,586,1001,'SIXTEEN','SIXTEEN_1001'
NOW,106.41751201921451,38.621464015020685,5934.636141598225,19.357466459274292,31.779659748077393,1430675121,5,5,0,588,1001,'SIXTEEN','SIXTEEN_1001'
NOW,102.63445687126962,36.376835870692865,5932.650764286518,17.58771777153015,34.27754282951355,1430675118,2,1,0,588,1001,'SIXTEEN','SIXTEEN_1001'
NOW,104.00642171592709,35.919392194923624,5934.611705482006,20.33379578590393,35.847851037979126,1430675118,3,5,1,592,1001,'SIXTEEN','SIXTEEN_1001'
NOW,108.17780920435156,40.865676863194466,5934.894134044647,20.12416934967041,38.1143741607666,1430675115,5,1,0,592,1001,'SIXTEEN','SIXTEEN_1001'
NOW,104.44938038018043,36.156051401931016,5932.433790683746,22.841256618499756,40.479714155197144,1430675112,5,3,0,594,1001,'SIXTEEN','SIXTEEN_1001'
NOW,106.84160801927705,39.667748374731275,5930.988785624504,24.955875873565674,43.01452112197876,1430675108,5,4,1,597,1001,'SIXTEEN','SIXTEEN_1001'
NOW,106.43983602163283,38.67608419672493,5930.222071170807,22.90052843093872,45.23823595046997,1430675104,4,2,0,601,1001,'SIXTEEN','SIXTEEN_1001'
NOW,106.65896323345902,39.126791897665576,5931.54514169693,21.508278369903564,46.17634892463684,1430675100,4,3,0,601,1001,'SIXTEEN','SIXTEEN_1001'
NOW,102.14743181371135,36.49525274884934,5933.260958313942,18.556132793426514,48.03839111328125,1430675096,0,0,1,603,1001,'SIXTEEN','SIXTEEN_1001'
NOW,106.76064305124578,39.46993305445883,5932.848408997059,17.81108057498932,49.115641713142395,1430675095,0,2,0,604,1001,'SIXTEEN','SIXTEEN_1001'
NOW,104.62343837278183,36.82878126803939,5933.3623170256615,15.528074860572815,49.752238273620605,1430675091,5,4,1,604,1001,'SIXTEEN','SIXTEEN_1001'
NOW,107.31840899365243,40.613228469276834,5930.910392224789,16.954472184181213,51.306326150894165,1430675087,3,1,0,605,1001,'SIXTEEN','SIXTEEN_1001'
NOW,103.57221906276096,36.0829488361643,5930.801164269447,14.023788094520569,53.934818983078,1430675083,4,5,1,605,1001,'SIXTEEN','SIXTEEN_1001'
NOW,107.30199095901021,40.567903581254384,5927.826651215553,13.814237117767334,56.035117864608765,1430675083,5,0,1,607,1001,'SIXTEEN','SIXTEEN_1001'
NOW,103.28151218572296,36.18437322613699,5929.742943406105,14.334400057792664,57.35495400428772,1430675080,1,5,0,609,1001,'SIXTEEN','SIXTEEN_1001'
NOW,103.33909981404265,36.15571669019717,5932.381432175636,14.694459438323975,59.10298418998718,1430675077,0,4,0,609,1001,'SIXTEEN','SIXTEEN_1001'
NOW,104.055062819315,35.90326384458777,5933.677014708519,12.380920886993408,60.29326844215393,1430675074,4,0,1,612,1001,'SIXTEEN','SIXTEEN_1001'
NOW,101.93376323186247,36.53662931322352,5931.528169512749,9.925848245620728,62.03211057186127,1430675072,5,5,0,616,1001,'SIXTEEN','SIXTEEN_1001'
NOW,103.31052218694774,36.17163584355811,5931.815132260323,10.630646228790283,62.57591933012009,1430675071,3,1,0,619,1001,'SIXTEEN','SIXTEEN_1001'
NOW,101.63552352068155,36.57196660454809,5929.644219517708,13.054029703140259,63.21390026807785,1430675068,3,2,1,622,1001,'SIXTEEN','SIXTEEN_1001'
NOW,107.02204917369578,40.010118959294196,5931.4050035476685,12.581095814704895,64.84545177221298,1430675065,3,1,0,622,1001,'SIXTEEN','SIXTEEN_1001'
NOW,107.50444763689461,40.76103768605553,5933.209840774536,10.907442212104797,66.39575976133347,1430675063,2,2,1,623,1001,'SIXTEEN','SIXTEEN_1001'
NOW,106.0222442096265,37.88014896403826,5934.987143993378,9.86144483089447,67.86821192502975,1430675060,2,1,0,625,1001,'SIXTEEN','SIXTEEN_1001'
NOW,107.5961996492911,40.77275472547321,5934.788616538048,6.966733813285828,70.52130788564682,1430675059,3,4,0,625,1001,'SIXTEEN','SIXTEEN_1001'
NOW,106.58365450677451,38.90496688805918,5936.8542667627335,8.863575220108032,72.55857414007187,1430675058,3,4,1,627,1001,'SIXTEEN','SIXTEEN_1001'
NOW,105.98675370639799,37.84237497135132,5935.180546879768,11.572744369506836,74.40099519491196,1430675057,2,4,0,627,1001,'SIXTEEN','SIXTEEN_1001'
NOW,104.25308606990319,36.00007833108681,5934.614763319492,12.089966893196106,76.70856469869614,1430675055,3,0,1,627,1001,'SIXTEEN','SIXTEEN_1001'
