NOW,108.13845372274922,35.936505344845095,3409.6318359375,22.92853546142578,444.6837463378906,773403800,5,4,1,102,'TK','TK_102'
NOW,106.47143936964979,31.569031808367345,3410.1074400544167,20.01828956604004,443.3009912967682,773403798,2,0,0,102,'TK','TK_102'
NOW,106.68958157270461,28.82622513990811,3409.0335568785667,17.789589643478394,441.28977155685425,773403795,5,1,1,102,'TK','TK_102'
NOW,106.53466573840188,31.669270147303806,3409.672285616398,16.36131739616394,440.7469103336334,773403791,1,0,1,102,'TK','TK_102'
NOW,107.63463499198768,35.59425854691479,3408.2512595057487,17.351821959018707,438.3012707233429,773403791,4,4,0,102,'TK','TK_102'
NOW,106.27825397059655,29.79283230002549,3406.577227294445,15.939769566059113,436.07737493515015,773403791,0,0,1,102,'TK','TK_102'
NOW,106.89197935878151,32.77196161694709,3408.374710381031,18.276977121829987,433.0793969631195,773403787,4,1,0,102,'TK','TK_102'
NOW,109.47303400403153,36.58464636645576,3406.9188950657845,20.42285591363907,432.4644705057144,773403786,4,3,1,102,'TK','TK_102'
NOW,106.02423802897636,30.78042696239001,3409.306374371052,20.87061297893524,432.0222668647766,773403786,2,2,1,102,'TK','TK_102'
NOW,106.57224917721425,29.2924710213476,3409.229605436325,18.330062747001648,430.628538608551,773403786,3,2,1,102,'TK','TK_102'
NOW,106.92215895260951,32.84461876220307,3411.164169549942,16.56320369243622,428.79512882232666,773403782,3,1,0,102,'TK','TK_102'
NOW,106.4058546334879,31.444228734224673,3409.9878895282745,14.135325074195862,428.32156533002853,773403779,3,0,0,102,'TK','TK_102'
NOW,106.13307465161878,30.89262929847388,3412.6663393974304,11.940471291542053,425.62596172094345,773403777,1,1,1,102,'TK','TK_102'
NOW,107.37585722924688,34.665619720820104,3415.6103343963623,9.145877480506897,425.29092198610306,773403773,2,0,1,102,'TK','TK_102'
NOW,106.59455702591069,31.787234144417738,3413.2203345298767,7.682448863983154,423.30232411623,773403769,2,1,0,102,'TK','TK_102'
NOW,106.25388156988757,29.802118170918018,3413.8927223086357,8.921273469924927,421.6433668732643,773403767,2,3,0,102,'TK','TK_102'
NOW,106.76803027051776,28.55011909167486,3412.409267604351,10.812248945236206,420.62223821878433,773403766,0,2,0,102,'TK','TK_102'
NOW,106.5320376981824,29.431067863523644,3409.850658595562,10.255521059036255,418.1569085717201,773403762,3,3,1,102,'TK','TK_102'
NOW,106.69769738616745,28.816632339898252,3411.327371299267,10.84109377861023,417.07745999097824,773403760,4,5,1,102,'TK','TK_102'
NOW,106.71713378468345,28.716829793050646,3413.882434308529,9.687495350837708,414.14693635702133,773403757,4,2,1,102,'TK','TK_102'
NOW,106.62768037158878,29.09369967437256,3413.703549206257,10.940274357795715,411.92428320646286,773403755,3,3,1,102,'TK','TK_102'
NOW,106.71098345296298,32.120407005135924,3411.51689440012,13.6791170835495,410.653762280941,773403753,2,0,0,102,'TK','TK_102'
NOW,108.07680925373062,35.90711998624104,3411.4620890021324,10.842763543128967,410.2383497953415,773403750,1,3,0,102,'TK','TK_102'
NOW,108.75603117250425,36.227335388474664,3409.390088021755,10.065523743629456,408.34955859184265,773403746,2,1,1,102,'TK','TK_102'
NOW,105.6043175205727,30.571816105988802,3406.8116382956505,9.503095269203186,408.04720693826675,773403742,4,1,1,102,'TK','TK_102'
NOW,106.8538941107072,28.259371303395397,3406.618184685707,10.349821269512177,405.3630457520485,773403741,1,4,1,102,'TK','TK_102'
NOW,106.5120807747378,31.646147440974456,3408.8939801454544,8.744368016719818,404.64551424980164,773403741,3,3,0,102,'TK','TK_102'
NOW,108.65328857582757,36.18306053961629,3406.34678542614,8.654924213886261,403.31479239463806,773403741,2,3,0,102,'TK','TK_102'
NOW,106.565498277047,29.249446214943788,3407.2465379834175,8.38497507572174,402.7906390428543,773403741,5,2,0,102,'TK','TK_102'
NOW,108.17836192918293,35.97188217579067,3405.920936882496,9.338862299919128,402.69201332330704,773403738,3,1,1,102,'TK','TK_102'
NOW,109.221737391016,36.46427060193278,3404.819368183613,10.655333161354065,400.2061968445778,773403738,4,0,1,102,'TK','TK_102'
NOW,106.30029973655809,31.213929672402028,3403.0910610556602,9.902068376541138,397.7430084347725,773403737,1,4,0,102,'TK','TK_102'
NOW,106.56212893617146,29.31361111399815,3401.995051085949,9.105287611484528,395.40746861696243,773403734,4,3,0,102,'TK','TK_102'
NOW,106.84823622970148,28.304264096321653,3401.9228996634483,11.672285616397858,394.8553239107132,773403732,1,4,0,102,'TK','TK_102'
NOW,107.59997653957912,35.510049579252055,3402.791446685791,11.209950923919678,392.51603615283966,773403729,5,5,0,102,'TK','TK_102'
NOW,105.62092803055778,30.533648715055175,3403.373080134392,11.781752467155457,391.5870446562767,773403727,0,0,0,102,'TK','TK_102'
NOW,109.2624917181174,36.47021471486962,3405.980437874794,13.461130261421204,389.4741443991661,773403724,5,3,0,102,'TK','TK_102'
NOW,107.18702799124908,33.94465910256158,3407.547632098198,12.37430453300476,388.5472952723503,773403724,4,5,0,102,'TK','TK_102'
NOW,107.64185201541397,35.692988436556476,3409.5570138692856,9.530879974365234,388.295245051384,773403720,5,3,0,102,'TK','TK_102'
NOW,105.86787139996922,30.71799320862196,3412.526829600334,7.512537002563477,386.6282352209091,773403717,0,4,0,102,'TK','TK_102'
NOW,106.38050064004887,29.6760426563195,3409.7552942037582,9.932863235473633,384.9574296474457,773403713,0,4,0,102,'TK','TK_102'
NOW,107.2720968296964,34.31097669195715,3408.203499317169,11.733386158943176,384.2327239513397,773403713,0,3,0,102,'TK','TK_102'
NOW,109.02113840368085,36.373845931485,3408.6264842152596,8.99794065952301,383.2629841566086,773403712,4,1,1,102,'TK','TK_102'
NOW,106.3803280824342,31.36520019704449,3408.650141119957,6.241167187690735,381.5555201768875,773403708,2,2,0,102,'TK','TK_102'
NOW,106.87656059947204,28.18222043460954,3411.549579977989,8.651900172233582,380.89040261507034,773403704,3,0,1,102,'TK','TK_102'
NOW,106.90251519899269,28.109630547686994,3412.946837425232,8.069332957267761,378.7360265851021,773403702,1,2,1,102,'TK','TK_102'
NOW,107.58453737575829,35.424891734015276,3410.988940000534,10.249470829963684,376.83050268888474,773403700,1,1,1,102,'TK','TK_102'
NOW,106.89066984637006,28.092126180442847,3408.6203343868256,12.821160197257996,374.37869304418564,773403700,2,1,0,102,'TK','TK_102'
NOW,107.36512651681178,34.64616576020061,3407.0071251392365,11.503922700881958,371.86309188604355,773403698,5,3,1,102,'TK','TK_102'
NOW,106.58974842794973,29.212206850917767,3405.879427552223,9.6262286901474,368.86542242765427,773403694,1,5,1,102,'TK','TK_102'
NOW,106.63710773528395,31.863728918662392,3407.1367532014847,12.287411570549011,365.9654111266136,773403691,1,4,1,102,'TK','TK_102'
NOW,107.45488946409462,34.970687172104824,3407.702050924301,12.815499544143677,363.9608480334282,773403689,4,4,0,102,'TK','TK_102'
NOW,106.67848643606739,28.84630858021478,3407.142641723156,15.139773607254028,361.51564091444016,773403687,1,2,1,102,'TK','TK_102'
NOW,108.09524299264042,35.91455075541794,3408.358527481556,13.745718717575073,360.9078915119171,773403687,4,5,1,102,'TK','TK_102'
NOW,106.77061934431575,28.530049420073453,3405.634079515934,11.920701026916504,358.0567328929901,773403687,4,4,0,102,'TK','TK_102'
NOW,106.41671919692247,29.617450566589437,3404.4824283719063,10.383968591690063,356.6169842481613,773403683,3,4,1,102,'TK','TK_102'
NOW,107.10803672591567,33.61262358800168,3404.961057662964,11.026188492774963,353.7643998861313,773403683,0,5,1,102,'TK','TK_102'
NOW,107.10261371995608,33.59084901202949,3402.5972542762756,13.8081773519516,353.7137773036957,773403682,0,2,0,102,'TK','TK_102'
NOW,106.78570187836482,28.528810853198053,3400.5608789920807,10.81884253025055,351.93084168434143,773403681,0,3,1,102,'TK','TK_102'
NOW,106.05329805240142,30.037636227244253,3400.3349422216415,9.658626198768616,349.08439445495605,773403678,3,5,0,102,'TK','TK_102'
NOW,106.29122287467543,31.197599880078773,3397.861441254616,8.05612576007843,348.91073018312454,773403677,3,4,1,102,'TK','TK_102'
NOW,107.24669392845321,34.154238114527054,3399.806663274765,10.008352279663086,348.3291839957237,773403674,4,2,0,102,'TK','TK_102'
NOW,107.35481624762474,34.6535571801332,3399.324707865715,7.2873430252075195,347.2837457060814,773403670,2,4,1,102,'TK','TK_102'
NOW,107.5853695079084,35.48810866083903,3398.257397532463,9.51838994026184,346.28327506780624,773403669,3,1,0,102,'TK','TK_102'
NOW,107.25127890991345,34.19295821355651,3399.8086372613907,10.000642895698547,343.67008394002914,773403667,0,1,0,102,'TK','TK_102'
NOW,107.46986959263607,35.03787121465296,3402.693095803261,12.411994099617004,341.0575458407402,773403663,4,3,1,102,'TK','TK_102'
NOW,106.11131066956179,30.860373490497892,3400.98399746418,9.662777781486511,339.95927172899246,773403659,2,3,1,102,'TK','TK_102'
NOW,107.16443387765335,33.87000568516597,3400.1293029785156,10.142030596733093,339.34308087825775,773403658,3,5,1,102,'TK','TK_102'
NOW,107.24118599718274,34.20685172930544,3403.0393953323364,12.163171648979187,337.9711878299713,773403657,4,1,1,102,'TK','TK_102'
NOW,106.68977829295754,28.817111099331175,3404.0966880321503,15.039604783058167,335.19455552101135,773403657,5,1,0,102,'TK','TK_102'
NOW,106.94569230149828,27.96537441567781,3401.5023803710938,17.42904770374298,333.73824095726013,773403657,2,4,1,102,'TK','TK_102'
NOW,106.7927641405083,32.40954642986804,3401.4053634405136,16.264315724372864,331.3955385684967,773403656,2,1,0,102,'TK','TK_102'
NOW,106.64866400317138,28.99314149737985,3398.6179093122482,13.562981247901917,330.6752057671547,773403655,1,5,0,102,'TK','TK_102'
NOW,107.16721565725078,33.876556779327956,3397.5602082014084,15.40550410747528,329.55219703912735,773403651,0,2,1,102,'TK','TK_102'
NOW,107.4210635459113,34.82474647215895,3400.5338081121445,14.966516435146332,328.85825395584106,773403648,0,2,0,102,'TK','TK_102'
NOW,107.2189080363843,34.07389814817299,3398.4104591608047,14.994528710842133,326.9246859550476,773403645,5,3,1,102,'TK','TK_102'
NOW,106.76504361539187,28.566391013252918,3399.872639656067,12.50478595495224,325.1682963371277,773403642,0,1,1,102,'TK','TK_102'
NOW,106.04734676641873,30.05335037241999,3397.57546377182,10.786766350269318,324.60246700048447,773403642,3,1,0,102,'TK','TK_102'
NOW,106.78603602531861,28.468890906475323,3399.6633961200714,9.596121609210968,323.66996717453003,773403642,4,5,0,102,'TK','TK_102'
NOW,106.9789742829822,33.08171822574876,3398.9834416508675,8.857911705970764,320.99436712265015,773403638,2,5,1,102,'TK','TK_102'
NOW,106.84006117969575,32.57138983828769,3397.794341146946,10.777966737747192,319.9516769647598,773403635,4,2,0,102,'TK','TK_102'
NOW,107.48122496584982,35.074059870507654,3398.0699862241745,8.534138679504395,319.8772209882736,773403633,2,1,1,102,'TK','TK_102'
NOW,107.2059621252051,33.99533242098362,3395.225276350975,8.60757327079773,316.9344736337662,773403631,5,5,1,102,'TK','TK_102'
NOW,107.65134328387313,35.705190452294616,3396.25130546093,9.812224626541138,315.6193598508835,773403627,4,5,0,102,'TK','TK_102'
NOW,105.78703194820191,30.674978302484387,3393.4542132616043,11.635896444320679,313.581619143486,773403625,4,2,0,102,'TK','TK_102'
NOW,106.97974843983133,27.836790555716707,3396.2342227697372,14.37564992904663,311.38209569454193,773403625,1,3,1,102,'TK','TK_102'
NOW,107.5685987364777,35.366596546819764,3398.4536732435226,11.444242477416992,308.5716973543167,773403622,5,3,0,102,'TK','TK_102'
NOW,105.96990988110772,30.756981605748326,3398.311787247658,11.01613438129425,308.4529017806053,773403620,2,3,1,102,'TK','TK_102'
NOW,107.5278390786308,35.234977266053505,3397.1294659376144,11.747734248638153,305.91672748327255,773403616,0,1,1,102,'TK','TK_102'
NOW,106.47248923070612,29.56226039249454,3394.386810183525,11.81456434726715,304.22151678800583,773403615,2,3,0,102,'TK','TK_102'
NOW,106.5566832113423,31.73143150326215,3393.032286763191,12.624653160572052,302.7542386651039,773403614,5,5,1,102,'TK','TK_102'
NOW,107.32891419353146,34.54606816209972,3392.171005487442,10.369755804538727,301.55290657281876,773403614,2,4,1,102,'TK','TK_102'
NOW,105.60134820685741,30.60367927528504,3389.4248654842377,13.10065108537674,300.4040408730507,773403610,2,3,1,102,'TK','TK_102'
NOW,105.86518631000757,30.274162943163947,3386.6236441135406,14.592232167720795,297.8093600869179,773403608,5,1,0,102,'TK','TK_102'
NOW,109.19069871496322,36.44698990742302,3387.1014152765274,11.926514327526093,296.3123680949211,773403604,0,4,1,102,'TK','TK_102'
NOW,106.83982602579377,28.28528698539925,3384.9681185483932,14.179256856441498,294.0228211283684,773403602,3,2,1,102,'TK','TK_102'
NOW,106.94299981444561,27.9051655622336,3383.9449648857117,15.985164940357208,293.6782032251358,773403600,1,2,0,102,'TK','TK_102'
NOW,106.65573037644246,31.952909300630072,3381.54998421669,15.214166641235352,291.3090134859085,773403598,4,0,1,102,'TK','TK_102'
NOW,106.98494897409428,33.10154604956548,3384.225973844528,16.480132579803467,289.0545879602432,773403597,0,4,1,102,'TK','TK_102'
NOW,107.65138549118679,35.70092336756179,3383.6973800063133,17.04710990190506,287.92307555675507,773403593,0,1,1,102,'TK','TK_102'
NOW,107.02782900818661,33.279584789212414,3382.8567968010902,17.286893129348755,285.0499242544174,773403589,0,0,0,102,'TK','TK_102'
NOW,106.54747585489156,29.369257958091904,3382.067717194557,14.752243757247925,282.4566320180893,773403587,4,4,1,102,'TK','TK_102'
NOW,106.67671620881461,28.882777434958303,3384.2452090978622,13.854543089866638,282.1323760151863,773403586,3,2,0,102,'TK','TK_102'
NOW,107.17737650262335,33.86742698381074,3385.320160984993,16.40409004688263,281.7753536105156,773403584,2,5,1,102,'TK','TK_102'
NOW,106.70191530683708,32.109049002579326,3387.6650329828262,18.537679076194763,279.59122294187546,773403582,3,1,0,102,'TK','TK_102'
NOW,107.62272728587801,35.61413944904656,3385.8277856111526,18.155271351337433,278.1175704598427,773403581,2,4,1,102,'TK','TK_102'
NOW,107.07049265105192,33.43426735243906,3385.2649564146996,15.175237953662872,276.3332813382149,773403578,3,4,0,102,'TK','TK_102'
NOW,109.3432022743687,36.51097573000652,3384.1582594513893,14.77215325832367,274.355923473835,773403577,5,2,0,102,'TK','TK_102'
NOW,108.4376806970817,36.07871494111968,3386.2029557824135,15.822499632835388,274.2816552519798,773403573,2,5,0,102,'TK','TK_102'
NOW,107.53281313036325,35.23612371885925,3383.850246489048,17.286009430885315,274.27670657634735,773403569,3,5,0,102,'TK','TK_102'
NOW,108.79051029518632,36.249716017164886,3386.418876707554,18.290931582450867,273.85751378536224,773403569,2,5,0,102,'TK','TK_102'
NOW,107.02306870721523,33.270599182122176,3385.08816665411,15.5382798910141,272.9250713586807,773403568,2,1,0,102,'TK','TK_102'
NOW,107.47413318531056,35.02033456676575,3383.059246957302,14.399640440940857,272.36123794317245,773403564,4,3,1,102,'TK','TK_102'
NOW,107.42746100821905,34.89649662836855,3380.1489023566246,12.248891711235046,271.34250324964523,773403562,5,0,0,102,'TK','TK_102'
NOW,109.02296534586655,36.36170453818891,3381.1891134381294,12.693845689296722,269.19143956899643,773403559,0,0,1,102,'TK','TK_102'
NOW,106.48922688820183,31.583625446871338,3382.022482395172,10.72168916463852,267.6630650162697,773403555,4,2,1,102,'TK','TK_102'
NOW,107.77114528324283,35.75869730835154,3383.1340730190277,8.546753108501434,267.06044059991837,773403553,0,2,0,102,'TK','TK_102'
NOW,109.17297150495934,36.43530290836047,3380.376561641693,5.733574569225311,266.32281720638275,773403549,5,4,0,102,'TK','TK_102'
NOW,105.71520362990556,30.43455528725391,3379.427544414997,8.507337749004364,265.65111607313156,773403548,0,4,0,102,'TK','TK_102'
NOW,105.67662561381742,30.48003660352725,3380.7220354676247,8.13725870847702,264.43199199438095,773403545,0,1,1,102,'TK','TK_102'
NOW,106.54590486601441,31.704220927593042,3378.4268751740456,10.988686501979828,264.14240622520447,773403542,1,2,0,102,'TK','TK_102'
NOW,106.95797004341237,33.022225423152044,3377.1024110913277,9.50049203634262,264.11201000213623,773403538,1,3,1,102,'TK','TK_102'
NOW,106.54451087302209,29.325975122048323,3376.5221866965294,8.268880307674408,261.1232259273529,773403536,1,2,0,102,'TK','TK_102'
NOW,107.55664509267142,35.38035060157809,3375.5563400387764,5.419420659542084,259.5649926662445,773403533,0,0,1,102,'TK','TK_102'
NOW,106.84967334371144,32.597716347767516,3374.2903321385384,3.6467469334602356,259.024831533432,773403529,0,0,1,102,'TK','TK_102'
NOW,106.41827523819158,29.6132932744191,3375.401267826557,3.1023502349853516,257.74784719944,773403528,3,1,0,102,'TK','TK_102'
NOW,107.46942681382312,35.000011230516925,3375.0992988348007,5.498293876647949,257.0784037709236,773403527,0,2,1,102,'TK','TK_102'
NOW,107.47037848463835,35.00692441586119,3372.218877196312,3.3506457805633545,256.35247284173965,773403527,2,4,0,102,'TK','TK_102'
NOW,108.81565695831077,36.26563720234789,3369.8251658678055,3.0405479073524475,254.1734283566475,773403523,2,2,1,102,'TK','TK_102'
NOW,107.34600553823867,34.57016745571064,3372.071388363838,5.61823707818985,252.99087435007095,773403520,3,5,1,102,'TK','TK_102'
NOW,105.92611894942091,30.185740688446405,3370.249128818512,3.7939024567604065,252.01813960075378,773403518,1,1,1,102,'TK','TK_102'
NOW,105.81557641050892,30.686734450066425,3373.08905172348,4.088365197181702,249.99701046943665,773403517,2,2,0,102,'TK','TK_102'
NOW,107.48366327846544,35.05714208190645,3371.019063234329,4.405541777610779,248.66108751296997,773403513,3,1,1,102,'TK','TK_102'
NOW,106.24182978280066,31.104165599565864,3369.7706862688065,3.3696151971817017,247.16303992271423,773403513,2,2,1,102,'TK','TK_102'
NOW,107.64534765177774,35.63811121017332,3370.665056705475,2.839510917663574,244.22530961036682,773403513,3,4,0,102,'TK','TK_102'
NOW,106.90176552485792,28.062683039602966,3370.3220643997192,0.18322348594665527,241.4691562652588,773403511,2,1,0,102,'TK','TK_102'
NOW,105.99525056510376,30.11250827607674,3368.784049510956,1.0144028663635254,240.8181004524231,773403509,0,3,0,102,'TK','TK_102'
NOW,106.8589906835098,32.66875755226383,3366.1887724399567,1.573113203048706,238.31093406677246,773403505,1,0,1,102,'TK','TK_102'
NOW,107.04393181247636,33.36509644762396,3366.1241925358772,0.15771031379699707,237.9601166844368,773403504,0,5,1,102,'TK','TK_102'
NOW,106.15798250585922,29.919835139174996,3365.78683000803,1.8094336986541748,237.36133551597595,773403504,3,5,1,102,'TK','TK_102'
NOW,106.30880109120677,31.25139441006003,3363.4054735302925,0.4097614288330078,234.67563343048096,773403504,4,4,1,102,'TK','TK_102'
NOW,106.58762532232146,31.775085348298468,3364.1955527067184,1.3099175691604614,232.41951084136963,773403501,4,1,1,102,'TK','TK_102'
NOW,107.50962986713063,35.20488868095275,3362.9306324720383,2.089418649673462,230.6745309829712,773403499,3,2,0,102,'TK','TK_102'
NOW,106.17374634254517,30.984833249721852,3360.345733523369,1.3758745193481445,229.98708349466324,773403495,4,3,1,102,'TK','TK_102'
NOW,107.15654053195644,33.79118322932453,3362.3216491937637,1.416003406047821,227.21771532297134,773403494,3,1,0,102,'TK','TK_102'
NOW,106.1519920124028,30.957439869498195,3359.764777302742,3.8021408915519714,225.2284751534462,773403490,1,5,1,102,'TK','TK_102'
NOW,106.28011909237472,29.77350882915996,3360.6956354379654,2.412547767162323,222.3793244957924,773403487,1,2,0,102,'TK','TK_102'
NOW,109.38411144134042,36.526558382963394,3358.7358278036118,4.293491303920746,221.3049436211586,773403483,4,2,0,102,'TK','TK_102'
NOW,106.57102766305132,29.245194279637467,3356.3659027814865,2.800275981426239,218.67089873552322,773403481,4,3,0,102,'TK','TK_102'
NOW,107.26757151532001,34.2980093894057,3353.812766432762,3.981163203716278,217.05573111772537,773403481,1,4,0,102,'TK','TK_102'
NOW,107.28414824220255,34.33421599283409,3353.7849631905556,1.1357375979423523,214.7342546582222,773403478,1,3,1,102,'TK','TK_102'
NOW,107.17553937543218,33.88041478142233,3353.9463120102882,0.35537195205688477,213.54229933023453,773403477,5,3,0,102,'TK','TK_102'
NOW,106.51111986622303,29.513786269302894,3355.056929886341,0.04670315980911255,210.6761274933815,773403474,0,4,0,102,'TK','TK_102'
NOW,106.59250065346421,31.808042493268616,3354.103962659836,2.4777113795280457,209.85365742444992,773403470,1,0,1,102,'TK','TK_102'
NOW,106.85150225795616,32.627307754646495,3351.193248987198,2.9217907786369324,207.2269212603569,773403467,1,5,0,102,'TK','TK_102'
NOW,106.86911629412724,32.714399580957206,3351.0564334392548,0.6222969889640808,206.5867938399315,773403464,3,2,0,102,'TK','TK_102'
NOW,107.53106419588629,35.26732322665954,3350.231241643429,2.08762389421463,204.88857501745224,773403462,4,2,0,102,'TK','TK_102'
NOW,107.03714701820782,33.34333619693929,3349.4358509778976,3.6211658120155334,204.79307746887207,773403462,4,1,1,102,'TK','TK_102'
NOW,105.71259037930797,30.653960728886414,3350.6814039945602,1.3359575867652893,202.79257941246033,773403460,1,0,0,102,'TK','TK_102'
NOW,106.41053619329628,31.46052861921731,3348.159203886986,1.227195680141449,201.6487421989441,773403459,2,1,0,102,'TK','TK_102'
NOW,105.75492974249481,30.39964671858725,3347.533113002777,1.3284843564033508,201.6116669178009,773403458,5,3,1,102,'TK','TK_102'
NOW,106.05589582479863,30.04822368214269,3345.170835494995,2.7326331734657288,199.90812349319458,773403455,4,0,0,102,'TK','TK_102'
NOW,106.03428309201126,30.078170352212307,3347.0116233825684,5.197212517261505,198.89125084877014,773403451,2,4,0,102,'TK','TK_102'
NOW,107.39264236773465,34.75705063083476,3346.4177157878876,6.431510746479034,197.43986177444458,773403449,0,1,1,102,'TK','TK_102'
NOW,107.525567738982,35.21082969493996,3345.6637046337128,7.637895047664642,195.87087082862854,773403445,0,3,0,102,'TK','TK_102'
NOW,107.47579963309538,35.05639193169315,3347.5368703603745,10.477372825145721,195.24999576807022,773403441,0,4,0,102,'TK','TK_102'
NOW,106.56946471972448,29.295597237593604,3347.17646586895,11.117844104766846,193.6083064675331,773403437,2,2,0,102,'TK','TK_102'
NOW,106.47348161539021,29.56983290179359,3346.0208591222763,13.502377986907959,192.67544203996658,773403434,4,4,1,102,'TK','TK_102'
NOW,106.62467868480994,29.03657865202663,3348.9411729574203,13.086227536201477,191.47642785310745,773403430,3,0,0,102,'TK','TK_102'
NOW,106.10113189291572,30.838961889522537,3348.9734479784966,15.384740948677063,190.11200767755508,773403429,5,2,1,102,'TK','TK_102'
NOW,108.02610361731362,35.88719286034133,3346.8325158953667,14.82049286365509,190.08664470911026,773403426,2,4,1,102,'TK','TK_102'
NOW,106.35622397463685,29.687875532775408,3347.895464360714,15.692364752292633,187.30242544412613,773403423,2,1,1,102,'TK','TK_102'
NOW,106.92722351513768,32.91118451679774,3350.456876695156,14.796137511730194,184.7301874756813,773403420,0,2,0,102,'TK','TK_102'
NOW,107.07422755848701,33.44347979390078,3348.4426903128624,12.549152791500092,183.33081775903702,773403418,3,4,1,102,'TK','TK_102'
NOW,106.97661334869167,27.843973026596245,3346.9588143229485,14.09045273065567,182.7890093922615,773403416,4,1,1,102,'TK','TK_102'
NOW,108.87443997033444,36.293888056995364,3349.698619067669,14.701568841934204,181.08175438642502,773403414,5,0,0,102,'TK','TK_102'
NOW,106.1588204218762,29.93063265048035,3348.047738492489,17.484164476394653,178.21692389249802,773403411,5,4,1,102,'TK','TK_102'
NOW,106.15679798030551,30.935418237033325,3347.943522334099,15.227282047271729,177.89395195245743,773403410,1,4,1,102,'TK','TK_102'
NOW,108.72395643918371,36.22058284059659,3345.7357009649277,17.372970819473267,175.0367515683174,773403406,2,2,0,102,'TK','TK_102'
NOW,109.47890772650997,36.58311365971916,3343.7563033103943,18.362920701503754,172.4690416455269,773403402,3,4,1,102,'TK','TK_102'
NOW,106.74259075759983,28.632022865952166,3344.4003379940987,19.06056898832321,170.12707263231277,773403402,1,5,0,102,'TK','TK_102'
NOW,108.80107936531431,36.252069938867066,3344.1699491143227,17.082850873470306,168.07156401872635,773403400,1,0,1,102,'TK','TK_102'
NOW,107.41481587532508,34.854021858792414,3344.67163002491,19.413154304027557,165.6456795334816,773403399,4,4,0,102,'TK','TK_102'
NOW,107.63842099851023,35.609660870171645,3346.558374285698,20.80643481016159,165.24609994888306,773403396,4,5,1,102,'TK','TK_102'
NOW,106.97224476750034,33.02312356853859,3347.167934715748,19.143165171146393,164.5198090672493,773403393,1,1,1,102,'TK','TK_102'
NOW,108.89877680153639,36.305314631171775,3344.1923635601997,17.648092091083527,161.532797396183,773403392,4,2,0,102,'TK','TK_102'
NOW,106.04430486719365,30.779367623120613,3345.4258854985237,17.702327072620392,160.40628629922867,773403392,4,2,1,102,'TK','TK_102'
NOW,106.27741427640609,29.77976619145213,3346.461070358753,17.99969732761383,158.16736775636673,773403389,1,5,1,102,'TK','TK_102'
NOW,107.38635339982989,34.70695515979707,3345.1113916039467,20.490132451057434,155.48101764917374,773403388,4,1,0,102,'TK','TK_102'
NOW,107.22108586761719,34.0928039097311,3345.5154817700386,23.094699501991272,152.55178099870682,773403386,4,5,0,102,'TK','TK_102'
NOW,108.59716743775574,36.15264483717298,3342.764708817005,25.71062743663788,150.8759098649025,773403384,3,1,0,102,'TK','TK_102'
NOW,107.38242740574738,34.69268074688924,3342.6622859835625,27.633051991462708,149.82081896066666,773403383,3,0,0,102,'TK','TK_102'
NOW,105.95659290488622,30.162450636574082,3344.0123007893562,28.683759450912476,149.3716517686844,773403380,3,2,1,102,'TK','TK_102'
NOW,106.47124090128486,31.582838296045086,3345.1822989583015,29.331625044345856,147.87120723724365,773403376,5,3,0,102,'TK','TK_102'
NOW,106.91888406090975,28.004662767362696,3343.2507007718086,30.936065018177032,145.93912553787231,773403375,5,2,1,102,'TK','TK_102'
NOW,106.49832055072899,29.529459394566555,3341.661330640316,33.579215824604034,145.65547227859497,773403375,3,2,0,102,'TK','TK_102'
NOW,106.81019376554669,28.399003415651244,3339.9285182356834,34.96591264009476,145.07719141244888,773403372,3,4,1,102,'TK','TK_102'
NOW,107.39245531353929,34.78956288706451,3342.830336511135,35.77265548706055,144.15474826097488,773403370,1,2,1,102,'TK','TK_102'
NOW,107.42286457516148,34.903181328312094,3344.715274989605,33.58053374290466,142.9801169037819,773403366,1,5,0,102,'TK','TK_102'
NOW,107.43917461849671,34.89405243606262,3346.6890149712563,35.14632606506348,141.73970073461533,773403364,0,3,1,102,'TK','TK_102'
NOW,105.77480240539052,30.378068514917896,3349.4663839936256,35.63870811462402,141.67830139398575,773403362,5,0,0,102,'TK','TK_102'
NOW,109.11546606573053,36.4163516975539,3350.7902906537056,34.4006233215332,139.79479986429214,773403358,3,0,0,102,'TK','TK_102'
NOW,108.24123274941944,35.99868175133204,3353.210258066654,33.06532144546509,138.26467710733414,773403358,0,0,1,102,'TK','TK_102'
NOW,106.87267093736232,28.16592118430723,3355.25127607584,35.26118779182434,137.68553060293198,773403356,4,5,0,102,'TK','TK_102'
NOW,106.84230381675765,28.306774941102788,3357.5010634064674,32.376062631607056,136.58694618940353,773403354,5,3,1,102,'TK','TK_102'
NOW,105.94919222001013,30.742603287366506,3359.353678405285,30.298317909240723,133.67135447263718,773403354,3,5,1,102,'TK','TK_102'
NOW,107.21314529982025,34.0440000796539,3360.196712076664,29.093197107315063,133.39164996147156,773403352,2,0,1,102,'TK','TK_102'
NOW,107.29377655087197,34.4290361479185,3361.706462919712,26.300987005233765,130.8802502155304,773403350,5,2,0,102,'TK','TK_102'
NOW,107.40619017943627,34.80679421541009,3359.722927391529,24.283327341079712,130.56818628311157,773403347,5,5,1,102,'TK','TK_102'
NOW,106.599318548456,29.148144470019577,3358.300373136997,26.443046808242798,128.29793214797974,773403345,0,1,1,102,'TK','TK_102'
NOW,105.74608338480259,30.410459929353387,3358.85304749012,24.692573308944702,127.64720928668976,773403345,1,2,0,102,'TK','TK_102'
NOW,107.23758731004662,34.12632973324388,3359.3534942269325,22.856231927871704,127.5338836312294,773403344,1,0,1,102,'TK','TK_102'
NOW,106.96500050570305,33.027900149574485,3361.2635636925697,22.71189135313034,124.66383558511734,773403344,2,4,1,102,'TK','TK_102'
NOW,107.08088206409477,33.5129460166215,3359.3311719298363,21.461168229579926,123.44332081079483,773403340,4,3,0,102,'TK','TK_102'
NOW,106.5153904673567,29.47208953766553,3358.9636338353157,18.757993161678314,122.30963522195816,773403340,2,5,1,102,'TK','TK_102'
NOW,107.00158874987947,33.1771719314864,3356.867624104023,21.144961535930634,120.30771595239639,773403337,5,0,1,102,'TK','TK_102'
NOW,105.77138725720029,30.668687383098597,3355.2335084080696,23.044996678829193,119.95695704221725,773403337,3,2,0,102,'TK','TK_102'
NOW,108.17410884340111,35.96608398532693,3355.8517783284187,24.385836899280548,117.03789657354355,773403333,2,1,0,102,'TK','TK_102'
NOW,106.82309735858433,32.53990654295898,3353.207934677601,24.136422038078308,115.35204416513443,773403331,4,2,1,102,'TK','TK_102'
NOW,107.2803098052822,34.36113105780856,3355.53932338953,24.480441987514496,114.29921597242355,773403330,5,3,0,102,'TK','TK_102'
NOW,106.12519836411593,30.890157818434822,3353.2028101086617,21.57575124502182,113.59038430452347,773403330,3,2,0,102,'TK','TK_102'
NOW,109.19488219470777,36.438716479165045,3350.3542481064796,19.477214753627777,111.49109321832657,773403327,0,3,1,102,'TK','TK_102'
NOW,107.43503397074197,34.938531298322104,3351.3677621483803,21.46043509244919,109.47108155488968,773403326,1,4,0,102,'TK','TK_102'
NOW,107.35064909876778,34.59117408674099,3354.0657764077187,23.977554500102997,106.91294819116592,773403322,4,5,0,102,'TK','TK_102'
NOW,107.06127756002887,33.40516611197228,3356.6138432621956,24.189293086528778,104.78022390604019,773403318,1,1,0,102,'TK','TK_102'
NOW,109.06334247201896,36.38349680383827,3358.824977695942,25.281122386455536,102.908844769001,773403317,2,5,0,102,'TK','TK_102'
NOW,106.43504071440144,31.492805933012573,3356.4507425427437,24.216262757778168,101.97731912136078,773403314,0,0,1,102,'TK','TK_102'
NOW,106.53787802142746,29.39163632255428,3355.3123489022255,23.316096425056458,99.90425860881805,773403310,2,2,1,102,'TK','TK_102'
NOW,107.6753306607005,35.71901264107653,3357.19961386919,23.222774505615234,98.19677317142487,773403306,1,0,0,102,'TK','TK_102'
NOW,107.35596002429389,34.66358962181266,3356.0421164631844,23.33175480365753,97.84838300943375,773403305,5,4,1,102,'TK','TK_102'
NOW,105.68909062401269,30.458574426682404,3354.2072947621346,25.799603581428528,95.20475107431412,773403304,1,2,0,102,'TK','TK_102'
NOW,106.89362431797974,32.74925233956582,3357.0978584885597,27.83178699016571,95.03653883934021,773403301,0,5,0,102,'TK','TK_102'
NOW,106.63621009797926,29.003752651585586,3355.65211635828,27.366386353969574,94.52520823478699,773403300,3,2,1,102,'TK','TK_102'
NOW,106.48621717538222,29.559742197823624,3352.940572321415,28.72575491666794,93.91359233856201,773403298,1,0,0,102,'TK','TK_102'
NOW,107.639618980421,35.63344007319513,3351.5848918557167,28.209078669548035,92.79459154605865,773403295,2,5,0,102,'TK','TK_102'
NOW,107.4488226922272,34.945727712101714,3349.0727904438972,26.640801548957825,90.46698772907257,773403291,3,5,1,102,'TK','TK_102'
NOW,106.31746172948095,29.75453444352926,3351.420650064945,24.180511355400085,87.61701762676239,773403287,3,4,0,102,'TK','TK_102'
NOW,107.60477578323723,35.52305541643991,3349.4564445614815,26.139356017112732,85.90098083019257,773403285,4,5,0,102,'TK','TK_102'
NOW,106.94654855550972,27.891355220479046,3348.3845313191414,26.902683556079865,83.39631426334381,773403284,1,5,1,102,'TK','TK_102'
NOW,106.68240969694403,28.866931439953476,3348.2388004660606,29.845944225788116,82.09192419052124,773403281,1,1,1,102,'TK','TK_102'
NOW,105.99703518896861,30.12040526744185,3350.511492431164,28.401114404201508,79.73301649093628,773403277,0,4,0,102,'TK','TK_102'
NOW,108.94373237871338,36.32597021760631,3347.5429498553276,26.844466507434845,77.69292402267456,773403275,2,5,0,102,'TK','TK_102'
NOW,106.21236936802055,29.856040571890173,3347.4082165956497,26.92659467458725,75.01931166648865,773403271,2,1,0,102,'TK','TK_102'
NOW,106.9233469074962,27.996929527225966,3346.6740534305573,29.216111838817596,74.97119480371475,773403270,4,1,0,102,'TK','TK_102'
NOW,106.94055114976071,27.96590145827635,3344.756761074066,31.563582837581635,74.3499710559845,773403267,5,2,1,102,'TK','TK_102'
NOW,107.19384648715483,33.97101603258478,3347.596507549286,32.91594213247299,74.29213565587997,773403265,5,4,1,102,'TK','TK_102'
NOW,106.09677768087457,30.82705080897389,3345.6035537719727,34.93960613012314,73.87381601333618,773403264,1,4,1,102,'TK','TK_102'
NOW,107.64381056416514,35.689167168062504,3344.8367461562157,33.69419890642166,71.99763941764832,773403264,3,0,0,102,'TK','TK_102'
NOW,106.25395059436582,29.81719870196692,3347.515997350216,34.21301394701004,71.08032160997391,773403260,1,4,1,102,'TK','TK_102'
NOW,108.9343909263704,36.32623841367202,3347.425310432911,35.36019164323807,70.08302515745163,773403258,1,5,1,102,'TK','TK_102'
NOW,106.99312542314082,27.784701381060348,3347.3515359163284,35.32615101337433,68.26239293813705,773403256,4,2,0,102,'TK','TK_102'
NOW,108.11855683405358,35.9283482571886,3349.9128984212875,37.352511286735535,65.9105173945427,773403252,3,5,1,102,'TK','TK_102'
NOW,108.19597561404552,35.965011108649065,3347.42132461071,36.329880475997925,63.68596762418747,773403252,4,3,0,102,'TK','TK_102'
NOW,106.13680574297398,29.957449720479193,3350.0139330625534,36.39727920293808,62.690761506557465,773403250,3,0,1,102,'TK','TK_102'
NOW,108.08840794458484,35.90978870570578,3350.6274408102036,35.643671452999115,61.652489840984344,773403246,4,4,1,102,'TK','TK_102'
NOW,106.24625013738367,29.812300732677677,3353.234896302223,37.187603175640106,60.26297587156296,773403243,0,2,1,102,'TK','TK_102'
NOW,106.9423854609958,32.96627926638103,3351.5452090501785,35.75578099489212,58.39347404241562,773403242,1,3,0,102,'TK','TK_102'
NOW,107.27504664924804,34.30098904057102,3350.482320189476,33.02933007478714,55.92064160108566,773403240,2,5,0,102,'TK','TK_102'
NOW,106.95808437860238,32.974957096139846,3351.0341017246246,34.48944050073624,53.90608757734299,773403239,4,3,0,102,'TK','TK_102'
NOW,106.46587253867813,29.564278790982428,3353.642083644867,36.35491853952408,51.0835377573967,773403235,1,0,1,102,'TK','TK_102'
NOW,107.42640672716043,34.86911363582491,3353.335123062134,37.74329835176468,48.34450167417526,773403235,3,3,1,102,'TK','TK_102'
NOW,106.7066860535102,32.09939781063193,3351.248787164688,36.469490468502045,46.304499089717865,773403232,4,1,1,102,'TK','TK_102'
NOW,106.61004565501916,29.155304128701847,3350.1326417922974,36.786668837070465,44.63358563184738,773403232,4,1,1,102,'TK','TK_102'
NOW,105.91564938707401,30.208566900831865,3352.920107126236,39.10289245843887,43.06711333990097,773403228,3,0,1,102,'TK','TK_102'
NOW,107.44933559578058,34.94866554157861,3354.0346443653107,37.264826595783234,40.47311681509018,773403227,5,4,0,102,'TK','TK_102'
NOW,105.66902645482007,30.63628532082866,3354.676547765732,38.04677867889404,39.91556262969971,773403226,3,5,1,102,'TK','TK_102'
NOW,106.13523234754112,29.949672412271767,3354.4433524012566,39.36133253574371,38.5449481010437,773403225,2,1,0,102,'TK','TK_102'
NOW,106.61257036259747,29.133490108898748,3354.5488163232803,40.6399941444397,35.91370916366577,773403225,2,4,1,102,'TK','TK_102'
NOW,106.5716755692528,29.284144582162156,3354.580145061016,43.26456594467163,35.85154128074646,773403221,4,3,0,102,'TK','TK_102'
NOW,107.2498400718267,34.25634913680504,3353.082434594631,46.07518434524536,33.956547260284424,773403220,5,0,1,102,'TK','TK_102'
NOW,106.31317686140663,31.259124057270867,3352.922789156437,46.154875457286835,30.9670090675354,773403219,1,0,1,102,'TK','TK_102'
NOW,106.49651160628137,29.533919792370817,3350.3432093262672,44.187945783138275,28.42334270477295,773403215,0,5,0,102,'TK','TK_102'
NOW,106.37232801496867,29.67825736804486,3351.6106739640236,42.28343814611435,25.664211750030518,773403213,1,0,0,102,'TK','TK_102'
NOW,106.68081534129605,32.0472352685855,3350.3619979023933,42.00076746940613,24.69780683517456,773403209,0,1,0,102,'TK','TK_102'
NOW,107.63903272705295,35.618676354516644,3351.873159468174,41.16745001077652,24.29090017080307,773403209,5,3,1,102,'TK','TK_102'
NOW,106.51119773455713,29.454227379584413,3351.2357392907143,42.55183285474777,21.334387719631195,773403209,4,3,1,102,'TK','TK_102'
NOW,106.77140107065188,28.538436983462592,3348.5153272747993,44.07408517599106,19.372606098651886,773403208,5,0,1,102,'TK','TK_102'
NOW,107.22471745327513,34.14043202211083,3346.2593877911568,42.34490340948105,18.56187927722931,773403204,4,2,1,102,'TK','TK_102'
NOW,106.63747124771447,31.89584579144114,3344.9529377818108,42.41074323654175,16.280460476875305,773403201,1,1,0,102,'TK','TK_102'
NOW,106.88612047571328,32.77062235941071,3344.583371579647,42.057906329631805,13.529928803443909,773403197,2,0,1,102,'TK','TK_102'
NOW,106.29657860618197,31.23484348781013,3345.2245852947235,43.04328393936157,12.79312777519226,773403196,3,3,0,102,'TK','TK_102'
NOW,106.71971161437597,32.195850174058016,3342.419427871704,44.46347427368164,12.052655339241028,773403196,1,2,0,102,'TK','TK_102'
NOW,106.46297106678679,29.5852021761103,3341.6710633039474,44.985451102256775,10.160678267478943,773403193,5,3,1,102,'TK','TK_102'
NOW,106.6525843713511,31.95753916147676,3339.389956355095,43.419127106666565,8.163885951042175,773403190,5,0,1,102,'TK','TK_102'
NOW,107.37418528230073,34.68840611423262,3341.9627631902695,44.07338297367096,6.5176039934158325,773403188,3,0,1,102,'TK','TK_102'
NOW,107.44557939047178,34.95991177287191,3344.7283786535263,43.62064129114151,4.91317355632782,773403187,4,2,1,102,'TK','TK_102'
NOW,106.69842791983557,28.795928135539615,3347.579675078392,45.299741327762604,3.1484073400497437,773403184,2,5,0,102,'TK','TK_102'
NOW,107.508249594696,35.17178367239622,3349.8611048460007,46.41315585374832,0.9809068441390991,773403184,1,1,0,102,'TK','TK_102'
NOW,106.5496459580946,29.362502172136292,3352.1398383378983,47.41365295648575,0.4141281843185425,773403182,3,5,1,102,'TK','TK_102'
NOW,106.94722487134273,27.921684971403614,3354.5997980833054,47.00534814596176,0.11959493160247803,773403182,5,3,0,102,'TK','TK_102'
NOW,106.72576499220446,28.732051576320963,3355.7664734125137,49.78679245710373,0.813223123550415,773403179,2,0,1,102,'TK','TK_102'
NOW,106.57988740674136,31.76058399235867,3355.0419502854347,52.538701236248016,0.9467765688896179,773403178,3,5,1,102,'TK','TK_102'
NOW,106.45229425578235,29.578032141728386,3354.445603311062,53.77594393491745,1.197535753250122,773403177,2,3,0,102,'TK','TK_102'
NOW,107.18520510390903,33.9799032413871,3355.201900959015,55.19060391187668,1.41006737947464,773403174,4,0,1,102,'TK','TK_102'
NOW,106.7775688167652,32.37615643858109,3352.7252156734467,52.269581496715546,2.527128279209137,773403174,2,5,1,102,'TK','TK_102'
NOW,106.52286074599262,31.677393345848014,3350.930919408798,55.202368915081024,4.882101356983185,773403171,1,1,0,102,'TK','TK_102'
NOW,108.67202451598315,36.206077658473475,3349.4200916290283,54.67718201875687,7.475330650806427,773403171,0,4,0,102,'TK','TK_102'
NOW,107.38300444272855,34.73278847029182,3347.821561217308,56.67365223169327,9.720491468906403,773403167,0,2,1,102,'TK','TK_102'
NOW,107.09600864692011,33.54635396050311,3346.2372282743454,55.85283637046814,10.462131023406982,773403163,0,2,1,102,'TK','TK_102'
NOW,106.63719148915595,31.90945978202673,3343.9434477090836,54.650705337524414,11.701012372970581,773403160,2,1,1,102,'TK','TK_102'
NOW,109.27123788871704,36.48310711312169,3345.695930480957,57.46134376525879,11.831825852394104,773403156,2,2,1,102,'TK','TK_102'
NOW,106.25890059551082,31.14927218308177,3344.5101051330566,59.67626190185547,13.869433283805847,773403152,5,5,1,102,'TK','TK_102'
NOW,108.24125785551213,35.986367022881225,3346.249253988266,59.68598026037216,14.54167103767395,773403150,1,1,0,102,'TK','TK_102'
NOW,106.90149934727101,32.8109630885585,3343.532366991043,60.56255620718002,15.922163248062134,773403148,3,1,0,102,'TK','TK_102'
NOW,107.49868249813244,35.16467765820057,3342.4287507534027,59.29814141988754,17.931342601776123,773403144,4,1,0,102,'TK','TK_102'
NOW,106.86261644406989,32.659151406779365,3343.182684838772,60.17505604028702,18.77308076620102,773403142,3,1,0,102,'TK','TK_102'
NOW,106.5323673276031,31.676312591528763,3342.455655813217,57.90877491235733,20.812359750270844,773403139,5,1,1,102,'TK','TK_102'
NOW,106.91764104687024,32.81562274279571,3344.3710055351257,60.068362295627594,22.51111215353012,773403136,1,2,1,102,'TK','TK_102'
NOW,106.76204535529797,28.55745767493598,3342.168843984604,62.66324335336685,23.822382152080536,773403133,4,0,0,102,'TK','TK_102'
NOW,107.04238214624102,33.31030192711883,3342.2439742684364,61.21459847688675,25.709772884845734,773403133,2,5,0,102,'TK','TK_102'
NOW,106.84753374661383,28.31529193298727,3343.7778826355934,58.28433257341385,26.021875977516174,773403132,2,2,1,102,'TK','TK_102'
NOW,107.27606148225168,34.30123485040412,3345.817837059498,56.10532695055008,26.116461753845215,773403132,1,2,0,102,'TK','TK_102'
NOW,106.86946520584434,28.180273641709682,3348.069620192051,56.24500012397766,28.096781492233276,773403131,5,5,1,102,'TK','TK_102'
NOW,106.53279222188938,29.436898798213196,3349.1599248051643,57.29184818267822,30.959500789642334,773403130,1,1,0,102,'TK','TK_102'
NOW,106.39129207748216,31.400943877806828,3346.465506851673,58.409940004348755,32.41101038455963,773403127,0,5,0,102,'TK','TK_102'
NOW,106.99743143298906,33.16715067550696,3347.2853887677193,61.123589754104614,34.38732373714447,773403127,2,4,0,102,'TK','TK_102'
NOW,106.2528410500544,31.141314904688592,3345.8104599118233,62.99485111236572,34.44597381353378,773403126,0,4,0,102,'TK','TK_102'
NOW,105.63979421599987,30.6190775016479,3345.1277874708176,64.20072889328003,36.92674654722214,773403123,0,1,0,102,'TK','TK_102'
NOW,106.20551679368117,31.052897542076188,3346.921415925026,66.67445421218872,37.18033117055893,773403123,0,5,1,102,'TK','TK_102'
NOW,106.9441246060644,32.97146295374684,3344.407688975334,65.1373462677002,39.503776013851166,773403121,5,3,0,102,'TK','TK_102'
NOW,108.48215508766135,36.113911196099934,3345.246361553669,65.5833032131195,40.043632090091705,773403121,1,2,0,102,'TK','TK_102'
NOW,108.18033759415711,35.96484922694826,3347.136853635311,63.62475275993347,41.778015196323395,773403121,3,5,1,102,'TK','TK_102'
NOW,105.9202738840207,30.207437007713942,3345.7897562384605,60.65382623672485,42.61875522136688,773403117,0,0,0,102,'TK','TK_102'
NOW,107.20112439106364,33.97754273573925,3345.7833799123764,59.29717707633972,45.38927090167999,773403114,0,2,0,102,'TK','TK_102'
NOW,107.13100359573171,33.7230110000242,3345.4678854346275,60.986374855041504,47.17370569705963,773403111,5,2,1,102,'TK','TK_102'
NOW,109.08616476515164,36.40103307972145,3347.776361167431,60.97919172048569,47.68070524930954,773403108,1,3,1,102,'TK','TK_102'
NOW,107.00819281073021,27.73792731025081,3348.6156325936317,63.100235879421234,48.216831624507904,773403106,3,2,0,102,'TK','TK_102'
NOW,108.70235992223675,36.21800666618893,3347.2283509373665,63.30277770757675,50.89588016271591,773403105,4,1,1,102,'TK','TK_102'
NOW,108.96176200991607,36.34256352769421,3345.958539068699,64.18639159202576,52.192841589450836,773403101,2,1,1,102,'TK','TK_102'
NOW,106.57069281141793,31.772469607850283,3343.942380964756,66.90079474449158,54.502388536930084,773403099,1,4,0,102,'TK','TK_102'
NOW,106.80007471547785,28.439825668674278,3341.571619093418,65.06084406375885,55.97070091962814,773403098,0,0,0,102,'TK','TK_102'
NOW,109.21124538899409,36.45461886471318,3342.570629298687,66.40152728557587,56.780091643333435,773403094,0,1,0,102,'TK','TK_102'
NOW,107.51438141065049,35.22761780273784,3342.5938089489937,66.68194580078125,59.03098261356354,773403090,4,5,1,102,'TK','TK_102'
NOW,107.42206749200001,34.8652739869127,3343.2005383968353,69.50958395004272,59.24559634923935,773403088,2,1,0,102,'TK','TK_102'
NOW,107.6658276567806,35.72816452911933,3341.415014743805,71.31924700737,60.8903529047966,773403084,2,4,0,102,'TK','TK_102'
NOW,107.30829122897822,34.439235169048594,3339.956621646881,71.96940732002258,62.71220749616623,773403083,2,5,1,102,'TK','TK_102'
NOW,106.15864222907281,29.922887655627772,3339.9148015379906,71.28313481807709,62.84207880496979,773403080,2,0,1,102,'TK','TK_102'
NOW,106.69568573266558,28.83112180697346,3339.7508150339127,73.51561629772186,62.97022044658661,773403077,5,1,0,102,'TK','TK_102'
NOW,107.18463592589067,33.97472406163471,3339.391257047653,75.60664355754852,62.99692988395691,773403076,0,0,0,102,'TK','TK_102'
NOW,106.70691689309555,32.134946610898695,3336.9993596076965,75.81503760814667,64.52225160598755,773403073,5,0,0,102,'TK','TK_102'
NOW,106.13426211607468,30.915691964334773,3336.9628041386604,78.05112850666046,65.88066029548645,773403070,5,2,0,102,'TK','TK_102'
NOW,107.64828610982256,35.65136501394019,3338.8828490376472,79.4065877199173,66.96924781799316,773403066,3,0,1,102,'TK','TK_102'
