NOW,104.4756660726085,26.854811357703337,9337.146484375,88.91712951660156,403.33209228515625,'测试进程信息','测试订装信息',104.4756660726085,26.854811357703337,9189.02734375,47.02008819580078,0.7134684324264526,1,5,'测试身份证',586954360,0,1,0,807,'DFDDFSC','DFDDFSC_807'
NOW,107.56343109301281,29.966472548457368,9337.13128465414,89.84300178289413,400.646267414093,'测试进程信息','测试订装信息',107.56343109301281,29.966472548457368,9186.8819937706,48.92341589927673,1.021193265914917,3,2,'测试身份证',586954361,0,3,0,807,'DFDDFSC','DFDDFSC_807'
NOW,106.63222889882869,27.8777133548492,9340.033580958843,90.04235196113586,399.0974601507187,'测试进程信息','测试订装信息',106.63222889882869,27.8777133548492,9185.583635807037,48.36267560720444,1.5187578797340393,3,4,'测试身份证',586954363,5,2,0,807,'DFDDFSC','DFDDFSC_807'
NOW,104.79071087678625,26.65371895512339,9341.80130714178,91.04254531860352,397.9299954175949,'测试进程信息','测试订装信息',104.79071087678625,26.65371895512339,9184.90188318491,48.52914047241211,0.9513779878616333,2,3,'测试身份证',586954363,1,2,1,807,'DFDDFSC','DFDDFSC_807'
NOW,103.65953315505794,27.40574708369771,9340.041611850262,89.13588213920593,396.92223703861237,'测试进程信息','测试订装信息',103.65953315505794,27.40574708369771,9184.552063405514,48.34363389015198,0.5417096614837646,3,4,'测试身份证',586954365,3,0,0,807,'DFDDFSC','DFDDFSC_807'
NOW,103.71066953161512,28.585387213281756,9337.537041127682,88.07943832874298,395.4708865880966,'测试进程信息','测试订装信息',103.71066953161512,28.585387213281756,9182.665044248104,47.97826677560806,0.2962653636932373,1,3,'测试身份证',586954365,5,0,0,807,'DFDDFSC','DFDDFSC_807'
NOW,103.81640605514873,27.263449622401737,9336.648315668106,90.45671021938324,393.07517182826996,'测试进程信息','测试订装信息',103.81640605514873,27.263449622401737,9185.358796775341,48.931823551654816,0.6394430994987488,1,0,'测试身份证',586954368,1,4,0,807,'DFDDFSC','DFDDFSC_807'
NOW,106.23248871887928,29.501348189323416,9338.414825677872,89.45028078556061,391.72572457790375,'测试进程信息','测试订装信息',106.23248871887928,29.501348189323416,9185.875108242035,46.77081876993179,1.1185720562934875,3,1,'测试身份证',586954371,3,4,0,807,'DFDDFSC','DFDDFSC_807'
NOW,104.84849325021969,26.693901876155365,9336.77013540268,87.79666459560394,390.4490782022476,'测试进程信息','测试订装信息',104.84849325021969,26.693901876155365,9185.221413314342,46.52320975065231,1.1362404823303223,2,2,'测试身份证',586954375,3,5,1,807,'DFDDFSC','DFDDFSC_807'
NOW,107.62276878461931,29.47426003844848,9335.692997813225,86.49711215496063,388.16161930561066,'测试进程信息','测试订装信息',107.62276878461931,29.47426003844848,9183.690776526928,47.46378892660141,1.003847062587738,1,5,'测试身份证',586954379,5,0,0,807,'DFDDFSC','DFDDFSC_807'
NOW,103.69503590383393,28.25769196482602,9334.255808353424,89.32334744930267,386.4335639476776,'测试进程信息','测试订装信息',103.69503590383393,28.25769196482602,9182.526075065136,47.44215029478073,0.2596313953399658,3,4,'测试身份证',586954382,5,3,1,807,'DFDDFSC','DFDDFSC_807'
NOW,105.7063435684959,29.525306006931505,9336.762578248978,87.60440576076508,383.8059718608856,'测试进程信息','测试订装信息',105.7063435684959,29.525306006931505,9181.218266904354,48.34355419874191,1.0367650389671326,4,1,'测试身份证',586954385,0,0,0,807,'DFDDFSC','DFDDFSC_807'
NOW,107.01008859929962,30.27893422950219,9334.342407941818,85.14788591861725,383.552857875824,'测试进程信息','测试订装信息',107.01008859929962,30.27893422950219,9182.77816337347,47.811025738716125,1.6895005702972412,5,4,'测试身份证',586954388,3,1,1,807,'DFDDFSC','DFDDFSC_807'
NOW,104.31865954892062,26.951145018164073,9336.281832456589,85.43385320901871,382.7381349205971,'测试进程信息','测试订装信息',104.31865954892062,26.951145018164073,9181.448817193508,49.79599487781525,2.2496131658554077,0,3,'测试身份证',586954392,2,0,0,807,'DFDDFSC','DFDDFSC_807'
NOW,106.6232529140997,27.948990388518784,9333.959189414978,86.30246585607529,380.47862392663956,'测试进程信息','测试订装信息',106.6232529140997,27.948990388518784,9181.17016106844,49.82327079772949,1.9470134377479553,2,4,'测试身份证',586954392,3,0,1,807,'DFDDFSC','DFDDFSC_807'
NOW,103.83258287898911,29.967054427820006,9335.155611634254,84.74709433317184,379.9898092150688,'测试进程信息','测试订装信息',103.83258287898911,29.967054427820006,9178.792928755283,52.497414350509644,1.3189114332199097,0,3,'测试身份证',586954395,1,2,0,807,'DFDDFSC','DFDDFSC_807'
NOW,103.67317655297761,27.96069615061289,9334.966035246849,84.09763139486313,379.50891649723053,'测试进程信息','测试订装信息',103.67317655297761,27.96069615061289,9179.576681494713,50.30793523788452,1.1281094551086426,5,2,'测试身份证',586954395,3,4,1,807,'DFDDFSC','DFDDFSC_807'
NOW,104.01484859638248,27.152659365821453,9333.672994732857,86.5338973402977,376.7549046278,'测试进程信息','测试订装信息',104.01484859638248,27.152659365821453,9181.567756295204,52.314732789993286,0.1922098994255066,1,5,'测试身份证',586954396,3,0,1,807,'DFDDFSC','DFDDFSC_807'
NOW,106.87820903383262,30.969980883360094,9333.14662373066,87.77950376272202,373.8967150449753,'测试进程信息','测试订装信息',106.87820903383262,30.969980883360094,9181.67795664072,50.90180063247681,0.3054649233818054,3,3,'测试身份证',586954400,4,3,0,807,'DFDDFSC','DFDDFSC_807'
NOW,105.59977715616962,30.731369768796288,9332.306154608727,90.6745108962059,373.8708855509758,'测试进程信息','测试订装信息',105.59977715616962,30.731369768796288,9179.893179237843,50.331210911273956,0.809959888458252,5,0,'测试身份证',586954400,3,1,1,807,'DFDDFSC','DFDDFSC_807'
NOW,105.94659879923839,30.812483222315716,9331.644453465939,92.6461301445961,372.8709589242935,'测试进程信息','测试订装信息',105.94659879923839,30.812483222315716,9180.030711650848,48.52289170026779,0.7713608145713806,1,2,'测试身份证',586954401,3,2,1,807,'DFDDFSC','DFDDFSC_807'
NOW,105.40247425506713,27.304625268891954,9331.467359185219,91.88816809654236,371.19214498996735,'测试进程信息','测试订装信息',105.40247425506713,27.304625268891954,9179.993794798851,49.140795946121216,1.2220147848129272,0,3,'测试身份证',586954401,3,0,1,807,'DFDDFSC','DFDDFSC_807'
NOW,103.95159754593517,30.325056373324163,9330.802250921726,90.16442441940308,369.85110235214233,'测试进程信息','测试订装信息',103.95159754593517,30.325056373324163,9179.476009190083,47.37616670131683,1.7324668765068054,0,4,'测试身份证',586954404,0,5,0,807,'DFDDFSC','DFDDFSC_807'
NOW,105.05836185133597,30.595547696262337,9329.919425785542,89.54985827207565,369.2341638803482,'测试进程信息','测试订装信息',105.05836185133597,30.595547696262337,9179.202728927135,47.90395087003708,0.9117649793624878,0,2,'测试身份证',586954405,5,4,1,807,'DFDDFSC','DFDDFSC_807'
NOW,106.20738843280125,30.87089567647893,9327.066883385181,91.80029886960983,367.13407146930695,'测试进程信息','测试订装信息',106.20738843280125,30.87089567647893,9177.969829380512,50.7872559428215,0.9727376103401184,1,5,'测试身份证',586954409,3,1,1,807,'DFDDFSC','DFDDFSC_807'
NOW,106.5842822356388,28.40939178515701,9327.081817746162,89.8762977719307,366.86695152521133,'测试进程信息','测试订装信息',106.5842822356388,28.40939178515701,9175.808309614658,53.36916369199753,1.0684093236923218,1,2,'测试身份证',586954410,4,4,0,807,'DFDDFSC','DFDDFSC_807'
NOW,105.28181534966367,29.696553499006903,9326.729556262493,88.92387306690216,366.5527797341347,'测试进程信息','测试订装信息',105.28181534966367,29.696553499006903,9175.087092578411,55.2861230969429,0.5657669305801392,2,2,'测试身份证',586954413,5,2,0,807,'DFDDFSC','DFDDFSC_807'
NOW,106.55042691701013,30.923908876023386,9328.596372306347,86.92749106884003,366.2258093357086,'测试进程信息','测试订装信息',106.55042691701013,30.923908876023386,9174.452843129635,57.645555555820465,0.7485779523849487,4,0,'测试身份证',586954417,4,0,1,807,'DFDDFSC','DFDDFSC_807'
NOW,104.96580957880457,26.88426859460742,9327.640826404095,85.79347205162048,365.30719673633575,'测试进程信息','测试订装信息',104.96580957880457,26.88426859460742,9171.847638785839,57.34344244003296,0.3119885325431824,4,1,'测试身份证',586954419,3,2,0,807,'DFDDFSC','DFDDFSC_807'
NOW,106.58408582950668,27.640979309284443,9329.589077532291,84.44008553028107,362.6930032968521,'测试进程信息','测试订装信息',106.58408582950668,27.640979309284443,9168.890298306942,57.3340180516243,1.2164068222045898,1,3,'测试身份证',586954420,5,5,0,807,'DFDDFSC','DFDDFSC_807'
NOW,103.72524064884884,29.14981984881436,9327.312980949879,82.877974152565,360.2348121404648,'测试进程信息','测试订装信息',103.72524064884884,29.14981984881436,9166.994735777378,55.465207159519196,1.255376160144806,1,3,'测试身份证',586954424,3,4,1,807,'DFDDFSC','DFDDFSC_807'
NOW,105.39043323698841,29.756902687700144,9328.56935697794,82.96390283107758,357.28084647655487,'测试进程信息','测试订装信息',105.39043323698841,29.756902687700144,9168.959128797054,54.26338189840317,0.7864852547645569,2,0,'测试身份证',586954428,3,4,0,807,'DFDDFSC','DFDDFSC_807'
NOW,106.99157154487467,28.86031956370181,9326.123843729496,83.80975514650345,355.7632908821106,'测试进程信息','测试订装信息',106.99157154487467,28.86031956370181,9166.960861861706,53.60859441757202,0.30823075771331787,0,1,'测试身份证',586954431,5,1,1,807,'DFDDFSC','DFDDFSC_807'
NOW,106.23457113192181,30.86305663461878,9324.938664972782,82.86370211839676,354.86826634407043,'测试进程信息','测试订装信息',106.23457113192181,30.86305663461878,9164.644460856915,51.428322315216064,0.1400582194328308,1,5,'测试身份证',586954432,1,4,1,807,'DFDDFSC','DFDDFSC_807'
NOW,105.18753817177712,27.189759392581827,9324.682706952095,83.13321781158447,353.15458726882935,'测试进程信息','测试订装信息',105.18753817177712,27.189759392581827,9164.202608764172,49.05022978782654,0.7667739987373352,3,0,'测试身份证',586954436,2,4,0,807,'DFDDFSC','DFDDFSC_807'
NOW,105.48723246712551,29.80674947898098,9327.350595116615,84.40785932540894,352.93598687648773,'测试进程信息','测试订装信息',105.48723246712551,29.80674947898098,9165.890405356884,51.786476850509644,1.271417498588562,0,1,'测试身份证',586954438,1,4,1,807,'DFDDFSC','DFDDFSC_807'
NOW,106.73874829104297,28.72179115653388,9326.865388333797,87.28969502449036,352.30920881032944,'测试进程信息','测试订装信息',106.73874829104297,28.72179115653388,9163.041726768017,53.11188817024231,0.6166268587112427,1,1,'测试身份证',586954439,0,0,0,807,'DFDDFSC','DFDDFSC_807'
NOW,103.71170903549235,28.642333965164614,9327.055228292942,87.52178210020065,351.84323990345,'测试进程信息','测试订装信息',103.71170903549235,28.642333965164614,9165.805583655834,50.18089699745178,0.32322442531585693,1,2,'测试身份证',586954440,3,0,1,807,'DFDDFSC','DFDDFSC_807'
NOW,103.71598149227606,28.96527544269557,9327.666515529156,86.89653754234314,349.5575248003006,'测试进程信息','测试订装信息',103.71598149227606,28.96527544269557,9162.82394784689,48.57909607887268,0.5413691997528076,5,1,'测试身份证',586954442,3,5,0,807,'DFDDFSC','DFDDFSC_807'
NOW,103.74640390817099,29.648942217671088,9325.054623305798,85.96239870786667,348.53080201148987,'测试进程信息','测试订装信息',103.74640390817099,29.648942217671088,9164.84729450941,47.06169819831848,0.2646450400352478,1,5,'测试身份证',586954446,3,5,0,807,'DFDDFSC','DFDDFSC_807'
NOW,103.74865294450981,29.638779049672724,9326.79150646925,86.75066900253296,346.44905400276184,'测试进程信息','测试订装信息',103.74865294450981,29.638779049672724,9167.301198661327,44.53400492668152,0.7746603488922119,0,5,'测试身份证',586954446,2,5,0,807,'DFDDFSC','DFDDFSC_807'
NOW,103.74501686904088,29.330009105153398,9328.601062357426,85.20296251773834,344.824835062027,'测试进程信息','测试订装信息',103.74501686904088,29.330009105153398,9169.183169901371,44.35759657621384,1.3113250136375427,3,3,'测试身份证',586954447,3,5,1,807,'DFDDFSC','DFDDFSC_807'
NOW,106.52481328543598,29.464843090419823,9331.213722288609,87.61415255069733,342.8318371772766,'测试进程信息','测试订装信息',106.52481328543598,29.464843090419823,9172.13812404871,43.569169998168945,0.9420952200889587,4,3,'测试身份证',586954448,4,0,1,807,'DFDDFSC','DFDDFSC_807'
NOW,103.71238174660057,28.953334960219472,9330.555583834648,84.85774195194244,341.90450489521027,'测试进程信息','测试订装信息',103.71238174660057,28.953334960219472,9170.282887756824,41.608919620513916,1.5560608506202698,3,2,'测试身份证',586954450,0,4,1,807,'DFDDFSC','DFDDFSC_807'
NOW,103.70203395579051,28.60606801438203,9330.247119784355,83.78628647327423,341.5053893327713,'测试进程信息','测试订装信息',103.70203395579051,28.60606801438203,9170.235450565815,38.78142309188843,0.6046556234359741,2,4,'测试身份证',586954451,3,1,1,807,'DFDDFSC','DFDDFSC_807'
NOW,106.63104015381722,28.667678221624943,9330.215983271599,84.21157878637314,340.41474187374115,'测试进程信息','测试订装信息',106.63104015381722,28.667678221624943,9170.755207955837,41.11034965515137,1.2977620363235474,2,3,'测试身份证',586954454,1,5,0,807,'DFDDFSC','DFDDFSC_807'
NOW,106.29322291542566,30.245667621259557,9329.682557880878,82.77985173463821,339.9362216591835,'测试进程信息','测试订装信息',106.29322291542566,30.245667621259557,9171.219136953354,40.213188111782074,2.035829722881317,1,5,'测试身份证',586954454,1,1,1,807,'DFDDFSC','DFDDFSC_807'
NOW,105.67186590995351,29.53120170770605,9326.878181755543,82.61221081018448,337.58550745248795,'测试进程信息','测试订装信息',105.67186590995351,29.53120170770605,9170.435671031475,42.76761621236801,2.4879602789878845,2,3,'测试身份证',586954454,1,3,0,807,'DFDDFSC','DFDDFSC_807'
NOW,105.85327809984574,27.429946655661777,9329.5278480649,80.75715893507004,335.97406536340714,'测试进程信息','测试订装信息',105.85327809984574,27.429946655661777,9168.36975377798,42.74412989616394,1.6752260327339172,1,0,'测试身份证',586954455,3,2,1,807,'DFDDFSC','DFDDFSC_807'
NOW,103.65273403019752,27.467776460646427,9330.46916180849,78.79496639966965,333.2817433476448,'测试进程信息','测试订装信息',103.65273403019752,27.467776460646427,9169.77831119299,39.926274061203,1.4096426963806152,0,5,'测试身份证',586954459,3,2,1,807,'DFDDFSC','DFDDFSC_807'
NOW,107.5934785391721,29.696079507589992,9331.517968833447,78.83511012792587,333.1706110239029,'测试进程信息','测试订装信息',107.5934785391721,29.696079507589992,9171.788161456585,38.43615210056305,2.1424573063850403,3,0,'测试身份证',586954459,2,5,1,807,'DFDDFSC','DFDDFSC_807'
NOW,105.01690488817074,26.955195496237096,9328.807549655437,78.92127358913422,330.5727928876877,'测试进程信息','测试订装信息',105.01690488817074,26.955195496237096,9171.624449074268,39.2414288520813,1.2652186751365662,2,2,'测试身份证',586954460,1,5,0,807,'DFDDFSC','DFDDFSC_807'
NOW,103.79463586664417,29.873498237368835,9327.88307839632,79.66048324108124,329.75095134973526,'测试进程信息','测试订装信息',103.79463586664417,29.873498237368835,9172.075741648674,40.68159484863281,1.990321934223175,0,5,'测试身份证',586954464,1,2,0,807,'DFDDFSC','DFDDFSC_807'
NOW,107.37800161961805,29.09025502744404,9327.303519368172,79.64245110750198,328.8583724498749,'测试进程信息','测试订装信息',107.37800161961805,29.09025502744404,9170.099441409111,40.9072687625885,1.529605209827423,3,0,'测试身份证',586954464,0,2,1,807,'DFDDFSC','DFDDFSC_807'
NOW,107.36111770893947,30.145500377178617,9326.013391852379,77.52744895219803,327.70486998558044,'测试进程信息','测试订装信息',107.36111770893947,30.145500377178617,9170.100641787052,40.5160773396492,1.7643369436264038,2,0,'测试身份证',586954465,5,3,1,807,'DFDDFSC','DFDDFSC_807'
NOW,106.6065867979259,28.64932587929027,9323.7199395895,75.4404883980751,324.9756500720978,'测试进程信息','测试订装信息',106.6065867979259,28.64932587929027,9168.006886065006,38.7472465634346,1.3904340267181396,3,3,'测试身份证',586954468,5,2,1,807,'DFDDFSC','DFDDFSC_807'
NOW,103.69577969350468,28.595432573037396,9320.873812556267,76.43427455425262,323.05428886413574,'测试进程信息','测试订装信息',103.69577969350468,28.595432573037396,9165.330749094486,38.515253722667694,1.4472205638885498,1,0,'测试身份证',586954470,5,0,1,807,'DFDDFSC','DFDDFSC_807'
NOW,107.58938539127223,29.20095470774238,9321.978677034378,77.00648540258408,322.70434963703156,'测试进程信息','测试订装信息',107.58938539127223,29.20095470774238,9164.436442494392,38.285531640052795,1.1458823084831238,1,0,'测试身份证',586954474,4,1,1,807,'DFDDFSC','DFDDFSC_807'
NOW,103.74704664697127,29.410031429713527,9324.798910856247,75.89463251829147,322.5813598036766,'测试进程信息','测试订装信息',103.74704664697127,29.410031429713527,9164.908155798912,38.73262172937393,0.8819838166236877,3,5,'测试身份证',586954475,1,5,0,807,'DFDDFSC','DFDDFSC_807'
NOW,106.59813953395785,28.200851332542506,9324.286101102829,73.14325112104416,321.9779723882675,'测试进程信息','测试订装信息',106.59813953395785,28.200851332542506,9163.94417667389,37.89813715219498,0.5272517800331116,1,4,'测试身份证',586954479,5,2,0,807,'DFDDFSC','DFDDFSC_807'
NOW,107.61849021892884,29.650268231743848,9322.832791924477,73.3006454706192,319.5849748849869,'测试进程信息','测试订装信息',107.61849021892884,29.650268231743848,9163.645036160946,40.62183314561844,0.1399114727973938,5,0,'测试身份证',586954482,4,0,0,807,'DFDDFSC','DFDDFSC_807'
NOW,105.77444905382559,30.779372843322115,9321.552550435066,71.473104596138,318.6613481640816,'测试进程信息','测试订装信息',105.77444905382559,30.779372843322115,9161.711887300014,38.220604717731476,0.6640129685401917,5,2,'测试身份证',586954483,4,0,1,807,'DFDDFSC','DFDDFSC_807'
NOW,103.69738819859964,28.41084861908047,9319.422506213188,68.82788717746735,318.36928045749664,'测试进程信息','测试订装信息',103.69738819859964,28.41084861908047,9161.036707520485,36.97746878862381,0.4997780919075012,5,1,'测试身份证',586954483,2,2,0,807,'DFDDFSC','DFDDFSC_807'
NOW,106.69077318045915,30.937604484771015,9316.9886687994,70.79912447929382,316.5636967420578,'测试进程信息','测试订装信息',106.69077318045915,30.937604484771015,9159.035772919655,36.16744023561478,1.1337957382202148,3,1,'测试身份证',586954485,1,2,1,807,'DFDDFSC','DFDDFSC_807'
NOW,104.22470620836701,30.40100139639627,9316.811916232109,71.87684273719788,315.30228865146637,'测试进程信息','测试订装信息',104.22470620836701,30.40100139639627,9159.135791778564,37.4009695649147,0.1449882984161377,4,5,'测试身份证',586954485,4,3,0,807,'DFDDFSC','DFDDFSC_807'
NOW,105.46130368216686,27.333275695518843,9315.779507994652,69.06722736358643,312.84448754787445,'测试进程信息','测试订装信息',105.46130368216686,27.333275695518843,9161.980618953705,39.395688593387604,0.016956686973571777,5,3,'测试身份证',586954487,0,5,0,807,'DFDDFSC','DFDDFSC_807'
NOW,104.74210504627676,30.522734949903327,9313.129149794579,67.56964755058289,310.8393212556839,'测试进程信息','测试订装信息',104.74210504627676,30.522734949903327,9159.004989385605,37.15512663125992,0.27268242835998535,3,5,'测试身份证',586954490,3,4,1,807,'DFDDFSC','DFDDFSC_807'
NOW,104.7184959376298,26.697381874055893,9313.20135217905,68.193186044693,308.2501360177994,'测试进程信息','测试订装信息',104.7184959376298,26.697381874055893,9160.414838910103,40.03169113397598,0.5954515337944031,5,2,'测试身份证',586954494,2,3,1,807,'DFDDFSC','DFDDFSC_807'
NOW,106.57492678761696,27.63717185276222,9310.7838819623,71.16692423820496,307.09175395965576,'测试进程信息','测试订装信息',106.57492678761696,27.63717185276222,9159.249863743782,42.67170625925064,0.8459334969520569,0,4,'测试身份证',586954494,2,5,0,807,'DFDDFSC','DFDDFSC_807'
NOW,106.13855221469997,27.509908418896416,9312.552568495274,68.85753321647644,306.3700904250145,'测试进程信息','测试订装信息',106.13855221469997,27.509908418896416,9156.631669163704,43.36838698387146,0.23839730024337769,4,4,'测试身份证',586954497,5,3,0,807,'DFDDFSC','DFDDFSC_807'
NOW,103.77512241942468,29.718096222945636,9309.985991537571,66.27582430839539,304.86584109067917,'测试进程信息','测试订装信息',103.77512241942468,29.718096222945636,9154.903687477112,41.154123306274414,1.1614305973052979,4,3,'测试身份证',586954497,5,2,0,807,'DFDDFSC','DFDDFSC_807'
NOW,106.43532054955571,30.904845618937692,9311.222512304783,68.24460315704346,304.17312306165695,'测试进程信息','测试订装信息',106.43532054955571,30.904845618937692,9155.77503168583,42.78075075149536,0.5004817843437195,5,4,'测试身份证',586954500,3,1,0,807,'DFDDFSC','DFDDFSC_807'
NOW,106.0480478456591,27.495339794629665,9308.627708017826,70.58534526824951,302.32844990491867,'测试进程信息','测试订装信息',106.0480478456591,27.495339794629665,9154.2592369318,39.82857894897461,0.38852256536483765,3,2,'测试身份证',586954502,1,4,0,807,'DFDDFSC','DFDDFSC_807'
NOW,103.69366021544951,28.247694534905715,9305.709986031055,69.01321363449097,301.2327336668968,'测试进程信息','测试订装信息',103.69366021544951,28.247694534905715,9153.047187805176,37.006317377090454,0.27941083908081055,2,2,'测试身份证',586954504,1,1,1,807,'DFDDFSC','DFDDFSC_807'
NOW,105.16336540244662,27.15337659487707,9304.150944530964,67.12699055671692,299.29843932390213,'测试进程信息','测试订装信息',105.16336540244662,27.15337659487707,9151.629542708397,34.40741467475891,0.13218939304351807,4,3,'测试身份证',586954505,3,0,0,807,'DFDDFSC','DFDDFSC_807'
NOW,103.7395713962652,29.389267517637116,9303.78541201353,64.28341579437256,296.7238443493843,'测试进程信息','测试订装信息',103.7395713962652,29.389267517637116,9153.056355953217,35.77841305732727,0.1481979489326477,2,3,'测试身份证',586954507,0,2,1,807,'DFDDFSC','DFDDFSC_807'
NOW,103.7367148896384,29.21405515923739,9302.34426933527,64.37938094139099,296.14469569921494,'测试进程信息','测试订装信息',103.7367148896384,29.21405515923739,9153.658720552921,32.98126983642578,0.842070460319519,4,0,'测试身份证',586954508,3,3,1,807,'DFDDFSC','DFDDFSC_807'
NOW,105.18649159789915,29.64511850380275,9303.549218952656,66.60736083984375,295.26638972759247,'测试进程信息','测试订装信息',105.18649159789915,29.64511850380275,9151.843064129353,32.74838238954544,1.635008990764618,3,1,'测试身份证',586954511,1,5,1,807,'DFDDFSC','DFDDFSC_807'
NOW,106.52298467659195,30.383880045992544,9301.39217454195,69.36627459526062,293.1375697851181,'测试进程信息','测试订装信息',106.52298467659195,30.383880045992544,9149.339114248753,32.60539186000824,1.244333803653717,1,0,'测试身份证',586954514,5,4,1,807,'DFDDFSC','DFDDFSC_807'
NOW,105.9561453814885,30.822184295112535,9304.373714745045,69.0578847527504,292.0295692682266,'测试进程信息','测试订装信息',105.9561453814885,30.822184295112535,9148.22618418932,32.340946078300476,1.2394949793815613,4,1,'测试身份证',586954517,0,3,1,807,'DFDDFSC','DFDDFSC_807'
NOW,107.41051098366304,29.10480667740131,9307.305425941944,67.27966672182083,291.5118546485901,'测试进程信息','测试订装信息',107.41051098366304,29.10480667740131,9145.94629508257,32.04741960763931,1.456905484199524,0,0,'测试身份证',586954518,2,2,1,807,'DFDDFSC','DFDDFSC_807'
NOW,106.54132916343923,27.62410920626106,9309.932398617268,68.79078251123428,289.2266721725464,'测试进程信息','测试订装信息',106.54132916343923,27.62410920626106,9145.994309484959,34.704242527484894,1.4905178546905518,5,1,'测试身份证',586954521,4,4,0,807,'DFDDFSC','DFDDFSC_807'
NOW,106.45979008873537,30.342926313800774,9309.523226201534,66.83341032266617,286.4307894706726,'测试进程信息','测试订装信息',106.45979008873537,30.342926313800774,9147.737829387188,34.2417556643486,1.7247070670127869,0,2,'测试身份证',586954524,4,0,0,807,'DFDDFSC','DFDDFSC_807'
NOW,106.56579504448688,28.6074314338546,9306.541268527508,67.02442795038223,283.5028920173645,'测试进程信息','测试订装信息',106.56579504448688,28.6074314338546,9148.638872265816,32.35792821645737,1.4232468008995056,0,2,'测试身份证',586954525,3,3,1,807,'DFDDFSC','DFDDFSC_807'
NOW,106.57257167459481,30.91404148983335,9304.443695485592,66.56517225503922,280.9945397377014,'测试进程信息','测试订装信息',106.57257167459481,30.91404148983335,9148.526859641075,30.611010253429413,1.5806313753128052,5,1,'测试身份证',586954528,2,5,0,807,'DFDDFSC','DFDDFSC_807'
NOW,103.89725336592335,27.223483379611643,9307.294377744198,67.55514949560165,278.50365686416626,'测试进程信息','测试订装信息',103.89725336592335,27.223483379611643,9150.157983660698,28.152208030223846,2.4592745900154114,3,1,'测试身份证',586954528,0,0,1,807,'DFDDFSC','DFDDFSC_807'
NOW,105.66274415672353,29.91837361218885,9305.685811579227,67.0390762090683,278.25289714336395,'测试进程信息','测试订装信息',105.66274415672353,29.91837361218885,9151.210045099258,26.794637143611908,2.816234588623047,0,1,'测试身份证',586954531,3,5,1,807,'DFDDFSC','DFDDFSC_807'
NOW,106.59201639136475,28.342617732819413,9307.761602699757,69.15654957294464,277.1888428926468,'测试进程信息','测试订装信息',106.59201639136475,28.342617732819413,9150.412470936775,24.76726597547531,2.1686455607414246,3,4,'测试身份证',586954533,3,0,0,807,'DFDDFSC','DFDDFSC_807'
NOW,106.60869394522435,28.079086563309602,9307.994176149368,71.80044996738434,276.1544096469879,'测试进程信息','测试订装信息',106.60869394522435,28.079086563309602,9152.049550056458,23.94510418176651,2.089210629463196,4,5,'测试身份证',586954537,1,1,0,807,'DFDDFSC','DFDDFSC_807'
NOW,105.71350358299522,27.406462792144186,9307.769691705704,70.6200248003006,274.48844385147095,'测试进程信息','测试订装信息',105.71350358299522,27.406462792144186,9149.754341363907,23.34180384874344,2.019435942173004,3,1,'测试身份证',586954537,5,4,1,807,'DFDDFSC','DFDDFSC_807'
NOW,103.71027420841854,28.555910110222328,9305.907873868942,68.50319516658783,272.23783349990845,'测试进程信息','测试订装信息',103.71027420841854,28.555910110222328,9152.33711361885,22.6682208776474,1.8301646709442139,2,5,'测试身份证',586954541,1,1,0,807,'DFDDFSC','DFDDFSC_807'
NOW,106.32759991180664,27.576484065709085,9304.388645648956,70.18168330192566,271.99655413627625,'测试进程信息','测试订装信息',106.32759991180664,27.576484065709085,9152.774293124676,23.02830994129181,2.509883999824524,0,5,'测试身份证',586954543,5,4,0,807,'DFDDFSC','DFDDFSC_807'
NOW,103.7201507723952,29.006135093120996,9305.904863357544,69.04428040981293,269.6791741847992,'测试进程信息','测试订装信息',103.7201507723952,29.006135093120996,9154.420643270016,22.152120232582092,3.446349024772644,2,4,'测试身份证',586954547,1,5,1,807,'DFDDFSC','DFDDFSC_807'
NOW,104.24719695065926,30.4034191699454,9305.917638719082,68.39400619268417,267.5044734477997,'测试进程信息','测试订装信息',104.24719695065926,30.4034191699454,9151.52129215002,19.53234612941742,2.794738531112671,1,2,'测试身份证',586954548,0,2,1,807,'DFDDFSC','DFDDFSC_807'
NOW,106.99413688921508,30.283830570877104,9306.295426249504,66.37022227048874,266.869228720665,'测试进程信息','测试订装信息',106.99413688921508,30.283830570877104,9148.528292119503,19.314084768295288,1.8359577059745789,2,1,'测试身份证',586954549,2,3,1,807,'DFDDFSC','DFDDFSC_807'
NOW,103.7421507279822,29.38925695570713,9306.047198712826,67.02983218431473,264.0256413221359,'测试进程信息','测试订装信息',103.7421507279822,29.38925695570713,9147.33347004652,21.06131911277771,1.958364188671112,3,3,'测试身份证',586954552,0,5,0,807,'DFDDFSC','DFDDFSC_807'
NOW,107.14024876772945,28.945146492663223,9303.228784024715,65.09978491067886,261.1403089761734,'测试进程信息','测试订装信息',107.14024876772945,28.945146492663223,9149.468901574612,18.767265558242798,1.242971658706665,1,4,'测试身份证',586954555,4,4,0,807,'DFDDFSC','DFDDFSC_807'
NOW,105.83405782325724,27.440245506452,9302.006035506725,67.53073412179947,258.2041734457016,'测试进程信息','测试订装信息',105.83405782325724,27.440245506452,9148.293852031231,19.948133945465088,2.110113024711609,1,0,'测试身份证',586954555,0,1,0,807,'DFDDFSC','DFDDFSC_807'
NOW,107.06402162399728,28.9107361631776,9301.949223995209,67.93586605787277,256.3755946159363,'测试进程信息','测试订装信息',107.06402162399728,28.9107361631776,9147.151563346386,19.39373153448105,2.294237196445465,1,2,'测试身份证',586954556,1,0,1,807,'DFDDFSC','DFDDFSC_807'
NOW,106.01854448770644,30.841026234616212,9300.716101884842,67.78260838985443,255.26508033275604,'测试进程信息','测试订装信息',106.01854448770644,30.841026234616212,9147.373817622662,20.697937428951263,1.4868229031562805,3,4,'测试身份证',586954560,1,3,1,807,'DFDDFSC','DFDDFSC_807'
NOW,105.83836350537163,29.526868928431803,9299.563938856125,69.16063821315765,255.21102631092072,'测试进程信息','测试订装信息',105.83836350537163,29.526868928431803,9145.279220998287,17.8066343665123,2.388876497745514,5,4,'测试身份证',586954560,4,5,1,807,'DFDDFSC','DFDDFSC_807'
NOW,106.22936906770704,29.49739105633057,9301.740869522095,67.78615891933441,253.58689296245575,'测试进程信息','测试订装信息',106.22936906770704,29.49739105633057,9143.765865027905,20.719628274440765,2.555665612220764,4,0,'测试身份证',586954563,4,0,0,807,'DFDDFSC','DFDDFSC_807'
NOW,103.65403900062013,27.363025826991752,9302.027387738228,65.0101865530014,252.31775772571564,'测试进程信息','测试订装信息',103.65403900062013,27.363025826991752,9143.744659304619,20.388108134269714,2.945943236351013,0,5,'测试身份证',586954567,3,4,0,807,'DFDDFSC','DFDDFSC_807'
NOW,103.76140564738297,29.63270079184034,9301.491220414639,62.3365181684494,252.11005318164825,'测试进程信息','测试订装信息',103.76140564738297,29.63270079184034,9142.966250419617,19.71325647830963,3.6362540125846863,0,2,'测试身份证',586954568,5,5,0,807,'DFDDFSC','DFDDFSC_807'
NOW,103.98348690723763,27.169817023677744,9300.094931423664,61.982128620147705,251.99661004543304,'测试进程信息','测试订装信息',103.98348690723763,27.169817023677744,9140.569194316864,22.348077416419983,3.8468122482299805,3,2,'测试身份证',586954568,2,4,0,807,'DFDDFSC','DFDDFSC_807'
NOW,105.05506127817839,27.020191962773197,9299.731725633144,61.98049372434616,249.67545688152313,'测试进程信息','测试订装信息',105.05506127817839,27.020191962773197,9141.140236616135,21.380106806755066,3.04274845123291,0,1,'测试身份证',586954571,1,0,0,807,'DFDDFSC','DFDDFSC_807'
NOW,105.28455595400204,30.65248336435583,9297.217872560024,61.75197434425354,247.1744021177292,'测试进程信息','测试订装信息',105.28455595400204,30.65248336435583,9144.026141405106,24.117195963859558,3.477365493774414,3,0,'测试身份证',586954571,3,2,0,807,'DFDDFSC','DFDDFSC_807'
NOW,105.99356392743859,30.837307380637007,9297.960837125778,60.735827922821045,244.3967708349228,'测试进程信息','测试订装信息',105.99356392743859,30.837307380637007,9141.863518953323,21.803049445152283,2.587615728378296,1,4,'测试身份证',586954574,5,4,0,807,'DFDDFSC','DFDDFSC_807'
NOW,107.62723733627097,29.493624662478027,9299.021579027176,57.87304162979126,243.73144656419754,'测试进程信息','测试订装信息',107.62723733627097,29.493624662478027,9142.626469552517,18.917970538139343,2.5568270087242126,2,1,'测试身份证',586954575,3,3,0,807,'DFDDFSC','DFDDFSC_807'
NOW,106.04190919486183,30.83886706193802,9296.781301498413,60.20698642730713,241.16617399454117,'测试进程信息','测试订装信息',106.04190919486183,30.83886706193802,9141.399893701077,16.90746581554413,2.5111212730407715,4,2,'测试身份证',586954575,0,2,1,807,'DFDDFSC','DFDDFSC_807'
NOW,107.3594574330426,31.043217332849697,9295.831444561481,59.352331817150116,239.57194513082504,'测试进程信息','测试订装信息',107.3594574330426,31.043217332849697,9139.842078506947,15.480143427848816,2.828585982322693,4,3,'测试身份证',586954577,1,5,0,807,'DFDDFSC','DFDDFSC_807'
NOW,103.90550264934474,30.31219319316659,9296.112473726273,56.74294823408127,237.51252549886703,'测试进程信息','测试订装信息',103.90550264934474,30.31219319316659,9139.528985142708,17.038302540779114,2.300426423549652,2,2,'测试身份证',586954581,5,2,1,807,'DFDDFSC','DFDDFSC_807'
NOW,106.64278107873221,27.66858973020184,9297.024939239025,58.47426360845566,235.65996450185776,'测试进程信息','测试订装信息',106.64278107873221,27.66858973020184,9138.220327019691,17.361041486263275,1.6008154153823853,3,3,'测试身份证',586954581,5,3,1,807,'DFDDFSC','DFDDFSC_807'
NOW,103.70811844625781,28.60396906695221,9296.108338475227,56.986418187618256,235.31993407011032,'测试进程信息','测试订装信息',103.70811844625781,28.60396906695221,9141.051335930824,17.075928926467896,2.1398399472236633,4,2,'测试身份证',586954582,4,4,1,807,'DFDDFSC','DFDDFSC_807'
NOW,106.42304494858432,30.33115758286337,9297.820593833923,59.6161727309227,233.17534559965134,'测试进程信息','测试订装信息',106.42304494858432,30.33115758286337,9143.037184119225,19.085288286209106,1.4677520394325256,5,3,'测试身份证',586954586,0,0,1,807,'DFDDFSC','DFDDFSC_807'
NOW,106.34739774806376,27.5711373976325,9296.745041251183,57.917023718357086,230.86170762777328,'测试进程信息','测试订装信息',106.34739774806376,27.5711373976325,9141.803636670113,21.798686504364014,1.3293536901474,2,5,'测试身份证',586954587,3,5,1,807,'DFDDFSC','DFDDFSC_807'
NOW,103.85659773201841,30.130810292916884,9296.760201275349,59.23620671033859,230.8388990163803,'测试进程信息','测试订装信息',103.85659773201841,30.130810292916884,9142.789308786392,23.95966410636902,2.1526533365249634,3,1,'测试身份证',586954590,2,3,0,807,'DFDDFSC','DFDDFSC_807'
NOW,103.69502501858454,28.25992274300919,9298.959685146809,60.576304852962494,228.78961217403412,'测试进程信息','测试订装信息',103.69502501858454,28.25992274300919,9142.13149291277,22.433504819869995,2.2856756448745728,2,4,'测试身份证',586954591,5,4,0,807,'DFDDFSC','DFDDFSC_807'
NOW,107.34861002988858,29.060375870008674,9299.19928508997,58.20906275510788,227.60557889938354,'测试进程信息','测试订装信息',107.34861002988858,29.060375870008674,9141.582367300987,21.252896547317505,3.0526031255722046,4,0,'测试身份证',586954591,3,5,1,807,'DFDDFSC','DFDDFSC_807'
NOW,103.67379988835927,28.102889469630604,9300.855017244816,55.29375857114792,224.87055945396423,'测试进程信息','测试订装信息',103.67379988835927,28.102889469630604,9141.094280898571,22.206045985221863,3.5738940238952637,3,5,'测试身份证',586954592,3,2,1,807,'DFDDFSC','DFDDFSC_807'
NOW,106.13094030512987,29.498831164721356,9302.3037353158,57.507910430431366,224.76301270723343,'测试进程信息','测试订装信息',106.13094030512987,29.498831164721356,9140.608341515064,24.454018473625183,3.898385763168335,4,5,'测试身份证',586954596,2,5,0,807,'DFDDFSC','DFDDFSC_807'
NOW,106.6309917908687,27.91214955272599,9300.926793396473,57.17704439163208,223.75588113069534,'测试进程信息','测试订装信息',106.6309917908687,27.91214955272599,9141.30398118496,23.34888231754303,3.483651578426361,0,2,'测试身份证',586954599,3,2,0,807,'DFDDFSC','DFDDFSC_807'
NOW,106.11736472283785,29.51007238295184,9303.778140366077,59.74882769584656,221.09001523256302,'测试进程信息','测试订装信息',106.11736472283785,29.51007238295184,9140.956908881664,23.399786174297333,4.020439267158508,0,4,'测试身份证',586954603,0,4,0,807,'DFDDFSC','DFDDFSC_807'
NOW,103.7068396005971,28.556159395810386,9304.93256765604,61.31829810142517,218.7978065609932,'测试进程信息','测试订装信息',103.7068396005971,28.556159395810386,9140.37196111679,26.271524846553802,4.09784609079361,4,3,'测试身份证',586954603,1,0,1,807,'DFDDFSC','DFDDFSC_807'
NOW,106.05983131767721,27.489961685237255,9303.967381358147,62.81466507911682,216.68411523103714,'测试进程信息','测试订装信息',106.05983131767721,27.489961685237255,9139.85141158104,26.08691143989563,4.341840386390686,4,5,'测试身份证',586954605,4,4,0,807,'DFDDFSC','DFDDFSC_807'
NOW,106.24507819135083,30.233502042709794,9302.06605374813,64.42049384117126,215.92562568187714,'测试进程信息','测试订装信息',106.24507819135083,30.233502042709794,9140.8872692585,24.61526608467102,3.899338483810425,4,2,'测试身份证',586954606,4,2,0,807,'DFDDFSC','DFDDFSC_807'
NOW,105.7749093115874,30.77080642131014,9304.489158987999,61.54070067405701,213.2569454908371,'测试进程信息','测试订装信息',105.7749093115874,30.77080642131014,9140.600463151932,22.90330410003662,4.745354413986206,0,1,'测试身份证',586954609,2,5,1,807,'DFDDFSC','DFDDFSC_807'
NOW,103.6795578183678,28.07677927444849,9305.784660935402,58.679662466049194,212.09077143669128,'测试进程信息','测试订装信息',103.6795578183678,28.07677927444849,9141.242460250854,25.741936922073364,4.838538944721222,5,5,'测试身份证',586954610,0,1,0,807,'DFDDFSC','DFDDFSC_807'
NOW,103.72787549933452,29.065376536813304,9304.351184487343,59.49741131067276,210.3978214263916,'测试进程信息','测试订装信息',103.72787549933452,29.065376536813304,9138.473086357117,26.93408441543579,4.913084149360657,0,5,'测试身份证',586954614,1,2,0,807,'DFDDFSC','DFDDFSC_807'
NOW,106.73028838849244,29.508331994734775,9304.468044221401,57.492267429828644,210.29143232107162,'测试进程信息','测试订装信息',106.73028838849244,29.508331994734775,9137.083273649216,28.498682022094727,5.307935535907745,3,1,'测试身份证',586954618,2,3,1,807,'DFDDFSC','DFDDFSC_807'
NOW,105.17905533322993,29.57801071443007,9306.470275104046,60.00802618265152,208.2235659956932,'测试进程信息','测试订装信息',105.17905533322993,29.57801071443007,9135.293230772018,27.785023272037506,4.450839936733246,2,3,'测试身份证',586954622,0,1,1,807,'DFDDFSC','DFDDFSC_807'
NOW,107.56131514745789,29.9528337046113,9309.010559737682,62.7375128865242,205.6220983862877,'测试进程信息','测试订装信息',107.56131514745789,29.9528337046113,9137.533070325851,29.56100708246231,4.384668409824371,4,5,'测试身份证',586954626,0,2,1,807,'DFDDFSC','DFDDFSC_807'
NOW,106.64581400861266,27.836121423244357,9310.654185593128,62.324446976184845,203.47690027952194,'测试进程信息','测试订装信息',106.64581400861266,27.836121423244357,9137.287188827991,29.177917003631592,4.18537449836731,0,1,'测试身份证',586954630,5,4,1,807,'DFDDFSC','DFDDFSC_807'
NOW,105.99586418987376,30.835074570774776,9309.90269267559,59.66635686159134,203.06895327568054,'测试进程信息','测试订装信息',105.99586418987376,30.835074570774776,9138.034007906914,30.682188510894775,5.1345513463020325,2,1,'测试身份证',586954630,3,0,1,807,'DFDDFSC','DFDDFSC_807'
NOW,106.03841164526521,30.10815541444188,9311.105655312538,61.81647378206253,200.67731833457947,'测试进程信息','测试订装信息',106.03841164526521,30.10815541444188,9137.54345190525,28.332484245300293,4.873002231121063,3,4,'测试身份证',586954631,4,1,1,807,'DFDDFSC','DFDDFSC_807'
NOW,104.18076915948635,30.394185796344637,9308.916136145592,60.733053267002106,199.26717376708984,'测试进程信息','测试订装信息',104.18076915948635,30.394185796344637,9137.643163740635,25.953868865966797,5.440380215644836,3,0,'测试身份证',586954634,2,0,1,807,'DFDDFSC','DFDDFSC_807'
NOW,105.4495330762677,27.323214739991187,9310.752455115318,62.82337576150894,196.4175899028778,'测试进程信息','测试订装信息',105.4495330762677,27.323214739991187,9137.08344823122,25.872942864894867,5.77552193403244,1,3,'测试身份证',586954636,3,5,1,807,'DFDDFSC','DFDDFSC_807'
NOW,106.49707849865672,29.474027092526356,9313.71174967289,62.08423101902008,194.54688322544098,'测试进程信息','测试订装信息',106.49707849865672,29.474027092526356,9138.52715009451,28.808668792247772,5.456314742565155,1,3,'测试身份证',586954636,3,4,1,807,'DFDDFSC','DFDDFSC_807'
NOW,107.00631624119595,30.982749825227188,9314.930433392525,60.161800503730774,193.88193982839584,'测试进程信息','测试订装信息',107.00631624119595,30.982749825227188,9140.702232301235,29.16898638010025,5.499553918838501,2,2,'测试身份证',586954639,0,5,1,807,'DFDDFSC','DFDDFSC_807'
NOW,106.2901893779143,30.885285511628407,9315.236030519009,57.54981076717377,191.13868111371994,'测试进程信息','测试订装信息',106.2901893779143,30.885285511628407,9140.39592564106,31.146264374256134,6.311773777008057,4,1,'测试身份证',586954642,5,1,0,807,'DFDDFSC','DFDDFSC_807'
NOW,106.65026959941132,27.682859313964926,9317.099825561047,59.62589395046234,189.16706651449203,'测试进程信息','测试订装信息',106.65026959941132,27.682859313964926,9142.545489430428,28.451729595661163,7.146191477775574,0,0,'测试身份证',586954646,3,2,1,807,'DFDDFSC','DFDDFSC_807'
NOW,106.30098842983836,29.491476580925774,9315.9649335742,62.60611879825592,186.52790969610214,'测试进程信息','测试订装信息',106.30098842983836,29.491476580925774,9142.121239960194,29.57068806886673,7.18258273601532,4,0,'测试身份证',586954647,0,2,1,807,'DFDDFSC','DFDDFSC_807'
NOW,106.29581669129826,30.88204729696462,9315.814743995667,62.263765037059784,185.6315032839775,'测试进程信息','测试订装信息',106.29581669129826,30.88204729696462,9140.76061218977,26.788035690784454,7.786880791187286,1,4,'测试身份证',586954650,1,1,1,807,'DFDDFSC','DFDDFSC_807'
NOW,104.58883015571568,30.494076360844062,9315.78032785654,60.54052919149399,183.54585260152817,'测试进程信息','测试订装信息',104.58883015571568,30.494076360844062,9140.673288941383,26.726352214813232,7.3280187249183655,2,1,'测试身份证',586954653,1,4,1,807,'DFDDFSC','DFDDFSC_807'
NOW,107.45649574876403,29.122352832203088,9318.322477161884,57.7862383723259,181.1563579440117,'测试进程信息','测试订装信息',107.45649574876403,29.122352832203088,9140.598011136055,25.48632574081421,6.891416013240814,1,1,'测试身份证',586954657,3,1,1,807,'DFDDFSC','DFDDFSC_807'
NOW,107.5557195920821,30.000834717805926,9315.408890545368,57.074074506759644,178.64568895101547,'测试进程信息','测试订装信息',107.5557195920821,30.000834717805926,9140.362789809704,27.126725792884827,6.853809058666229,0,1,'测试身份证',586954661,1,1,1,807,'DFDDFSC','DFDDFSC_807'
NOW,103.65670984091473,27.38015963637428,9312.473621189594,59.628546714782715,176.32852333784103,'测试进程信息','测试订装信息',103.65670984091473,27.38015963637428,9140.937064349651,29.205694317817688,5.915200471878052,3,3,'测试身份证',586954662,3,5,0,807,'DFDDFSC','DFDDFSC_807'
NOW,104.96334255458714,30.584836571700187,9312.420280098915,58.9174467921257,175.22090810537338,'测试进程信息','测试订装信息',104.96334255458714,30.584836571700187,9139.57278174162,29.267710745334625,6.899242520332336,4,3,'测试身份证',586954665,3,5,0,807,'DFDDFSC','DFDDFSC_807'
NOW,106.95731063322897,30.981451591455656,9312.84994083643,56.14583629369736,172.32895201444626,'测试进程信息','测试订装信息',106.95731063322897,30.981451591455656,9142.223408401012,26.988546192646027,6.664254188537598,2,0,'测试身份证',586954667,0,2,1,807,'DFDDFSC','DFDDFSC_807'
NOW,106.09475092419801,29.508494121178725,9314.42535072565,55.931551575660706,171.85081964731216,'测试进程信息','测试订装信息',106.09475092419801,29.508494121178725,9140.327428162098,26.25323987007141,6.836312472820282,1,4,'测试身份证',586954669,3,5,0,807,'DFDDFSC','DFDDFSC_807'
NOW,103.72040005272486,29.105173877391927,9315.018688440323,57.74616014957428,169.15783387422562,'测试进程信息','测试订装信息',103.72040005272486,29.105173877391927,9141.87321215868,26.78012192249298,7.468444228172302,1,1,'测试身份证',586954673,0,3,1,807,'DFDDFSC','DFDDFSC_807'
NOW,105.79765519784611,29.524240821515175,9317.142637968063,58.594165205955505,166.29264456033707,'测试进程信息','测试订装信息',105.79765519784611,29.524240821515175,9141.17534160614,24.497348427772522,7.721965968608856,2,1,'测试身份证',586954674,0,5,0,807,'DFDDFSC','DFDDFSC_807'
NOW,106.16382972476434,30.190287551312046,9316.421894967556,56.41732704639435,166.26984614133835,'测试进程信息','测试订装信息',106.16382972476434,30.190287551312046,9139.83954179287,21.733502507209778,8.027993321418762,4,1,'测试身份证',586954675,4,5,0,807,'DFDDFSC','DFDDFSC_807'
NOW,105.33606886166058,30.663064591886634,9316.334089457989,58.4409362077713,166.1742336153984,'测试进程信息','测试订装信息',105.33606886166058,30.663064591886634,9140.014860451221,21.17156809568405,8.792393863201141,0,0,'测试身份证',586954678,0,5,0,807,'DFDDFSC','DFDDFSC_807'
NOW,105.0247523142168,30.601857234595798,9316.405496835709,59.472381234169006,165.70109194517136,'测试进程信息','测试订装信息',105.0247523142168,30.601857234595798,9140.593304038048,19.935419738292694,8.289065778255463,5,4,'测试身份证',586954680,2,4,0,807,'DFDDFSC','DFDDFSC_807'
NOW,105.84521326998016,30.00989668767089,9316.757025003433,58.81780529022217,164.54445642232895,'测试进程信息','测试订装信息',105.84521326998016,30.00989668767089,9142.73562180996,17.078242480754852,8.825415968894958,0,3,'测试身份证',586954684,0,0,1,807,'DFDDFSC','DFDDFSC_807'
NOW,105.80758986767171,30.782575740881356,9313.98776268959,60.546337366104126,163.25819772481918,'测试进程信息','测试订装信息',105.80758986767171,30.782575740881356,9143.454566121101,15.501616179943085,9.556902527809143,1,2,'测试身份证',586954687,5,3,0,807,'DFDDFSC','DFDDFSC_807'
NOW,106.6353435406626,27.956380621853068,9313.59411919117,59.52121019363403,161.34872835874557,'测试进程信息','测试订装信息',106.6353435406626,27.956380621853068,9143.623909175396,13.321062743663788,10.556373417377472,4,5,'测试身份证',586954689,5,5,1,807,'DFDDFSC','DFDDFSC_807'
NOW,103.7156804777498,28.825764546074417,9315.310690999031,56.76392841339111,158.3649324774742,'测试进程信息','测试订装信息',103.7156804777498,28.825764546074417,9142.855233311653,13.029912173748016,11.263834655284882,5,3,'测试身份证',586954693,4,5,0,807,'DFDDFSC','DFDDFSC_807'
NOW,104.40149187400135,26.912292307700326,9317.470197796822,54.04619526863098,156.1626881957054,'测试进程信息','测试订装信息',104.40149187400135,26.912292307700326,9141.20442211628,13.91528970003128,10.369976460933685,2,0,'测试身份证',586954695,2,4,1,807,'DFDDFSC','DFDDFSC_807'
NOW,106.5959262090606,28.327313024226566,9319.086684703827,53.9178860783577,155.34219294786453,'测试进程信息','测试订装信息',106.5959262090606,28.327313024226566,9142.925172567368,13.835793673992157,9.385049521923065,4,1,'测试身份证',586954695,2,5,0,807,'DFDDFSC','DFDDFSC_807'
NOW,103.6567615781795,27.508629221402252,9317.541491746902,56.333100616931915,154.02147346735,'测试进程信息','测试订装信息',103.6567615781795,27.508629221402252,9140.208621740341,14.912379920482635,10.000257432460785,1,5,'测试身份证',586954697,5,0,0,807,'DFDDFSC','DFDDFSC_807'
NOW,106.5981391615789,28.28393314323746,9318.828345060349,53.7704980969429,153.93884015083313,'测试进程信息','测试订装信息',106.5981391615789,28.28393314323746,9140.521237671375,14.091463387012482,10.17239499092102,4,4,'测试身份证',586954697,3,3,0,807,'DFDDFSC','DFDDFSC_807'
NOW,106.56611872583609,28.604810906723642,9318.78177011013,54.09798240661621,153.21321284770966,'测试进程信息','测试订装信息',106.56611872583609,28.604810906723642,9142.300816476345,14.289730489253998,10.188691318035126,2,3,'测试身份证',586954697,1,2,1,807,'DFDDFSC','DFDDFSC_807'
NOW,104.88274203971528,26.744931902979552,9320.188215136528,54.24001681804657,152.8264672756195,'测试进程信息','测试订装信息',104.88274203971528,26.744931902979552,9143.10735797882,14.198270201683044,10.849048256874084,4,5,'测试身份证',586954700,0,1,0,807,'DFDDFSC','DFDDFSC_807'
NOW,103.67572754130924,28.120307454357608,9319.060735344887,55.71893084049225,150.60190725326538,'测试进程信息','测试订装信息',103.67572754130924,28.120307454357608,9142.840912342072,15.473597407341003,11.294467508792877,1,3,'测试身份证',586954703,1,1,1,807,'DFDDFSC','DFDDFSC_807'
NOW,104.83508586992583,30.54706320070012,9318.919758617878,57.44081497192383,149.77070873975754,'测试进程信息','测试订装信息',104.83508586992583,30.54706320070012,9142.540120482445,16.451249539852142,11.897324442863464,5,5,'测试身份证',586954705,4,1,1,807,'DFDDFSC','DFDDFSC_807'
NOW,106.51079120632323,30.367333916279794,9321.703618824482,57.644366562366486,149.34976768493652,'测试进程信息','测试订装信息',106.51079120632323,30.367333916279794,9141.210557103157,16.06273102760315,11.023667335510254,1,1,'测试身份证',586954707,3,4,0,807,'DFDDFSC','DFDDFSC_807'
NOW,104.65743743730019,30.496652172759923,9320.36625546217,58.002439856529236,148.14400362968445,'测试进程信息','测试订装信息',104.65743743730019,30.496652172759923,9138.863139748573,13.564622640609741,11.649618864059448,2,0,'测试身份证',586954711,5,5,0,807,'DFDDFSC','DFDDFSC_807'
NOW,107.1997385969849,30.19999326154568,9322.227381646633,56.71490132808685,147.3056189417839,'测试进程信息','测试订装信息',107.1997385969849,30.19999326154568,9139.861919999123,12.750300586223602,11.354759871959686,5,2,'测试身份证',586954713,1,1,1,807,'DFDDFSC','DFDDFSC_807'
NOW,106.05758290108747,30.131736836296326,9319.575837790966,59.158260226249695,145.67001324892044,'测试进程信息','测试订装信息',106.05758290108747,30.131736836296326,9140.030384719372,11.984448194503784,11.099778294563293,3,5,'测试身份证',586954713,3,4,1,807,'DFDDFSC','DFDDFSC_807'
NOW,106.44606392195521,30.905465200112275,9320.032414138317,60.82864034175873,144.56135612726212,'测试进程信息','测试订装信息',106.44606392195521,30.905465200112275,9139.564751446247,13.271353721618652,11.031284272670746,0,1,'测试身份证',586954716,5,0,0,807,'DFDDFSC','DFDDFSC_807'
NOW,105.16022157092678,30.629254467514393,9317.367666900158,62.74797189235687,143.2849641442299,'测试进程信息','测试订装信息',105.16022157092678,30.629254467514393,9137.93325740099,12.708326041698456,11.893482565879822,0,4,'测试身份证',586954718,0,3,1,807,'DFDDFSC','DFDDFSC_807'
NOW,103.65910355331047,27.772994293707214,9319.427243888378,59.79351222515106,140.62167745828629,'测试进程信息','测试订装信息',103.65910355331047,27.772994293707214,9136.921340048313,14.809753358364105,11.333489835262299,3,0,'测试身份证',586954720,3,0,0,807,'DFDDFSC','DFDDFSC_807'
NOW,103.71927029637406,28.899262752944566,9321.574711024761,58.515666365623474,138.63800483942032,'测试进程信息','测试订装信息',103.71927029637406,28.899262752944566,9134.487338602543,15.508919954299927,11.437405347824097,5,3,'测试身份证',586954723,0,3,1,807,'DFDDFSC','DFDDFSC_807'
NOW,107.58752041920269,29.196767376644527,9321.317920446396,60.08727943897247,137.31238955259323,'测试进程信息','测试订装信息',107.58752041920269,29.196767376644527,9134.591026723385,17.334491848945618,11.463217377662659,1,3,'测试身份证',586954724,4,0,0,807,'DFDDFSC','DFDDFSC_807'
NOW,106.26504438805172,30.880388812422723,9318.612584352493,58.81511676311493,134.56803959608078,'测试进程信息','测试订装信息',106.26504438805172,30.880388812422723,9132.486214578152,20.143398880958557,11.838405013084412,2,2,'测试身份证',586954724,3,2,0,807,'DFDDFSC','DFDDFSC_807'
NOW,103.78774956137411,29.82002493319271,9317.649986922741,61.25334107875824,133.3113116621971,'测试进程信息','测试订装信息',103.78774956137411,29.82002493319271,9130.31992071867,19.14898705482483,11.591294765472412,5,0,'测试身份证',586954728,4,4,0,807,'DFDDFSC','DFDDFSC_807'
NOW,104.81178368351725,26.662279994290646,9315.106658875942,62.57523858547211,132.22436636686325,'测试进程信息','测试订装信息',104.81178368351725,26.662279994290646,9129.363303899765,22.116426706314087,12.529530882835388,0,1,'测试身份证',586954730,2,2,1,807,'DFDDFSC','DFDDFSC_807'
NOW,105.22260031294365,27.262696910114787,9313.302507460117,63.63038146495819,129.47466319799423,'测试进程信息','测试订装信息',105.22260031294365,27.262696910114787,9126.699348688126,21.240828335285187,12.65748542547226,4,4,'测试身份证',586954730,3,1,0,807,'DFDDFSC','DFDDFSC_807'
NOW,106.62875386068286,28.66097910871053,9312.129873931408,63.61442482471466,128.17351192235947,'测试进程信息','测试订装信息',106.62875386068286,28.66097910871053,9125.312022566795,20.11204367876053,12.982045352458954,2,0,'测试身份证',586954734,1,3,0,807,'DFDDFSC','DFDDFSC_807'
NOW,106.00085754173142,27.487736908159327,9310.218316972256,64.1509428024292,125.99797052145004,'测试进程信息','测试订装信息',106.00085754173142,27.487736908159327,9123.00725209713,22.845048248767853,13.52337908744812,1,5,'测试身份证',586954734,2,2,1,807,'DFDDFSC','DFDDFSC_807'
NOW,107.30677669166377,29.049670942415123,9307.76902860403,66.87684202194214,123.22029703855515,'测试进程信息','测试订装信息',107.30677669166377,29.049670942415123,9125.74031484127,21.226376354694366,14.337630927562714,3,3,'测试身份证',586954738,2,3,1,807,'DFDDFSC','DFDDFSC_807'
NOW,105.19044347529548,29.579243689521018,9307.366390407085,64.75442004203796,122.07604950666428,'测试进程信息','测试订装信息',105.19044347529548,29.579243689521018,9124.12329864502,21.52000206708908,13.39058393239975,0,1,'测试身份证',586954741,3,4,1,807,'DFDDFSC','DFDDFSC_807'
NOW,106.60642010707102,28.108750807225025,9306.57089817524,64.50635397434235,121.23221617937088,'测试进程信息','测试订装信息',106.60642010707102,28.108750807225025,9126.097942829132,20.199174106121063,13.745784878730774,3,2,'测试身份证',586954741,2,2,1,807,'DFDDFSC','DFDDFSC_807'
NOW,106.4884600030157,30.361313337128756,9304.899301409721,64.22441107034683,121.22983580827713,'测试进程信息','测试订装信息',106.4884600030157,30.361313337128756,9125.0116263628,18.27876704931259,14.611851453781128,4,1,'测试身份证',586954741,1,2,0,807,'DFDDFSC','DFDDFSC_807'
NOW,103.66231122918057,27.78462072977509,9305.641420543194,63.79323488473892,120.80867731571198,'测试进程信息','测试订装信息',103.66231122918057,27.78462072977509,9124.248131096363,18.3556067943573,14.58377605676651,0,1,'测试身份证',586954745,3,0,0,807,'DFDDFSC','DFDDFSC_807'
NOW,104.14489040077608,30.372698181922118,9303.606359183788,64.51070648431778,118.51551592350006,'测试进程信息','测试订装信息',104.14489040077608,30.372698181922118,9127.06483155489,16.983669757843018,14.203229188919067,1,3,'测试身份证',586954748,0,1,0,807,'DFDDFSC','DFDDFSC_807'
NOW,106.13522700958428,27.526948427601283,9306.41620272398,63.28774482011795,116.5333799123764,'测试进程信息','测试订装信息',106.13522700958428,27.526948427601283,9125.129214823246,15.303596019744873,14.044641733169556,5,4,'测试身份证',586954749,0,1,0,807,'DFDDFSC','DFDDFSC_807'
NOW,106.28076534811427,29.485143448457947,9304.551197946072,64.26528465747833,115.75699037313461,'测试进程信息','测试订装信息',106.28076534811427,29.485143448457947,9124.882707476616,15.918516755104065,14.124983847141266,2,3,'测试身份证',586954752,2,2,0,807,'DFDDFSC','DFDDFSC_807'
NOW,105.73221949634276,30.773128652801436,9305.015035033226,64.22865015268326,115.60409104824066,'测试进程信息','测试订装信息',105.73221949634276,30.773128652801436,9122.949651241302,16.70598328113556,13.346818208694458,2,2,'测试身份证',586954755,0,1,0,807,'DFDDFSC','DFDDFSC_807'
NOW,106.95286204577796,28.84147675635257,9307.746910691261,61.33985382318497,114.39567959308624,'测试进程信息','测试订装信息',106.95286204577796,28.84147675635257,9122.454661726952,17.877481341362,13.55545198917389,2,3,'测试身份证',586954759,4,4,1,807,'DFDDFSC','DFDDFSC_807'
NOW,107.5244015643358,29.164117967438177,9308.459081888199,62.729712069034576,112.69465792179108,'测试进程信息','测试订装信息',107.5244015643358,29.164117967438177,9121.808896303177,16.886955678462982,12.889350950717926,1,0,'测试身份证',586954763,0,2,0,807,'DFDDFSC','DFDDFSC_807'
NOW,103.66455985944192,27.569840792154686,9306.063861608505,63.291408121585846,110.91476356983185,'测试进程信息','测试订装信息',103.66455985944192,27.569840792154686,9119.445461034775,16.64929336309433,12.593701779842377,2,0,'测试身份证',586954765,2,2,1,807,'DFDDFSC','DFDDFSC_807'
NOW,106.55773364370617,30.391321834344446,9304.631316304207,61.811382591724396,108.55770456790924,'测试进程信息','测试订装信息',106.55773364370617,30.391321834344446,9118.537693858147,16.45589643716812,12.841124653816223,4,3,'测试身份证',586954769,0,2,1,807,'DFDDFSC','DFDDFSC_807'
NOW,104.27880495104937,30.42124727959004,9301.837056517601,62.25454252958298,107.94368505477905,'测试进程信息','测试订装信息',104.27880495104937,30.42124727959004,9115.796229243279,18.1509330868721,13.052720546722412,4,2,'测试身份证',586954773,3,2,0,807,'DFDDFSC','DFDDFSC_807'
NOW,105.34212644560884,27.30117249907422,9302.898344159126,59.567595183849335,106.00406849384308,'测试进程信息','测试订装信息',105.34212644560884,27.30117249907422,9115.80859208107,17.534878849983215,12.484052002429962,1,4,'测试身份证',586954775,0,2,1,807,'DFDDFSC','DFDDFSC_807'
NOW,107.61441524083686,29.628467126634437,9300.222237467766,62.08138483762741,105.3283714056015,'测试进程信息','测试订装信息',107.61441524083686,29.628467126634437,9118.647643089294,19.715304017066956,13.40781581401825,5,4,'测试身份证',586954777,3,5,0,807,'DFDDFSC','DFDDFSC_807'
NOW,107.57897451742623,29.876573643031882,9297.770742058754,59.42490476369858,105.17554843425751,'测试进程信息','测试订装信息',107.57897451742623,29.876573643031882,9118.348950326443,17.752219915390015,12.887778759002686,5,1,'测试身份证',586954778,3,2,0,807,'DFDDFSC','DFDDFSC_807'
NOW,106.35889817083151,30.291692924167204,9299.75104522705,61.77391737699509,105.03417044878006,'测试进程信息','测试订装信息',106.35889817083151,30.291692924167204,9120.564206302166,15.21147084236145,12.441219210624695,3,5,'测试身份证',586954782,3,5,1,807,'DFDDFSC','DFDDFSC_807'
NOW,105.82628809022006,29.51575905559039,9297.173023700714,61.60260218381882,102.55457407236099,'测试进程信息','测试订装信息',105.82628809022006,29.51575905559039,9118.27884787321,12.536078929901123,12.07716852426529,0,3,'测试身份证',586954783,5,0,1,807,'DFDDFSC','DFDDFSC_807'
NOW,106.86110061521268,30.974730264956754,9296.095280885696,62.649089992046356,102.24025028944016,'测试进程信息','测试订装信息',106.86110061521268,30.974730264956754,9118.211568415165,14.773092985153198,11.500165462493896,5,5,'测试身份证',586954786,2,3,1,807,'DFDDFSC','DFDDFSC_807'
NOW,107.01949979984262,30.267497851071216,9296.678291738033,62.346281468868256,102.12564253807068,'测试进程信息','测试订装信息',107.01949979984262,30.267497851071216,9118.423679292202,14.062166690826416,11.240383267402649,2,2,'测试身份证',586954790,2,5,1,807,'DFDDFSC','DFDDFSC_807'
NOW,104.80986868672348,26.660850687078373,9297.39286851883,60.515840232372284,101.65640473365784,'测试进程信息','测试订装信息',104.80986868672348,26.660850687078373,9116.538447201252,11.38014268875122,11.195455372333527,2,4,'测试身份证',586954791,3,4,0,807,'DFDDFSC','DFDDFSC_807'
NOW,106.34144094252534,27.580391394082177,9296.31492805481,63.0611988902092,100.23214530944824,'测试进程信息','测试订装信息',106.34144094252534,27.580391394082177,9119.493312180042,11.297023177146912,11.404332280158997,4,2,'测试身份证',586954795,5,4,1,807,'DFDDFSC','DFDDFSC_807'
NOW,105.71627984217514,30.769619986866473,9299.048347473145,63.71596223115921,99.39605909585953,'测试进程信息','测试订装信息',105.71627984217514,30.769619986866473,9120.93031936884,11.750269114971161,11.836593091487885,4,5,'测试身份证',586954797,1,3,1,807,'DFDDFSC','DFDDFSC_807'
NOW,106.58709355636721,28.321207476989,9302.032921075821,62.35745519399643,97.02147632837296,'测试进程信息','测试订装信息',106.58709355636721,28.321207476989,9118.749984323978,10.831153690814972,12.542180478572845,5,1,'测试身份证',586954797,2,5,1,807,'DFDDFSC','DFDDFSC_807'
NOW,107.6092200727556,29.670665043820573,9299.722812891006,59.96475237607956,94.9449000954628,'测试进程信息','测试订装信息',107.6092200727556,29.670665043820573,9116.043460428715,11.26983505487442,12.852658569812775,0,2,'测试身份证',586954799,3,5,1,807,'DFDDFSC','DFDDFSC_807'
NOW,107.21052235723955,31.015085782324032,9297.818580627441,60.8989816904068,93.91503232717514,'测试进程信息','测试订装信息',107.21052235723955,31.015085782324032,9114.35273963213,10.326659679412842,12.784356117248535,3,1,'测试身份证',586954803,0,4,1,807,'DFDDFSC','DFDDFSC_807'
NOW,103.67115596099256,27.921682837936515,9296.278019428253,59.337581634521484,93.81939977407455,'测试进程信息','测试订装信息',103.67115596099256,27.921682837936515,9114.984641075134,9.24031925201416,13.02468341588974,2,2,'测试身份证',586954806,4,1,0,807,'DFDDFSC','DFDDFSC_807'
NOW,107.6136977202753,29.59929579947485,9293.408524513245,56.403048038482666,92.72613257169724,'测试进程信息','测试订装信息',107.6136977202753,29.59929579947485,9112.854496002197,12.205181360244751,12.618718206882477,2,3,'测试身份证',586954806,3,4,0,807,'DFDDFSC','DFDDFSC_807'
NOW,105.20517782528006,27.228080359595857,9292.126564979553,57.534790992736816,90.71027392148972,'测试进程信息','测试订装信息',105.20517782528006,27.228080359595857,9115.00894165039,11.33196622133255,12.11387723684311,4,5,'测试身份证',586954807,2,0,1,807,'DFDDFSC','DFDDFSC_807'
NOW,103.79697033876646,29.8694476612187,9290.281096816063,54.58044481277466,89.340263068676,'测试进程信息','测试订装信息',103.79697033876646,29.8694476612187,9113.622048139572,9.436898052692413,12.501712322235107,1,2,'测试身份证',586954810,3,5,0,807,'DFDDFSC','DFDDFSC_807'
NOW,107.37831183259857,29.076683107508657,9289.999625623226,54.81104111671448,87.66302007436752,'测试进程信息','测试订装信息',107.37831183259857,29.076683107508657,9111.829016685486,6.939826786518097,11.596864759922028,0,0,'测试身份证',586954814,1,4,0,807,'DFDDFSC','DFDDFSC_807'
NOW,106.18509390564373,30.854347024876336,9288.657872378826,54.531940281391144,85.07231706380844,'测试进程信息','测试订装信息',106.18509390564373,30.854347024876336,9109.793875932693,9.805588066577911,12.217206954956055,3,3,'测试身份证',586954818,3,4,0,807,'DFDDFSC','DFDDFSC_807'
NOW,103.69141020406491,28.469808138340323,9287.351023852825,53.59425163269043,84.80946093797684,'测试进程信息','测试订装信息',103.69141020406491,28.469808138340323,9107.83983039856,7.122734844684601,12.214554250240326,2,5,'测试身份证',586954820,3,0,0,807,'DFDDFSC','DFDDFSC_807'
NOW,107.61145031936285,29.68933749395708,9287.939035952091,53.55195015668869,83.61029702425003,'测试进程信息','测试订装信息',107.61145031936285,29.68933749395708,9106.378650188446,6.5220988392829895,12.020045280456543,0,4,'测试身份证',586954823,3,5,0,807,'DFDDFSC','DFDDFSC_807'
NOW,107.58355725517102,29.833021390426797,9290.649521648884,51.51783508062363,83.5298455953598,'测试进程信息','测试订装信息',107.58355725517102,29.833021390426797,9107.336452901363,3.8165791630744934,12.137418150901794,0,4,'测试身份证',586954825,5,0,1,807,'DFDDFSC','DFDDFSC_807'
NOW,105.05690641296388,27.015346511521056,9292.244440853596,49.51122206449509,83.38924491405487,'测试进程信息','测试订装信息',105.05690641296388,27.015346511521056,9107.104053080082,2.2776463627815247,12.158019661903381,4,3,'测试身份证',586954827,2,3,0,807,'DFDDFSC','DFDDFSC_807'
NOW,104.20097288468874,27.029226256998626,9289.330785810947,49.84323054552078,81.91362392902374,'测试进程信息','测试订装信息',104.20097288468874,27.029226256998626,9109.583580553532,0.6375506520271301,11.306299269199371,0,5,'测试身份证',586954827,2,1,1,807,'DFDDFSC','DFDDFSC_807'
NOW,105.17765700740664,29.56895062966317,9288.945643126965,47.15481120347977,80.68588280677795,'测试进程信息','测试订装信息',105.17765700740664,29.56895062966317,9108.03508502245,1.5690907835960388,10.660201966762543,4,1,'测试身份证',586954830,0,5,0,807,'DFDDFSC','DFDDFSC_807'
NOW,107.45522901103499,29.130832586805557,9287.362649142742,44.842563927173615,78.51348829269409,'测试进程信息','测试订装信息',107.45522901103499,29.130832586805557,9107.69277882576,1.7017785906791687,10.1697399020195,3,3,'测试身份证',586954834,4,3,1,807,'DFDDFSC','DFDDFSC_807'
NOW,104.60000777349404,26.7897998910993,9284.68028396368,44.25585699081421,77.86403250694275,'测试进程信息','测试订装信息',104.60000777349404,26.7897998910993,9105.4563934803,3.4113592505455017,9.664157390594482,3,0,'测试身份证',586954837,0,3,0,807,'DFDDFSC','DFDDFSC_807'
NOW,103.6846826678609,28.196500476891977,9283.143276274204,45.428248167037964,75.20867681503296,'测试进程信息','测试订装信息',103.6846826678609,28.196500476891977,9103.414444446564,4.124151825904846,9.63904321193695,4,4,'测试身份证',586954840,3,5,0,807,'DFDDFSC','DFDDFSC_807'
NOW,106.16104318174253,30.852354368049994,9284.548755586147,45.6381778717041,72.27231073379517,'测试进程信息','测试订装信息',106.16104318174253,30.852354368049994,9103.136114478111,6.899776816368103,10.170759916305542,1,3,'测试身份证',586954842,2,2,0,807,'DFDDFSC','DFDDFSC_807'
NOW,105.1521358633636,27.166501953014492,9286.902003467083,47.989625453948975,71.92108726501465,'测试进程信息','测试订装信息',105.1521358633636,27.166501953014492,9102.348887205124,7.7645310163497925,9.849768042564392,4,2,'测试身份证',586954844,5,5,0,807,'DFDDFSC','DFDDFSC_807'
NOW,107.65211170829846,29.329392910568686,9289.402218043804,45.17220640182495,69.88624954223633,'测试进程信息','测试订装信息',107.65211170829846,29.329392910568686,9102.117750167847,6.627025723457336,9.934930145740509,1,4,'测试身份证',586954844,5,1,1,807,'DFDDFSC','DFDDFSC_807'
NOW,105.82535072510392,27.429523883685782,9287.454102933407,43.93723905086517,68.93224912881851,'测试进程信息','测试订装信息',105.82535072510392,27.429523883685782,9102.01152396202,4.73205828666687,9.880494117736816,3,2,'测试身份证',586954847,2,2,1,807,'DFDDFSC','DFDDFSC_807'
NOW,103.66155849024308,27.641619394419685,9285.94136184454,41.188753962516785,66.77736073732376,'测试进程信息','测试订装信息',103.66155849024308,27.641619394419685,9101.568536221981,4.952716827392578,10.357463657855988,4,1,'测试身份证',586954849,4,0,0,807,'DFDDFSC','DFDDFSC_807'
NOW,107.38059302084953,30.13839543783991,9284.552992165089,41.269235253334045,65.54433852434158,'测试进程信息','测试订装信息',107.38059302084953,30.13839543783991,9099.151995122433,3.3760660886764526,10.915409803390503,4,3,'测试身份证',586954850,0,4,1,807,'DFDDFSC','DFDDFSC_807'
NOW,106.45599739736498,29.478104997542477,9284.200665593147,39.509846568107605,62.62983280420303,'测试进程信息','测试订装信息',106.45599739736498,29.478104997542477,9098.504488945007,6.375261664390564,11.527113795280457,5,1,'测试身份证',586954851,5,1,0,807,'DFDDFSC','DFDDFSC_807'
NOW,105.1159312319604,29.607847334220555,9283.47814643383,39.37908297777176,59.83078008890152,'测试进程信息','测试订装信息',105.1159312319604,29.607847334220555,9098.48058438301,8.912475943565369,10.716321408748627,5,4,'测试身份证',586954855,3,5,0,807,'DFDDFSC','DFDDFSC_807'
NOW,105.83785281103948,27.427602944203983,9281.685574293137,36.89667445421219,59.59385412931442,'测试进程信息','测试订装信息',105.83785281103948,27.427602944203983,9101.421174764633,10.536203384399414,11.604103028774261,2,5,'测试身份证',586954859,2,5,0,807,'DFDDFSC','DFDDFSC_807'
NOW,103.66755374097461,27.856918089297906,9282.712360024452,34.541947424411774,58.921823620796204,'测试进程信息','测试订装信息',103.66755374097461,27.856918089297906,9099.028199195862,12.02204954624176,11.318255305290222,2,1,'测试身份证',586954861,1,1,1,807,'DFDDFSC','DFDDFSC_807'
NOW,107.54734573447897,29.172072684456225,9280.832048773766,32.84116703271866,57.897290110588074,'测试进程信息','测试订装信息',107.54734573447897,29.172072684456225,9096.478664398193,14.733183026313782,12.314821124076843,5,5,'测试身份证',586954863,1,5,0,807,'DFDDFSC','DFDDFSC_807'
NOW,106.60192109848319,28.139412920394847,9281.47517222166,32.33231747150421,57.387325286865234,'测试进程信息','测试订装信息',106.60192109848319,28.139412920394847,9099.475906848907,12.562209963798523,11.818012237548828,3,4,'测试身份证',586954864,0,2,1,807,'DFDDFSC','DFDDFSC_807'
NOW,104.38724517720837,30.43286156991886,9282.809660971165,34.59589970111847,54.94099521636963,'测试进程信息','测试订装信息',104.38724517720837,30.43286156991886,9099.813257753849,11.63095897436142,12.528391361236572,4,1,'测试身份证',586954866,0,0,0,807,'DFDDFSC','DFDDFSC_807'
NOW,105.07717950646257,29.593923333539863,9283.948738276958,36.78080236911774,52.4794921875,'测试进程信息','测试订装信息',105.07717950646257,29.593923333539863,9098.09625440836,13.420776546001434,12.906885802745819,0,2,'测试身份证',586954869,0,3,1,807,'DFDDFSC','DFDDFSC_807'
NOW,103.85561392615091,30.135815250332058,9282.373919904232,37.22486621141434,50.62440514564514,'测试进程信息','测试订装信息',103.85561392615091,30.135815250332058,9095.947201788425,14.528996169567108,13.80725485086441,4,4,'测试身份证',586954870,0,2,1,807,'DFDDFSC','DFDDFSC_807'
NOW,107.21806101752398,30.203526524618578,9279.855475842953,38.43373614549637,50.39180737733841,'测试进程信息','测试订装信息',107.21806101752398,30.203526524618578,9097.16741758585,15.00530731678009,14.151178658008575,1,0,'测试身份证',586954872,5,1,0,807,'DFDDFSC','DFDDFSC_807'
NOW,103.89347448641973,30.253041709959614,9278.30267828703,39.43962723016739,48.01963883638382,'测试进程信息','测试订装信息',103.89347448641973,30.253041709959614,9097.42819750309,13.120481848716736,14.674656212329865,5,2,'测试身份证',586954873,0,2,0,807,'DFDDFSC','DFDDFSC_807'
NOW,104.7946032481739,30.541876723799486,9279.980148613453,37.461088955402374,45.65202409029007,'测试进程信息','测试订装信息',104.7946032481739,30.541876723799486,9095.303016781807,12.808084785938263,15.603967010974884,5,3,'测试身份证',586954876,2,4,0,807,'DFDDFSC','DFDDFSC_807'
NOW,106.64323671969471,27.65226216336841,9277.707999289036,38.250482738018036,43.06812411546707,'测试进程信息','测试订装信息',106.64323671969471,27.65226216336841,9095.6667162776,15.155700981616974,15.859051048755646,2,3,'测试身份证',586954877,3,3,0,807,'DFDDFSC','DFDDFSC_807'
NOW,103.66707820707636,27.92138652618963,9276.97947716713,39.59224456548691,42.01687806844711,'测试进程信息','测试订装信息',103.66707820707636,27.92138652618963,9097.261814177036,15.266739785671234,16.758502960205078,2,0,'测试身份证',586954880,2,1,1,807,'DFDDFSC','DFDDFSC_807'
NOW,106.55466437846519,27.631494444159966,9277.4535779953,40.33529031276703,40.122154891490936,'测试进程信息','测试订装信息',106.55466437846519,27.631494444159966,9100.234798491001,12.793995797634125,15.772507786750793,0,2,'测试身份证',586954882,3,5,1,807,'DFDDFSC','DFDDFSC_807'
NOW,103.70917604403073,28.48153037636089,9278.603241443634,41.971105456352234,37.978223741054535,'测试进程信息','测试订装信息',103.70917604403073,28.48153037636089,9098.557415306568,15.5782350897789,15.029294490814209,5,2,'测试身份证',586954886,3,5,1,807,'DFDDFSC','DFDDFSC_807'
NOW,105.12135581617456,27.102873246460298,9277.301490664482,40.79050099849701,37.83355450630188,'测试进程信息','测试订装信息',105.12135581617456,27.102873246460298,9101.138926804066,15.707625210285187,14.080237030982971,4,0,'测试身份证',586954888,2,0,1,807,'DFDDFSC','DFDDFSC_807'
NOW,105.88725525969664,29.51593574120212,9277.959963858128,41.237448036670685,36.43163776397705,'测试进程信息','测试订装信息',105.88725525969664,29.51593574120212,9100.993816256523,17.51881116628647,13.182598531246185,0,5,'测试身份证',586954889,2,2,0,807,'DFDDFSC','DFDDFSC_807'
NOW,105.58975356501746,29.870593095310767,9277.731897592545,38.90940696001053,35.65833991765976,'测试进程信息','测试订装信息',105.58975356501746,29.870593095310767,9101.09278512001,19.533437192440033,13.70073801279068,5,1,'测试身份证',586954892,1,3,0,807,'DFDDFSC','DFDDFSC_807'
NOW,105.0867543631049,29.58304049501234,9274.967995405197,39.765528202056885,33.11221045255661,'测试进程信息','测试订装信息',105.0867543631049,29.58304049501234,9098.942408323288,19.539103984832764,13.909188747406006,0,1,'测试身份证',586954893,1,0,1,807,'DFDDFSC','DFDDFSC_807'
NOW,105.62983417104994,27.38065690595933,9274.622870206833,41.622931718826294,30.453068912029266,'测试进程信息','测试订装信息',105.62983417104994,27.38065690595933,9097.585827827454,19.512984812259674,14.773634433746338,5,1,'测试身份证',586954893,0,4,1,807,'DFDDFSC','DFDDFSC_807'
NOW,107.641854106079,29.353122327553443,9274.145287156105,44.567845582962036,28.90165513753891,'测试进程信息','测试订装信息',107.641854106079,29.353122327553443,9095.983565330505,21.379597008228302,15.513574838638306,4,2,'测试身份证',586954895,1,3,1,807,'DFDDFSC','DFDDFSC_807'
NOW,107.57018276338337,29.901202219007597,9272.386585831642,42.223464488983154,26.461338222026825,'测试进程信息','测试订装信息',107.57018276338337,29.901202219007597,9097.483272075653,19.905109465122223,15.7904252409935,5,2,'测试身份证',586954899,1,2,1,807,'DFDDFSC','DFDDFSC_807'
NOW,105.16093147733902,27.169945334866078,9273.533899188042,40.28137016296387,24.74842470884323,'测试进程信息','测试订装信息',105.16093147733902,27.169945334866078,9097.141716003418,19.599006831645966,16.501947224140167,1,1,'测试身份证',586954903,5,2,0,807,'DFDDFSC','DFDDFSC_807'
NOW,105.19335383506038,27.22103313915465,9273.16865491867,39.31986707448959,23.028036534786224,'测试进程信息','测试订装信息',105.19335383506038,27.22103313915465,9097.31417131424,20.496984839439392,17.016123473644257,5,2,'测试身份证',586954906,3,0,1,807,'DFDDFSC','DFDDFSC_807'
NOW,106.98844789172064,28.85623204587394,9275.762048959732,38.58743357658386,22.923300206661224,'测试进程信息','测试订装信息',106.98844789172064,28.85623204587394,9096.820400416851,19.439610481262207,17.219293475151062,4,1,'测试身份证',586954906,2,4,0,807,'DFDDFSC','DFDDFSC_807'
NOW,106.615486476309,28.10168273274864,9273.51294374466,35.784483909606934,22.523126244544983,'测试进程信息','测试订装信息',106.615486476309,28.10168273274864,9095.63831692934,17.706979513168335,16.68813645839691,1,1,'测试身份证',586954910,5,4,1,807,'DFDDFSC','DFDDFSC_807'
NOW,105.9313654841186,27.451831261174334,9275.468418836594,34.28008329868317,21.09770143032074,'测试进程信息','测试订装信息',105.9313654841186,27.451831261174334,9095.67598104477,15.175601243972778,16.059958338737488,2,5,'测试身份证',586954910,2,0,0,807,'DFDDFSC','DFDDFSC_807'
NOW,103.67499936664163,27.9146201733923,9273.292933225632,36.822301506996155,20.66168189048767,'测试进程信息','测试订装信息',103.67499936664163,27.9146201733923,9093.257055521011,15.238205075263977,15.313926219940186,5,3,'测试身份证',586954913,3,2,1,807,'DFDDFSC','DFDDFSC_807'
NOW,106.62598805799797,30.929407203950998,9272.300200104713,37.14550054073334,19.921030640602112,'测试进程信息','测试订装信息',106.62598805799797,30.929407203950998,9095.819902181625,15.238336503505707,16.05967789888382,5,3,'测试身份证',586954913,1,3,1,807,'DFDDFSC','DFDDFSC_807'
NOW,106.65289213995567,28.668898238988554,9273.957728505135,38.136026203632355,19.725686967372894,'测试进程信息','测试订装信息',106.65289213995567,28.668898238988554,9096.205752432346,15.536357641220093,16.737169981002808,2,2,'测试身份证',586954917,1,2,0,807,'DFDDFSC','DFDDFSC_807'
NOW,106.72479377122237,29.532809037185984,9275.510282278061,35.56274253129959,19.146923303604126,'测试进程信息','测试订装信息',106.72479377122237,29.532809037185984,9095.32071197033,15.873225569725037,16.597551226615906,3,4,'测试身份证',586954919,3,5,0,807,'DFDDFSC','DFDDFSC_807'
NOW,104.20462407032821,30.39320345808941,9275.308995902538,33.92375260591507,17.634648084640503,'测试进程信息','测试订装信息',104.20462407032821,30.39320345808941,9092.766888976097,16.44364756345749,17.56894689798355,3,1,'测试身份证',586954920,3,1,0,807,'DFDDFSC','DFDDFSC_807'
NOW,105.67265052708296,30.743220606947563,9277.04954534769,33.38073509931564,16.959268927574158,'测试进程信息','测试订装信息',105.67265052708296,30.743220606947563,9092.694231331348,18.977660596370697,17.6230246424675,3,5,'测试身份证',586954923,3,3,1,807,'DFDDFSC','DFDDFSC_807'
NOW,105.36190973176792,29.751559959617566,9276.432746171951,36.37245863676071,16.310617089271545,'测试进程信息','测试订装信息',105.36190973176792,29.751559959617566,9093.210385084152,16.37937206029892,17.667748510837555,5,5,'测试身份证',586954923,0,3,0,807,'DFDDFSC','DFDDFSC_807'
NOW,103.65961344457597,27.480590339986,9277.109470903873,36.23864144086838,15.337218046188354,'测试进程信息','测试订装信息',103.65961344457597,27.480590339986,9094.273475408554,13.481991231441498,18.12936395406723,2,3,'测试身份证',586954923,0,1,0,807,'DFDDFSC','DFDDFSC_807'
NOW,106.36228285095443,30.291508100637824,9274.672964155674,34.43606823682785,13.560665488243103,'测试进程信息','测试订装信息',106.36228285095443,30.291508100637824,9095.000172197819,11.309425055980682,17.85153830051422,2,1,'测试身份证',586954923,5,0,1,807,'DFDDFSC','DFDDFSC_807'
NOW,105.11570695231013,30.62436229974487,9276.610169708729,33.90640598535538,11.508474230766296,'测试进程信息','测试订装信息',105.11570695231013,30.62436229974487,9097.642844259739,12.227515518665314,16.855099856853485,4,1,'测试身份证',586954923,2,1,1,807,'DFDDFSC','DFDDFSC_807'
NOW,103.67226932895984,27.900395849675697,9279.396723806858,32.84725934267044,8.684744238853455,'测试进程信息','测试订装信息',103.67226932895984,27.900395849675697,9096.81843405962,13.209586679935455,16.460996389389038,3,1,'测试身份证',586954923,0,0,0,807,'DFDDFSC','DFDDFSC_807'
NOW,104.11435013999262,27.085048587475008,9279.690803349018,30.248863995075226,6.610423922538757,'测试进程信息','测试订装信息',104.11435013999262,27.085048587475008,9099.31237155199,13.837264358997345,16.466740131378174,0,5,'测试身份证',586954927,4,4,0,807,'DFDDFSC','DFDDFSC_807'
NOW,105.58934633724103,27.371235865387316,9277.885260641575,29.356518983840942,6.01347953081131,'测试进程信息','测试订装信息',105.58934633724103,27.371235865387316,9099.73286896944,16.351235687732697,16.87850332260132,0,5,'测试身份证',586954927,4,2,1,807,'DFDDFSC','DFDDFSC_807'
NOW,103.70621667729691,28.444269108816254,9280.842079937458,28.269296169281006,5.143908798694611,'测试进程信息','测试订装信息',103.70621667729691,28.444269108816254,9097.772959291935,16.71533215045929,16.375086843967438,5,1,'测试身份证',586954927,1,2,1,807,'DFDDFSC','DFDDFSC_807'
NOW,105.80369350037724,29.993932626542396,9278.033127605915,28.496423840522766,2.7913630604743958,'测试进程信息','测试订装信息',105.80369350037724,29.993932626542396,9097.810128986835,15.981393218040466,17.35013782978058,1,0,'测试身份证',586954930,0,2,1,807,'DFDDFSC','DFDDFSC_807'
NOW,106.06664615721459,30.134048201131076,9278.49017727375,27.318419098854065,0.600323498249054,'测试进程信息','测试订装信息',106.06664615721459,30.134048201131076,9096.416417896748,15.128953397274017,16.84259384870529,3,4,'测试身份证',586954932,1,4,0,807,'DFDDFSC','DFDDFSC_807'
NOW,103.85548644545456,30.08583782030442,9280.051548600197,24.767214179039,0.3797796368598938,'测试进程信息','测试订装信息',103.85548644545456,30.08583782030442,9094.305925190449,16.348959863185883,17.792269706726074,4,1,'测试身份证',586954935,2,4,0,807,'DFDDFSC','DFDDFSC_807'
NOW,105.33446441422176,29.561180529903687,9282.416076540947,24.44198453426361,1.7441359162330627,'测试进程信息','测试订装信息',105.33446441422176,29.561180529903687,9094.335151076317,14.156143367290497,18.260837018489838,1,0,'测试身份证',586954936,0,1,0,807,'DFDDFSC','DFDDFSC_807'
NOW,105.35135140119941,29.740357356639237,9280.904950261116,22.333245635032654,3.4547460675239563,'测试进程信息','测试订装信息',105.35135140119941,29.740357356639237,9092.917313218117,12.24527782201767,19.250760078430176,0,5,'测试身份证',586954939,1,0,0,807,'DFDDFSC','DFDDFSC_807'
NOW,103.96300984604221,27.18715020632368,9281.284297764301,19.927860140800476,5.338304102420807,'测试进程信息','测试订装信息',103.96300984604221,27.18715020632368,9091.170887351036,9.86672443151474,18.69610756635666,3,4,'测试身份证',586954943,1,1,0,807,'DFDDFSC','DFDDFSC_807'
NOW,103.67664268636764,27.34497651101908,9282.476147711277,17.97058403491974,6.8003193736076355,'测试进程信息','测试订装信息',103.67664268636764,27.34497651101908,9092.526270985603,11.090073883533478,19.495379090309143,2,5,'测试身份证',586954946,5,4,1,807,'DFDDFSC','DFDDFSC_807'
NOW,104.44116136490415,26.88675307773933,9283.031371951103,20.042621970176697,9.121665179729462,'测试进程信息','测试订装信息',104.44116136490415,26.88675307773933,9090.139779686928,11.679105758666992,19.732125997543335,3,2,'测试身份证',586954947,5,5,1,807,'DFDDFSC','DFDDFSC_807'
NOW,103.89654861299476,30.265209765354488,9284.771070837975,18.180086255073547,10.298415720462799,'测试进程信息','测试订装信息',103.89654861299476,30.265209765354488,9089.093248963356,10.812870621681213,18.805254101753235,5,5,'测试身份证',586954950,2,4,0,807,'DFDDFSC','DFDDFSC_807'
NOW,107.59104126328484,29.79729969806078,9284.571765363216,17.186037242412567,12.522902071475983,'测试进程信息','测试订装信息',107.59104126328484,29.79729969806078,9089.953464865685,8.280301213264465,19.596298217773438,5,1,'测试身份证',586954950,3,4,0,807,'DFDDFSC','DFDDFSC_807'
NOW,104.88426686209303,26.75064118912785,9283.693431138992,16.03694051504135,14.088308990001678,'测试进程信息','测试订装信息',104.88426686209303,26.75064118912785,9090.235605537891,8.750832915306091,20.302480578422546,5,4,'测试身份证',586954950,2,1,1,807,'DFDDFSC','DFDDFSC_807'
NOW,106.57266683126814,28.46007256505317,9282.404103636742,18.303146302700043,14.872860312461853,'测试进程信息','测试订装信息',106.57266683126814,28.46007256505317,9093.10771805048,8.54162311553955,19.866086184978485,5,2,'测试身份证',586954954,0,4,0,807,'DFDDFSC','DFDDFSC_807'
NOW,105.95452855721041,30.827474619973096,9281.629926383495,18.201459109783173,17.2822505235672,'测试进程信息','测试订装信息',105.95452855721041,30.827474619973096,9090.271853029728,9.655989170074463,19.968004643917084,4,4,'测试身份证',586954957,3,2,0,807,'DFDDFSC','DFDDFSC_807'
NOW,107.18951927394875,30.20900106495105,9280.48751538992,16.723317086696625,17.489664673805237,'测试进程信息','测试订装信息',107.18951927394875,30.20900106495105,9092.985871613026,7.9169840812683105,20.05225831270218,0,2,'测试身份证',586954961,0,2,1,807,'DFDDFSC','DFDDFSC_807'
NOW,103.93956418500451,27.197437404880926,9280.295193135738,16.093284606933594,18.42632156610489,'测试进程信息','测试订装信息',103.93956418500451,27.197437404880926,9095.193815767765,9.90586519241333,20.111764192581177,2,4,'测试身份证',586954965,0,4,0,807,'DFDDFSC','DFDDFSC_807'
NOW,105.70787827140165,29.533536730368255,9278.9463788867,16.71282035112381,19.90989476442337,'测试进程信息','测试订装信息',105.70787827140165,29.533536730368255,9097.46858149767,12.154457807540894,19.490899801254272,3,4,'测试身份证',586954968,2,4,1,807,'DFDDFSC','DFDDFSC_807'
NOW,106.59337183713725,28.35964757961304,9279.018314123154,17.63628488779068,22.109030783176422,'测试进程信息','测试订装信息',106.59337183713725,28.35964757961304,9094.777598440647,14.827893018722534,19.535844087600708,1,2,'测试身份证',586954972,0,1,0,807,'DFDDFSC','DFDDFSC_807'
NOW,103.7617155977856,29.712147215020995,9276.155732393265,17.461631953716278,22.72872745990753,'测试进程信息','测试订装信息',103.7617155977856,29.712147215020995,9094.146639883518,14.17585963010788,20.08372050523758,0,3,'测试身份证',586954975,2,4,0,807,'DFDDFSC','DFDDFSC_807'
NOW,106.30361005074859,27.56046109156285,9275.358162879944,14.853560149669647,23.032776057720184,'测试进程信息','测试订装信息',106.30361005074859,27.56046109156285,9095.211874067783,15.243003070354462,20.82075721025467,4,4,'测试身份证',586954976,5,0,1,807,'DFDDFSC','DFDDFSC_807'
NOW,104.9868514156498,30.586462334710784,9278.262969493866,14.362254023551941,25.354020059108734,'测试进程信息','测试订装信息',104.9868514156498,30.586462334710784,9096.914141237736,14.140807569026947,20.998179733753204,1,5,'测试身份证',586954977,1,4,1,807,'DFDDFSC','DFDDFSC_807'
NOW,105.21903081723286,29.57165650611714,9279.18056088686,12.330772280693054,26.813280165195465,'测试进程信息','测试订装信息',105.21903081723286,29.57165650611714,9094.426608622074,11.952687203884125,20.12034660577774,2,0,'测试身份证',586954980,5,0,0,807,'DFDDFSC','DFDDFSC_807'
NOW,106.29993628039048,30.262789805557066,9277.904128015041,14.011950612068176,28.31131511926651,'测试进程信息','测试订装信息',106.29993628039048,30.262789805557066,9095.026096820831,14.608863055706024,19.840612471103668,2,2,'测试身份证',586954984,1,1,1,807,'DFDDFSC','DFDDFSC_807'
NOW,106.35735390861245,27.578281111741706,9276.259467303753,11.884138941764832,30.991632044315338,'测试进程信息','测试订装信息',106.35735390861245,27.578281111741706,9094.759474158287,12.989823758602142,20.154751658439636,0,4,'测试身份证',586954984,0,0,0,807,'DFDDFSC','DFDDFSC_807'
NOW,106.61388520265261,27.660005518799405,9274.591453492641,14.384076237678528,31.969334065914154,'测试进程信息','测试订装信息',106.61388520265261,27.660005518799405,9091.904137730598,15.94447010755539,20.375424325466156,5,2,'测试身份证',586954987,5,1,1,807,'DFDDFSC','DFDDFSC_807'
NOW,105.75356981101373,29.95042155329237,9274.203916668892,13.480868816375732,34.262843787670135,'测试进程信息','测试订装信息',105.75356981101373,29.95042155329237,9094.581888079643,16.815022706985474,19.40226000547409,3,1,'测试身份证',586954990,0,0,1,807,'DFDDFSC','DFDDFSC_807'
NOW,105.29782876883837,30.658437265190663,9274.788523972034,10.534268856048584,35.312715113162994,'测试进程信息','测试订装信息',105.29782876883837,30.658437265190663,9091.720796704292,17.605663895606995,19.69966208934784,2,2,'测试身份证',586954992,3,1,1,807,'DFDDFSC','DFDDFSC_807'
NOW,106.58554032430771,28.28599474062039,9276.469888985157,7.753955125808716,37.76645737886429,'测试进程信息','测试订装信息',106.58554032430771,28.28599474062039,9089.240152478218,20.091326355934143,20.60501879453659,1,1,'测试身份证',586954994,2,4,0,807,'DFDDFSC','DFDDFSC_807'
NOW,103.71501889010456,28.87953328928367,9277.28616887331,4.954521179199219,38.69270157814026,'测试进程信息','测试订装信息',103.71501889010456,28.87953328928367,9090.06920093298,21.28588330745697,19.918020844459534,4,4,'测试身份证',586954995,1,5,1,807,'DFDDFSC','DFDDFSC_807'
NOW,106.57072682225719,28.444746483581174,9277.357891142368,2.920462131500244,39.281836807727814,'测试进程信息','测试订装信息',106.57072682225719,28.444746483581174,9089.361925303936,21.757384538650513,19.852675139904022,0,0,'测试身份证',586954999,0,1,0,807,'DFDDFSC','DFDDFSC_807'
NOW,106.20918490819679,30.873059585386706,9277.374123334885,2.788224220275879,40.94418090581894,'测试进程信息','测试订装信息',106.20918490819679,30.873059585386706,9089.0497751832,22.740383565425873,18.992418944835663,4,2,'测试身份证',586955000,4,1,0,807,'DFDDFSC','DFDDFSC_807'
NOW,103.75788363148293,27.312620525195953,9280.31069803238,5.751511812210083,43.554610669612885,'测试进程信息','测试订装信息',103.75788363148293,27.312620525195953,9091.459757626057,23.590247571468353,18.182168066501617,4,5,'测试身份证',586955000,5,2,0,807,'DFDDFSC','DFDDFSC_807'
NOW,104.60753966832135,26.768185689050803,9282.443033218384,6.052677571773529,44.47710406780243,'测试进程信息','测试订装信息',104.60753966832135,26.768185689050803,9089.966676533222,23.78151375055313,18.855529189109802,0,5,'测试身份证',586955002,5,1,0,807,'DFDDFSC','DFDDFSC_807'
NOW,106.72119265284744,29.595253021376013,9281.038817763329,7.484756886959076,44.86777514219284,'测试进程信息','测试订装信息',106.72119265284744,29.595253021376013,9088.186683475971,21.138695299625397,19.39637041091919,5,4,'测试身份证',586955006,5,3,0,807,'DFDDFSC','DFDDFSC_807'
NOW,105.13458083260471,30.62041670550653,9281.975290477276,6.7359089851379395,45.33210790157318,'测试进程信息','测试订装信息',105.13458083260471,30.62041670550653,9089.995627462864,21.42904531955719,19.348786413669586,5,2,'测试身份证',586955010,1,1,1,807,'DFDDFSC','DFDDFSC_807'
NOW,106.26882300207511,30.23030376447883,9283.381159245968,7.322698354721069,48.29148209095001,'测试进程信息','测试订装信息',106.26882300207511,30.23030376447883,9091.118449032307,21.641067326068878,20.045710384845734,0,2,'测试身份证',586955011,5,4,1,807,'DFDDFSC','DFDDFSC_807'
NOW,105.37534388200287,29.556100705894746,9285.576298892498,9.962199926376343,50.704158425331116,'测试进程信息','测试订装信息',105.37534388200287,29.556100705894746,9092.282471477985,24.245550215244293,19.32580453157425,1,1,'测试身份证',586955012,1,2,1,807,'DFDDFSC','DFDDFSC_807'
NOW,106.06783355440683,30.844771048013513,9285.678868710995,10.530822157859802,53.45523750782013,'测试进程信息','测试订装信息',106.06783355440683,30.844771048013513,9094.151431500912,23.41627788543701,19.136582136154175,3,2,'测试身份证',586955015,3,1,0,807,'DFDDFSC','DFDDFSC_807'
NOW,106.51125834816645,30.360869846050537,9284.171506106853,10.763803660869598,54.732797622680664,'测试进程信息','测试订装信息',106.51125834816645,30.360869846050537,9092.458837807178,21.726726055145264,19.98465359210968,2,0,'测试身份证',586955018,5,5,0,807,'DFDDFSC','DFDDFSC_807'
NOW,106.61735280734483,28.013117112769393,9283.33357256651,9.211809933185577,55.69162172079086,'测试进程信息','测试订装信息',106.61735280734483,28.013117112769393,9090.877694904804,21.449963212013245,20.160060226917267,4,2,'测试身份证',586955022,5,3,0,807,'DFDDFSC','DFDDFSC_807'
NOW,106.3542843303922,29.485155500734525,9281.069612681866,9.980846285820007,57.96902388334274,'测试进程信息','测试订装信息',106.3542843303922,29.485155500734525,9090.487390935421,21.708288371562958,19.43490767478943,1,3,'测试身份证',586955025,2,5,0,807,'DFDDFSC','DFDDFSC_807'
NOW,107.0458301215235,30.995720431466587,9283.050780951977,11.727641940116882,60.82640355825424,'测试进程信息','测试订装信息',107.0458301215235,30.995720431466587,9089.349878251553,22.843466103076935,19.67702728509903,4,3,'测试身份证',586955028,5,2,1,807,'DFDDFSC','DFDDFSC_807'
NOW,103.75345150398569,29.49324414087803,9285.32905882597,13.073914170265198,62.32612556219101,'测试进程信息','测试订装信息',103.75345150398569,29.49324414087803,9090.137175261974,23.39026838541031,19.262801945209503,0,1,'测试身份证',586955030,1,2,1,807,'DFDDFSC','DFDDFSC_807'
NOW,104.91891593235195,26.821758832217718,9284.616525530815,10.31432855129242,62.79231548309326,'测试进程信息','测试订装信息',104.91891593235195,26.821758832217718,9091.801766693592,23.034559547901154,18.857906699180603,0,0,'测试身份证',586955033,0,5,1,807,'DFDDFSC','DFDDFSC_807'
