NOW,117.27760632306047,31.78456558010387,2847.68115234375,41.92460632324219,289.6312255859375,57928616,0,5,1,508,'TJZJC','TJZJC_508'
NOW,118.75683112715086,32.06076265952588,2846.8926343917847,43.405736804008484,287.0002224445343,57928615,4,4,0,508,'TJZJC','TJZJC_508'
NOW,120.22235588849368,32.1549650192883,2844.5152759552,42.60673302412033,286.7210155725479,57928614,0,0,1,508,'TJZJC','TJZJC_508'
NOW,115.75042391113928,33.12662090496413,2846.3065931797028,45.12045878171921,284.350466132164,57928613,1,1,0,508,'TJZJC','TJZJC_508'
NOW,120.2860080734232,32.12935498057015,2847.407882809639,44.753875374794006,282.65148198604584,57928610,2,1,1,508,'TJZJC','TJZJC_508'
NOW,116.20135604601957,32.77685324072878,2847.549145102501,45.27822721004486,280.8844493627548,57928608,0,0,0,508,'TJZJC','TJZJC_508'
NOW,119.25242954309549,32.29943442440227,2848.158345580101,43.43131494522095,277.9625736474991,57928608,0,5,0,508,'TJZJC','TJZJC_508'
NOW,117.10468404927681,32.089247817354064,2851.110220313072,43.40700376033783,276.0105928182602,57928608,4,2,0,508,'TJZJC','TJZJC_508'
NOW,117.75905363362885,31.878107516500428,2853.100428700447,46.25151741504669,273.38321578502655,57928608,3,0,1,508,'TJZJC','TJZJC_508'
NOW,112.97241825845954,34.686682918619816,2854.8799303770065,46.23381894826889,272.3301959037781,57928605,5,3,0,508,'TJZJC','TJZJC_508'
NOW,115.66534629473821,34.207352818750515,2855.967296719551,45.845452427864075,271.71058970689774,57928604,1,2,0,508,'TJZJC','TJZJC_508'
NOW,118.18028503258509,31.965487836060863,2853.846808075905,44.052610039711,271.57737815380096,57928604,4,0,0,508,'TJZJC','TJZJC_508'
NOW,115.73638303971634,33.719079157441335,2854.872356057167,44.49206405878067,271.0725114941597,57928603,5,2,0,508,'TJZJC','TJZJC_508'
NOW,116.30349356170706,32.741656715511034,2853.9982604384422,44.241979360580444,270.72401279211044,57928601,2,3,0,508,'TJZJC','TJZJC_508'
NOW,113.37735919091793,34.704314599073044,2854.602192699909,43.95379763841629,269.76276594400406,57928601,0,5,1,508,'TJZJC','TJZJC_508'
NOW,111.18243909355658,34.70596435891176,2852.3288286328316,41.53449589014053,269.42621183395386,57928600,5,0,1,508,'TJZJC','TJZJC_508'
NOW,110.2029910159075,34.557114540510696,2853.545529663563,44.282106935977936,267.37404680252075,57928600,1,0,1,508,'TJZJC','TJZJC_508'
NOW,118.3549444845946,31.991302658082805,2855.382263839245,46.91313463449478,265.5811631679535,57928599,3,5,1,508,'TJZJC','TJZJC_508'
NOW,112.80797198231664,34.66497955547953,2854.3222092986107,47.279830515384674,265.5602490901947,57928595,1,4,0,508,'TJZJC','TJZJC_508'
NOW,114.09398329746749,34.80003452017825,2856.6365668177605,49.20489412546158,265.24781161546707,57928591,1,2,0,508,'TJZJC','TJZJC_508'
NOW,114.56506477841297,34.73962309563208,2859.6099111437798,51.61170583963394,262.9847486615181,57928588,0,5,1,508,'TJZJC','TJZJC_508'
NOW,110.03395522907472,34.53326872005095,2857.1817786097527,49.675245344638824,260.0246418118477,57928587,0,0,1,508,'TJZJC','TJZJC_508'
NOW,118.80260208362466,32.07757618391699,2855.854304254055,48.25275546312332,258.8212495446205,57928585,3,3,1,508,'TJZJC','TJZJC_508'
NOW,118.4674971504326,32.017549223462815,2853.3991591334343,49.75584501028061,256.0587754845619,57928581,5,5,0,508,'TJZJC','TJZJC_508'
NOW,111.33883090216905,34.727091617764124,2855.929220378399,51.77273267507553,254.22536712884903,57928578,5,2,0,508,'TJZJC','TJZJC_508'
NOW,115.7445788679587,32.92065090052146,2856.735224723816,53.18993216753006,252.31649726629257,57928574,1,4,0,508,'TJZJC','TJZJC_508'
NOW,115.73492957880637,33.80635682470935,2854.009938955307,54.215934097766876,251.27880853414536,57928571,3,4,0,508,'TJZJC','TJZJC_508'
NOW,111.20420946612772,34.716916076774154,2853.204530596733,53.53510022163391,251.22024875879288,57928567,3,5,0,508,'TJZJC','TJZJC_508'
NOW,115.26985738922535,34.51433102573907,2852.2480732798576,53.25878119468689,250.05685645341873,57928566,0,4,0,508,'TJZJC','TJZJC_508'
NOW,117.37668476868825,31.80321873396997,2850.41127127409,51.50860619544983,247.34061509370804,57928564,5,4,0,508,'TJZJC','TJZJC_508'
NOW,116.99291159751589,32.52659623708317,2850.4763270020485,54.00736665725708,245.63202196359634,57928563,2,2,1,508,'TJZJC','TJZJC_508'
NOW,119.80233862120329,32.25317907188343,2848.80086427927,56.309449672698975,245.4998185634613,57928562,5,1,0,508,'TJZJC','TJZJC_508'
NOW,115.27313397754949,34.52583701986331,2851.7745409607887,56.07262581586838,242.68503332138062,57928562,5,0,0,508,'TJZJC','TJZJC_508'
NOW,108.97323500906985,34.38268565168338,2849.366213619709,54.864119470119476,240.65072226524353,57928559,2,5,1,508,'TJZJC','TJZJC_508'
NOW,117.07491175521747,32.24479331335453,2849.9118693470955,57.79645484685898,238.46514058113098,57928555,0,0,0,508,'TJZJC','TJZJC_508'
NOW,118.55400953397489,32.032678951768254,2852.5740352272987,56.33760279417038,236.21621775627136,57928551,4,2,1,508,'TJZJC','TJZJC_508'
NOW,114.7824633925294,34.66865987116027,2853.1884837150574,55.2361244559288,235.9637975692749,57928547,5,4,0,508,'TJZJC','TJZJC_508'
NOW,116.5286371908818,32.68684443938322,2853.299431681633,53.95247024297714,235.75740766525269,57928543,0,2,0,508,'TJZJC','TJZJC_508'
NOW,112.96557646291943,34.678777443829155,2855.4007266759872,51.660556972026825,234.93435752391815,57928543,3,0,0,508,'TJZJC','TJZJC_508'
NOW,118.86027705635271,32.11219947131539,2856.131602883339,50.03291553258896,233.46034491062164,57928542,0,4,1,508,'TJZJC','TJZJC_508'
NOW,113.09179003595312,34.69702567948136,2854.606223464012,52.18424528837204,231.12437164783478,57928539,5,1,1,508,'TJZJC','TJZJC_508'
NOW,120.4302952310976,32.09463976406243,2852.082915663719,51.107981860637665,228.99117195606232,57928535,4,4,0,508,'TJZJC','TJZJC_508'
NOW,116.17905895767066,32.78359249902387,2851.971803545952,50.776234447956085,228.88904684782028,57928534,2,5,1,508,'TJZJC','TJZJC_508'
NOW,116.3136084075714,32.747592423318935,2850.9388188123703,49.45781463384628,227.00139158964157,57928533,3,5,0,508,'TJZJC','TJZJC_508'
NOW,114.01869897120783,34.77466824491288,2849.343537092209,48.28022521734238,224.00538724660873,57928529,4,4,0,508,'TJZJC','TJZJC_508'
NOW,118.19156100172856,31.959939491600124,2849.756502330303,46.87361663579941,222.92134457826614,57928528,1,3,0,508,'TJZJC','TJZJC_508'
NOW,110.9276891525541,34.66864702528774,2847.3723720908165,49.56007665395737,222.48118871450424,57928527,1,4,0,508,'TJZJC','TJZJC_508'
NOW,119.50975924928035,32.33202593387014,2844.9882323145866,48.27062410116196,222.28805339336395,57928523,2,3,1,508,'TJZJC','TJZJC_508'
NOW,112.56771143258793,34.65187392017293,2843.176177442074,50.55195993185043,219.70802414417267,57928520,0,2,0,508,'TJZJC','TJZJC_508'
NOW,115.46291366982018,34.45653704848095,2842.901393175125,51.42863887548447,218.86785793304443,57928517,4,5,1,508,'TJZJC','TJZJC_508'
NOW,115.7514554925808,33.110716147935996,2841.0867836475372,54.34500879049301,218.4268991947174,57928516,1,1,0,508,'TJZJC','TJZJC_508'
NOW,114.30020059008012,34.813851661084804,2838.641463279724,52.963376104831696,217.27502703666687,57928513,1,2,0,508,'TJZJC','TJZJC_508'
NOW,117.40399738500736,31.82510470151326,2837.90173381567,54.030048072338104,216.113560795784,57928512,3,3,1,508,'TJZJC','TJZJC_508'
NOW,117.14090746994454,31.97115640448798,2836.879209935665,53.086813151836395,214.68116772174835,57928510,4,2,1,508,'TJZJC','TJZJC_508'
NOW,109.21755455517844,34.41375985446209,2834.938195645809,50.943581998348236,213.0853933095932,57928510,5,0,0,508,'TJZJC','TJZJC_508'
NOW,112.41288468231488,34.64926130387785,2832.3453580737114,49.247685611248016,210.52232158184052,57928509,1,2,1,508,'TJZJC','TJZJC_508'
NOW,117.36491380778963,31.817774408014092,2829.7254406809807,46.5852352976799,208.7628961801529,57928507,4,1,1,508,'TJZJC','TJZJC_508'
NOW,119.23931761864085,32.306735369199885,2827.9373866915703,46.003658175468445,206.7011798620224,57928505,1,2,0,508,'TJZJC','TJZJC_508'
NOW,111.56200982964647,34.704814699837286,2829.674970805645,48.16461956501007,205.61442029476166,57928504,1,1,1,508,'TJZJC','TJZJC_508'
NOW,109.30268513945316,34.41847013712834,2831.9795102477074,46.529571890830994,203.75113224983215,57928502,2,5,0,508,'TJZJC','TJZJC_508'
NOW,109.09523028173474,34.39482948637041,2831.2708389759064,44.92253863811493,201.8209137916565,57928500,5,5,0,508,'TJZJC','TJZJC_508'
NOW,113.3189753746246,34.712636319740476,2833.1402275562286,42.79376232624054,200.54124903678894,57928499,1,0,1,508,'TJZJC','TJZJC_508'
NOW,119.93395014982814,32.22802293796908,2830.5204899311066,44.965890526771545,199.28138184547424,57928497,1,4,1,508,'TJZJC','TJZJC_508'
NOW,117.87717467164073,31.896748617623636,2832.817936182022,42.14670741558075,197.58152747154236,57928496,0,4,0,508,'TJZJC','TJZJC_508'
NOW,109.02664836919325,34.37797547384193,2834.9130268096924,42.85408478975296,195.1107542514801,57928496,4,0,0,508,'TJZJC','TJZJC_508'
NOW,113.14590297858999,34.68731916544784,2836.3870203495026,42.289431154727936,192.6059648990631,57928493,1,5,0,508,'TJZJC','TJZJC_508'
NOW,113.40799148398975,34.720549933049504,2838.9069254398346,39.860964357852936,190.19308876991272,57928489,4,0,0,508,'TJZJC','TJZJC_508'
NOW,120.30509556847704,32.13686355280319,2839.8769838809967,41.882520735263824,188.61543369293213,57928487,5,1,0,508,'TJZJC','TJZJC_508'
NOW,120.37450356104435,32.108563097606385,2839.6513410806656,41.47328519821167,188.25246769189835,57928486,3,1,1,508,'TJZJC','TJZJC_508'
NOW,111.21196831280207,34.710244041299575,2838.74764084816,39.84186089038849,187.9655893445015,57928484,5,5,0,508,'TJZJC','TJZJC_508'
NOW,115.61287658100245,34.38833285637487,2837.30340385437,40.15859168767929,185.698724091053,57928482,5,0,1,508,'TJZJC','TJZJC_508'
NOW,113.15235129709433,34.69033453930177,2838.0982854366302,39.75039255619049,184.33455008268356,57928479,2,2,0,508,'TJZJC','TJZJC_508'
NOW,119.0840704698158,32.21255581841689,2837.652943432331,37.72005212306976,183.9095622897148,57928479,3,3,1,508,'TJZJC','TJZJC_508'
NOW,117.93882100729789,31.907076504882482,2839.3096502423286,37.32179647684097,182.3125178217888,57928478,1,5,1,508,'TJZJC','TJZJC_508'
NOW,111.55220377669835,34.69868243049076,2841.9814041256905,35.48806709051132,181.8607667684555,57928475,2,5,0,508,'TJZJC','TJZJC_508'
NOW,117.19104309092329,31.837604359906013,2840.4837821125984,36.15921890735626,179.22974145412445,57928471,3,5,1,508,'TJZJC','TJZJC_508'
NOW,111.12259456510486,34.708932051705155,2840.4008283615112,39.00355589389801,176.7923389673233,57928467,3,1,0,508,'TJZJC','TJZJC_508'
NOW,111.96567123053529,34.670370363781885,2841.93019425869,41.35171854496002,175.0705839395523,57928467,3,0,1,508,'TJZJC','TJZJC_508'
NOW,112.90497126586989,34.67063937154547,2843.2570877075195,41.16158354282379,173.75888681411743,57928465,0,4,1,508,'TJZJC','TJZJC_508'
NOW,109.54508301828372,34.460824191013856,2842.2487885951996,41.127863705158234,171.4564609527588,57928462,5,5,0,508,'TJZJC','TJZJC_508'
NOW,113.05392183999473,34.67998551821963,2842.209034860134,41.832304418087006,168.48099422454834,57928462,5,2,0,508,'TJZJC','TJZJC_508'
NOW,118.43685271863798,32.00234206289218,2840.7097641825676,42.84058064222336,166.34897184371948,57928460,3,1,1,508,'TJZJC','TJZJC_508'
NOW,115.65915722822194,34.145565952928926,2843.132289111614,40.42658919095993,166.2227218747139,57928458,4,2,1,508,'TJZJC','TJZJC_508'
NOW,117.91269690012649,31.905602316640685,2844.2962154746056,42.91895121335983,164.98259764909744,57928457,0,1,1,508,'TJZJC','TJZJC_508'
NOW,116.09420004536099,32.81406579117023,2844.467198252678,43.40692746639252,162.3648071885109,57928453,5,5,1,508,'TJZJC','TJZJC_508'
NOW,117.98111788295769,31.93054626566911,2842.566171169281,43.82198178768158,162.19785076379776,57928452,0,5,1,508,'TJZJC','TJZJC_508'
NOW,109.27587306463732,34.41832417823486,2844.3175508975983,42.463661313056946,160.34504705667496,57928449,4,0,0,508,'TJZJC','TJZJC_508'
NOW,110.58956383347424,34.61359029518633,2844.5144920945168,40.61201465129852,159.36098158359528,57928449,3,4,0,508,'TJZJC','TJZJC_508'
NOW,119.65201782607033,32.29885086374211,2845.984623968601,38.66929602622986,157.56574523448944,57928446,5,1,1,508,'TJZJC','TJZJC_508'
NOW,113.06118475710558,34.68016998553926,2846.7854294776917,37.54234194755554,154.88911616802216,57928443,2,4,0,508,'TJZJC','TJZJC_508'
NOW,115.75350342600666,33.33555679846989,2846.2166844010353,35.3387336730957,152.43021643161774,57928440,4,0,1,508,'TJZJC','TJZJC_508'
NOW,114.72438089678273,34.69502828551602,2844.111748278141,34.57172328233719,151.00111496448517,57928438,1,1,0,508,'TJZJC','TJZJC_508'
NOW,114.91424839960187,34.62731123123499,2841.14811617136,37.10585576295853,150.27049392461777,57928435,4,4,1,508,'TJZJC','TJZJC_508'
NOW,117.13655822222091,32.029697193229154,2839.4531479477882,37.264900743961334,148.23887652158737,57928433,1,1,1,508,'TJZJC','TJZJC_508'
NOW,113.20457093930919,34.70388188931715,2840.1233983635902,38.812683045864105,146.50775879621506,57928432,4,3,0,508,'TJZJC','TJZJC_508'
NOW,114.00064452506122,34.78640341929578,2840.4333705306053,39.63848227262497,144.02594846487045,57928432,5,2,1,508,'TJZJC','TJZJC_508'
NOW,115.74538798437602,33.449395224341586,2839.882818698883,42.01293247938156,141.60072845220566,57928431,0,0,0,508,'TJZJC','TJZJC_508'
NOW,114.2185239577606,34.81057854784797,2842.4898948669434,41.612502098083496,141.3605459332466,57928427,3,3,1,508,'TJZJC','TJZJC_508'
NOW,116.99785175676088,32.524603858006294,2841.1051115989685,42.26700437068939,140.83141958713531,57928425,1,0,1,508,'TJZJC','TJZJC_508'
NOW,110.26282278978735,34.56771374693956,2838.5848684310913,44.6036776304245,139.92248618602753,57928424,2,1,1,508,'TJZJC','TJZJC_508'
NOW,112.8766229139757,34.67452588328091,2837.7437731027603,43.40780961513519,139.70738607645035,57928423,4,0,0,508,'TJZJC','TJZJC_508'
NOW,116.64149940212953,32.6523869936061,2838.450302183628,43.49173039197922,139.12752556800842,57928420,5,1,1,508,'TJZJC','TJZJC_508'
NOW,118.45507992302666,32.01505910943907,2836.6456485390663,45.95357698202133,136.56969714164734,57928416,0,1,1,508,'TJZJC','TJZJC_508'
NOW,114.15510363578602,34.79854712471193,2836.570057630539,44.663900554180145,135.3577802181244,57928416,0,1,0,508,'TJZJC','TJZJC_508'
NOW,116.92922981689063,32.57078449065183,2834.094629764557,41.69605177640915,133.6317048072815,57928414,1,1,1,508,'TJZJC','TJZJC_508'
NOW,115.19169780274125,34.54110960922826,2832.1750869750977,44.11744898557663,131.55428957939148,57928413,5,3,1,508,'TJZJC','TJZJC_508'
NOW,112.49100049542639,34.64747028989401,2831.0254180431366,43.580292105674744,128.89339518547058,57928411,3,0,1,508,'TJZJC','TJZJC_508'
NOW,114.06069078188634,34.7882539606641,2833.387120485306,43.43579614162445,126.79339361190796,57928411,0,3,0,508,'TJZJC','TJZJC_508'
NOW,119.66770125620614,32.29948046641425,2830.632523059845,40.47236788272858,124.90443778038025,57928409,1,3,1,508,'TJZJC','TJZJC_508'
NOW,120.13192938116784,32.17382880933038,2827.8905231952667,39.65748471021652,124.6149605512619,57928407,4,3,0,508,'TJZJC','TJZJC_508'
NOW,115.74468581466977,33.09331818329498,2825.897577881813,41.484536826610565,124.15249300003052,57928407,0,4,0,508,'TJZJC','TJZJC_508'
NOW,113.08162545916149,34.683547634709456,2826.559121131897,40.70047599077225,123.77337455749512,57928407,3,0,0,508,'TJZJC','TJZJC_508'
NOW,119.9903296720471,32.21410955265267,2824.518466234207,42.94594866037369,121.0485565662384,57928404,3,1,1,508,'TJZJC','TJZJC_508'
NOW,115.73933989774498,33.22098316518306,2822.702807188034,42.107077956199646,120.88390004634857,57928401,3,0,1,508,'TJZJC','TJZJC_508'
NOW,111.53232493987711,34.71601652474127,2820.072328567505,39.412243247032166,120.06947445869446,57928399,3,0,1,508,'TJZJC','TJZJC_508'
NOW,111.22273649641699,34.708880546147256,2817.613259792328,41.67848289012909,117.86313271522522,57928399,1,0,0,508,'TJZJC','TJZJC_508'
NOW,115.88468659309892,32.878424279106625,2816.250933408737,42.763163924217224,116.47501873970032,57928398,3,4,0,508,'TJZJC','TJZJC_508'
NOW,113.80838829265427,34.75760530630173,2815.330557703972,45.073996901512146,113.50830411911011,57928396,3,1,1,508,'TJZJC','TJZJC_508'
NOW,113.07424917635674,34.682200138276045,2817.1168435811996,44.11843580007553,111.40792942047119,57928392,3,2,0,508,'TJZJC','TJZJC_508'
NOW,109.29302101199333,34.42505593613061,2814.7587476968765,44.909577667713165,109.04522204399109,57928388,1,1,0,508,'TJZJC','TJZJC_508'
NOW,120.81624931031112,31.992830595588092,2813.5061918497086,47.01062470674515,106.80531454086304,57928387,0,4,1,508,'TJZJC','TJZJC_508'
NOW,111.06435402155536,34.68569517098347,2814.075592637062,45.41577726602554,105.68022990226746,57928385,2,4,0,508,'TJZJC','TJZJC_508'
NOW,111.62367578261741,34.69486188974369,2811.8966339826584,45.74248141050339,104.39023876190186,57928382,4,1,1,508,'TJZJC','TJZJC_508'
NOW,113.82107033316372,34.75412462588939,2811.3421384096146,47.308391749858856,101.71794080734253,57928378,1,2,0,508,'TJZJC','TJZJC_508'
NOW,120.36142980792859,32.124248357107014,2812.4101672172546,49.73091334104538,98.9350528717041,57928376,1,3,0,508,'TJZJC','TJZJC_508'
NOW,118.20221104331975,31.969235504388685,2815.2630207538605,48.70034021139145,96.34082865715027,57928372,1,0,1,508,'TJZJC','TJZJC_508'
NOW,116.5553362820786,32.66820415010074,2812.277628183365,49.925033271312714,95.39505475759506,57928372,0,5,1,508,'TJZJC','TJZJC_508'
NOW,112.150060380888,34.668310491353935,2812.582227706909,49.60831570625305,95.29170227050781,57928370,1,1,0,508,'TJZJC','TJZJC_508'
NOW,115.73860402501835,33.62926541758386,2811.0791866779327,47.99604392051697,94.67159897089005,57928366,3,3,0,508,'TJZJC','TJZJC_508'
NOW,117.30457929204702,31.801287727325782,2809.1790330410004,45.778085231781006,94.50242686271667,57928364,2,0,1,508,'TJZJC','TJZJC_508'
NOW,110.12618643980427,34.54590658658217,2809.658170878887,45.25601291656494,94.26577681303024,57928361,1,1,1,508,'TJZJC','TJZJC_508'
NOW,115.74395693123796,33.37343922437459,2809.6479074954987,44.454834043979645,93.94135880470276,57928359,1,3,0,508,'TJZJC','TJZJC_508'
NOW,119.42644651052198,32.361652246761174,2807.278837442398,42.288271963596344,92.82640063762665,57928356,1,5,1,508,'TJZJC','TJZJC_508'
NOW,113.32908222523076,34.70414435064429,2806.561246216297,39.57740694284439,92.51294696331024,57928355,1,1,1,508,'TJZJC','TJZJC_508'
NOW,117.07960473879848,32.22927450728515,2807.1319113969803,36.8984757065773,91.08451545238495,57928354,3,2,1,508,'TJZJC','TJZJC_508'
NOW,110.14979778000585,34.550194690911916,2810.1254254579544,39.657276690006256,89.36471486091614,57928350,1,2,0,508,'TJZJC','TJZJC_508'
NOW,120.08808039726696,32.19375378603598,2812.302406191826,37.09682756662369,88.24462151527405,57928350,2,4,1,508,'TJZJC','TJZJC_508'
NOW,113.53770838700954,34.720401506155014,2809.941509604454,39.81581646203995,85.88253331184387,57928348,5,0,1,508,'TJZJC','TJZJC_508'
NOW,111.80078721316795,34.69320300837178,2809.949460566044,38.5173744559288,83.52806830406189,57928344,3,1,1,508,'TJZJC','TJZJC_508'
NOW,116.22557611696399,32.76486419173121,2812.4245386719704,36.34456938505173,83.12583297491074,57928342,1,1,1,508,'TJZJC','TJZJC_508'
NOW,112.73582862956955,34.65720491696245,2809.722413122654,33.61413139104843,80.38757008314133,57928338,1,1,0,508,'TJZJC','TJZJC_508'
NOW,114.43676775785933,34.777177453882764,2812.6203120350838,31.230011880397797,80.10460472106934,57928336,4,1,1,508,'TJZJC','TJZJC_508'
NOW,117.39968546985617,31.8079983802181,2812.326041340828,29.344880044460297,77.73149251937866,57928335,4,0,0,508,'TJZJC','TJZJC_508'
NOW,111.96203873396517,34.673462145967996,2813.9239180088043,28.375704765319824,74.96929407119751,57928332,1,4,0,508,'TJZJC','TJZJC_508'
NOW,113.56475840973579,34.7319056280082,2811.914383649826,27.772197008132935,72.77077770233154,57928332,2,5,1,508,'TJZJC','TJZJC_508'
NOW,117.05848711494055,32.27697217641111,2809.8103148937225,25.999574661254883,70.83608210086823,57928331,4,2,1,508,'TJZJC','TJZJC_508'
NOW,120.6062474287592,32.04972425305568,2811.564603805542,25.978549540042877,68.04026639461517,57928331,0,2,0,508,'TJZJC','TJZJC_508'
NOW,115.74099058761371,32.984971565247776,2810.86684858799,26.535415470600128,67.1353343129158,57928331,1,4,1,508,'TJZJC','TJZJC_508'
NOW,109.76426332826368,34.49459637697424,2810.807540655136,25.164574682712555,66.8501752614975,57928330,1,4,0,508,'TJZJC','TJZJC_508'
NOW,116.32315267904825,32.73587606456559,2813.5444531440735,22.572494089603424,66.206658244133,57928330,4,2,1,508,'TJZJC','TJZJC_508'
NOW,117.88723562662099,31.907717357848693,2813.399132847786,21.3535538315773,65.02953946590424,57928327,0,5,1,508,'TJZJC','TJZJC_508'
NOW,115.72776542823502,33.842446968671,2814.96451151371,19.4808229804039,64.81495434045792,57928323,0,3,1,508,'TJZJC','TJZJC_508'
NOW,109.03715396391374,34.38644529012459,2814.29600417614,16.51057380437851,64.26304960250854,57928321,4,1,1,508,'TJZJC','TJZJC_508'
NOW,110.46720505169802,34.59876860069214,2813.314961910248,13.924617230892181,63.10332214832306,57928318,5,0,0,508,'TJZJC','TJZJC_508'
NOW,110.94503820054622,34.67089737768797,2814.868791818619,12.9180206656456,61.043323159217834,57928314,4,3,0,508,'TJZJC','TJZJC_508'
NOW,117.14344456569614,31.942754604780802,2815.2616701722145,13.172983407974243,60.45238620042801,57928314,1,1,0,508,'TJZJC','TJZJC_508'
NOW,112.64512034028213,34.64850681044818,2814.569987118244,13.204987704753876,58.905796229839325,57928313,4,2,0,508,'TJZJC','TJZJC_508'
NOW,114.66573250348503,34.70405263151882,2814.3216331601143,10.762704312801361,56.666482865810394,57928309,2,1,1,508,'TJZJC','TJZJC_508'
NOW,111.24675652463172,34.72525025585127,2813.6151208877563,11.167521715164185,55.209737718105316,57928309,5,3,1,508,'TJZJC','TJZJC_508'
NOW,111.63179913056045,34.69401533244626,2816.413506746292,11.187158167362213,52.27782219648361,57928308,4,4,1,508,'TJZJC','TJZJC_508'
NOW,113.34530171358179,34.7037686979221,2814.9532363414764,9.311016857624054,50.06261867284775,57928307,4,1,0,508,'TJZJC','TJZJC_508'
NOW,113.60720575047114,34.727058878873066,2816.3604514598846,7.067484676837921,48.26437395811081,57928306,2,3,1,508,'TJZJC','TJZJC_508'
NOW,109.70130882215427,34.47754544408636,2818.919101715088,7.462290644645691,46.76601022481918,57928305,0,2,1,508,'TJZJC','TJZJC_508'
NOW,109.91606098529749,34.5099244412107,2821.842569589615,9.76641309261322,43.93252342939377,57928302,4,0,0,508,'TJZJC','TJZJC_508'
NOW,111.86325217486115,34.68849414132648,2819.7894864082336,9.658082067966461,43.67947435379028,57928298,0,1,0,508,'TJZJC','TJZJC_508'
NOW,116.65721029401578,32.6509414645961,2820.021899461746,7.071147263050079,41.42277240753174,57928298,4,4,0,508,'TJZJC','TJZJC_508'
NOW,120.45464813954645,32.08775486390444,2817.5931403636932,7.523472309112549,39.92156744003296,57928297,3,5,0,508,'TJZJC','TJZJC_508'
NOW,113.59516540437087,34.72498200138198,2816.3777644634247,4.619466781616211,39.034204721450806,57928293,5,5,0,508,'TJZJC','TJZJC_508'
NOW,113.8175219177634,34.75082412574026,2816.935182750225,5.62639307975769,37.54823923110962,57928292,1,1,0,508,'TJZJC','TJZJC_508'
NOW,110.00356050128347,34.53854940675417,2818.4488210082054,5.851395905017853,35.280399560928345,57928288,2,1,1,508,'TJZJC','TJZJC_508'
NOW,115.752731288705,33.061571288306176,2818.761429786682,8.604317724704742,32.715261697769165,57928284,5,4,0,508,'TJZJC','TJZJC_508'
NOW,115.7345716036639,33.32647105542876,2820.561177968979,7.795199692249298,29.853389978408813,57928282,3,1,1,508,'TJZJC','TJZJC_508'
NOW,117.08633491130279,32.18452010273724,2820.538050174713,5.6513689160346985,27.26019811630249,57928281,3,0,0,508,'TJZJC','TJZJC_508'
NOW,115.71833101467564,33.860957646362195,2821.3564443588257,6.958163678646088,25.948230266571045,57928279,2,3,1,508,'TJZJC','TJZJC_508'
NOW,111.61821672438121,34.69903118943669,2823.316754579544,4.26175731420517,23.337974786758423,57928278,5,4,0,508,'TJZJC','TJZJC_508'
NOW,115.76256429585177,32.90124785932533,2822.7885004878044,6.202926814556122,20.516890287399292,57928278,3,1,1,508,'TJZJC','TJZJC_508'
NOW,115.74381822791801,32.928099723512545,2821.188397228718,5.171453416347504,19.031383872032166,57928277,2,2,1,508,'TJZJC','TJZJC_508'
NOW,116.60448722554757,32.669119092296036,2818.6543956398964,5.204123616218567,18.950939774513245,57928277,5,2,1,508,'TJZJC','TJZJC_508'
NOW,120.12463015982992,32.17021610664614,2817.2645561099052,2.9707502126693726,17.70411777496338,57928275,5,1,1,508,'TJZJC','TJZJC_508'
NOW,120.57650680573165,32.07096627346241,2815.761717259884,0.6962980031967163,14.858649253845215,57928271,3,4,1,508,'TJZJC','TJZJC_508'
NOW,114.97964795183819,34.607749437967804,2815.3409789800644,0.3264303207397461,12.800065994262695,57928270,1,1,0,508,'TJZJC','TJZJC_508'
NOW,119.1119527234133,32.23582383435221,2815.619276404381,0.05178570747375488,12.102896571159363,57928266,0,2,1,508,'TJZJC','TJZJC_508'
NOW,113.49031439324433,34.72053315627389,2814.951141178608,0.5336652398109436,10.132830142974854,57928263,5,4,0,508,'TJZJC','TJZJC_508'
NOW,112.60938309467238,34.66160278873464,2814.9924573898315,1.890941321849823,9.622908055782318,57928259,5,4,0,508,'TJZJC','TJZJC_508'
NOW,119.03238865176607,32.1879531781912,2812.416388988495,3.051123082637787,7.24008172750473,57928259,2,4,0,508,'TJZJC','TJZJC_508'
NOW,112.07776678204733,34.66263073366791,2811.2694199085236,1.1229720711708069,6.216832220554352,57928258,3,4,0,508,'TJZJC','TJZJC_508'
NOW,115.7456745513434,33.49168939181133,2810.9902942180634,1.486526906490326,5.862792611122131,57928256,5,5,1,508,'TJZJC','TJZJC_508'
NOW,111.13282553622307,34.69490586184211,2808.4594609737396,0.6243558526039124,2.894349217414856,57928252,2,2,1,508,'TJZJC','TJZJC_508'
NOW,115.54302814369824,34.429511310323015,2807.130453109741,0.8119917511940002,1.1516618728637695,57928251,3,2,0,508,'TJZJC','TJZJC_508'
NOW,119.25901298260983,32.305397472790254,2806.5400989055634,2.261539399623871,0.3111773729324341,57928248,0,1,1,508,'TJZJC','TJZJC_508'
NOW,115.3870996073119,34.47792386958126,2807.6373789310455,4.0129024386405945,2.087492346763611,57928245,0,1,0,508,'TJZJC','TJZJC_508'
NOW,112.1198570607406,34.66517845190279,2808.720963716507,6.960324704647064,3.5021533966064453,57928244,5,0,0,508,'TJZJC','TJZJC_508'
NOW,116.98678413484461,32.502545606365196,2808.4828849434853,5.00034111738205,3.5490909814834595,57928242,4,2,1,508,'TJZJC','TJZJC_508'
NOW,111.65983231406047,34.69930762849561,2808.0218153595924,5.135905146598816,4.52837210893631,57928239,3,3,1,508,'TJZJC','TJZJC_508'
NOW,116.70658550629665,32.62861713295463,2809.1418325304985,8.087910771369934,6.420345842838287,57928235,4,0,1,508,'TJZJC','TJZJC_508'
NOW,116.94001248279542,32.553197274256085,2811.286217391491,8.661923348903656,6.508334815502167,57928234,0,0,1,508,'TJZJC','TJZJC_508'
NOW,116.56466006483775,32.66582061232912,2810.904867172241,10.941600739955902,6.7676427364349365,57928230,4,5,1,508,'TJZJC','TJZJC_508'
NOW,114.679870573903,34.70029357204526,2808.6045484542847,13.705061852931976,7.2276886105537415,57928228,0,4,1,508,'TJZJC','TJZJC_508'
NOW,120.23600508825048,32.147728395338675,2805.605498790741,15.719885051250458,7.82750529050827,57928225,3,4,0,508,'TJZJC','TJZJC_508'
NOW,110.39690147182095,34.58610828890952,2806.4745329022408,13.586057364940643,9.538061201572418,57928221,2,1,0,508,'TJZJC','TJZJC_508'
NOW,114.35860483502428,34.79680473940875,2809.3870266079903,13.337207555770874,10.5678032040596,57928220,1,0,0,508,'TJZJC','TJZJC_508'
NOW,118.88018315502437,32.111361112643415,2808.324343264103,16.207011461257935,11.334365844726562,57928216,0,4,1,508,'TJZJC','TJZJC_508'
NOW,113.43632995848053,34.72289444112353,2810.782420694828,18.36094570159912,13.395630359649658,57928216,1,2,1,508,'TJZJC','TJZJC_508'
NOW,115.63289101013692,34.32737641827099,2810.3806411623955,16.66990876197815,16.168457508087158,57928212,3,3,1,508,'TJZJC','TJZJC_508'
NOW,113.04250689391952,34.68657725923041,2812.7380217909813,19.280709743499756,18.419578313827515,57928210,2,2,0,508,'TJZJC','TJZJC_508'
NOW,109.66775133691996,34.48445675672893,2814.403783738613,18.48802524805069,20.62532639503479,57928209,0,5,1,508,'TJZJC','TJZJC_508'
NOW,119.69458814976392,32.28500236989782,2813.3939375281334,20.323560059070587,23.15539813041687,57928208,5,4,1,508,'TJZJC','TJZJC_508'
NOW,119.59892024913394,32.31804259629376,2812.904528260231,23.112557232379913,24.096676290035248,57928204,1,4,0,508,'TJZJC','TJZJC_508'
NOW,113.62378206773556,34.7414360753211,2811.445993542671,24.87154918909073,26.5030135512352,57928202,0,4,0,508,'TJZJC','TJZJC_508'
NOW,120.75015355426386,32.01733247275661,2813.3009907007217,25.255131721496582,27.75547283887863,57928198,0,5,1,508,'TJZJC','TJZJC_508'
NOW,116.84728142268793,32.59780940420647,2812.7919338941574,27.102529525756836,30.442332923412323,57928198,5,4,0,508,'TJZJC','TJZJC_508'
NOW,117.81017402923835,31.8979129405172,2813.4636074900627,24.90762233734131,32.16804438829422,57928198,3,2,1,508,'TJZJC','TJZJC_508'
NOW,115.31699952586797,34.51048986596378,2812.8444878458977,24.932049036026,34.14904409646988,57928194,0,0,0,508,'TJZJC','TJZJC_508'
NOW,116.94650552197591,32.55326164712716,2812.570111453533,25.179007530212402,34.950976490974426,57928193,1,4,1,508,'TJZJC','TJZJC_508'
NOW,117.2430072358522,31.78517734109246,2813.1598870158195,27.927484035491943,35.575421035289764,57928190,4,5,1,508,'TJZJC','TJZJC_508'
NOW,113.26931557270538,34.70487873694165,2814.018182992935,30.331817150115967,37.25198942422867,57928190,3,2,1,508,'TJZJC','TJZJC_508'
NOW,113.3813079835398,34.70963244725076,2812.909484744072,31.546321868896484,37.740043103694916,57928189,5,3,1,508,'TJZJC','TJZJC_508'
NOW,109.02590603796016,34.38128663178214,2812.0564648509026,31.873646140098572,39.675568759441376,57928188,0,1,1,508,'TJZJC','TJZJC_508'
NOW,115.6707995012273,34.18077784683241,2811.354749083519,34.09442174434662,42.1148287653923,57928188,5,5,0,508,'TJZJC','TJZJC_508'
NOW,114.0236419228884,34.781034756226674,2811.0360080599785,32.3072270154953,44.106756150722504,57928187,0,2,1,508,'TJZJC','TJZJC_508'
NOW,112.4738345368963,34.6404570626808,2808.490303695202,30.511637568473816,45.65134233236313,57928186,0,1,0,508,'TJZJC','TJZJC_508'
NOW,117.15270117044693,31.9256004129446,2805.516199529171,31.862984776496887,47.26353019475937,57928184,4,1,1,508,'TJZJC','TJZJC_508'
NOW,117.15154779795517,31.94043450565886,2805.5635365843773,33.787187576293945,47.329007387161255,57928184,2,2,0,508,'TJZJC','TJZJC_508'
NOW,115.75092351546039,33.12618414692468,2802.639600455761,31.584983587265015,48.138600170612335,57928184,2,0,0,508,'TJZJC','TJZJC_508'
NOW,111.1571209676833,34.708849528437185,2801.173167049885,32.17831236124039,48.305863082408905,57928180,0,5,1,508,'TJZJC','TJZJC_508'
NOW,109.97640017566701,34.519958104473645,2798.3738752007484,32.09077936410904,50.93671530485153,57928179,3,1,1,508,'TJZJC','TJZJC_508'
NOW,111.55632723460705,34.70187773084704,2795.793186247349,31.494498193264008,52.08586484193802,57928175,0,0,1,508,'TJZJC','TJZJC_508'
NOW,120.72677929054502,32.02451139976334,2793.979912340641,31.64312207698822,54.402006924152374,57928175,0,2,0,508,'TJZJC','TJZJC_508'
NOW,115.7313133238387,33.81112586711146,2791.075064957142,32.51366287469864,56.08188849687576,57928172,0,1,0,508,'TJZJC','TJZJC_508'
NOW,111.86454105989861,34.67546299669758,2789.9721642136574,29.664799749851227,56.3570938706398,57928171,4,2,1,508,'TJZJC','TJZJC_508'
NOW,120.31981721223801,32.12528131488282,2789.4190923571587,32.18976837396622,57.92858797311783,57928171,2,5,1,508,'TJZJC','TJZJC_508'
NOW,109.4557529141281,34.44858956144921,2789.2314945459366,35.18840318918228,58.56278216838837,57928170,3,1,1,508,'TJZJC','TJZJC_508'
NOW,115.72290756098167,33.89114786122824,2791.4723933935165,35.04362219572067,60.01066768169403,57928166,1,5,1,508,'TJZJC','TJZJC_508'
NOW,119.02274474927634,32.19803080500776,2793.2231566905975,35.26517391204834,62.699097752571106,57928163,4,0,1,508,'TJZJC','TJZJC_508'
NOW,120.85043239736818,31.991093914630127,2790.9308652877808,37.0720374584198,64.5293756723404,57928162,3,1,1,508,'TJZJC','TJZJC_508'
NOW,119.71088559031635,32.28482869266097,2788.1898050308228,37.48832505941391,65.12441426515579,57928162,1,2,0,508,'TJZJC','TJZJC_508'
NOW,109.61005646328935,34.48025511703818,2785.9081468582153,36.49902284145355,66.82958322763443,57928161,1,4,1,508,'TJZJC','TJZJC_508'
NOW,112.18747978387661,34.65726997242066,2786.12985342741,37.6352254152298,69.03438812494278,57928158,5,4,0,508,'TJZJC','TJZJC_508'
NOW,116.58339582459469,32.67258337200419,2783.221644580364,40.283466935157776,72.00774317979813,57928154,2,1,0,508,'TJZJC','TJZJC_508'
NOW,120.7701136400955,32.01571521726923,2785.203881919384,39.952370405197144,74.71128922700882,57928152,5,0,1,508,'TJZJC','TJZJC_508'
NOW,119.34612987991494,32.353786706289576,2787.6606227755547,37.64471912384033,75.71821361780167,57928148,0,0,0,508,'TJZJC','TJZJC_508'
NOW,109.18864276699857,34.40782589183584,2784.8035776019096,40.14268207550049,78.03828340768814,57928144,3,4,0,508,'TJZJC','TJZJC_508'
NOW,115.94729615968109,32.85198942299669,2784.291507601738,39.478288531303406,79.33630698919296,57928141,1,2,1,508,'TJZJC','TJZJC_508'
NOW,117.21411521255841,31.78560530570771,2782.936316370964,37.475207686424255,80.6059792637825,57928137,5,4,0,508,'TJZJC','TJZJC_508'
NOW,114.80105604108313,34.66310500670171,2781.491128206253,37.41441631317139,81.51665091514587,57928136,4,4,1,508,'TJZJC','TJZJC_508'
NOW,120.61626055633513,32.05644933302339,2780.6209666728973,35.761695981025696,83.87906050682068,57928132,4,1,0,508,'TJZJC','TJZJC_508'
NOW,116.44121487324965,32.71028040616838,2778.910476207733,35.96993178129196,84.93097043037415,57928132,1,5,0,508,'TJZJC','TJZJC_508'
NOW,120.03952365708207,32.195030339346864,2776.4850974082947,34.79324167966843,87.84330248832703,57928130,0,4,0,508,'TJZJC','TJZJC_508'
NOW,110.65912529766243,34.63339447345891,2774.9508469104767,33.22260993719101,89.83333897590637,57928127,3,5,1,508,'TJZJC','TJZJC_508'
NOW,115.68961903027875,34.097394281072845,2776.9828526973724,34.19157260656357,89.92065596580505,57928126,0,5,0,508,'TJZJC','TJZJC_508'
NOW,111.66281391860255,34.69468283241199,2775.413843035698,34.543804943561554,92.6995747089386,57928125,4,3,0,508,'TJZJC','TJZJC_508'
NOW,115.7445950902744,33.07230364832697,2774.9488434791565,33.201307594776154,93.29334604740143,57928121,1,0,1,508,'TJZJC','TJZJC_508'
NOW,115.89799265713384,32.85937716405106,2777.446296453476,32.01001173257828,94.34207594394684,57928118,4,2,1,508,'TJZJC','TJZJC_508'
NOW,118.72456528944542,32.0551132266212,2776.03177857399,30.096418917179108,94.8562713265419,57928118,1,4,1,508,'TJZJC','TJZJC_508'
NOW,113.07012137608488,34.68433366373901,2774.702174305916,29.34307187795639,95.67021894454956,57928116,4,5,1,508,'TJZJC','TJZJC_508'
NOW,108.89898863287775,34.373090429619445,2772.059746861458,26.398349225521088,98.49726104736328,57928113,3,1,0,508,'TJZJC','TJZJC_508'
NOW,118.69021318421433,32.05278078707046,2769.3898059129715,25.419242799282074,101.25615978240967,57928113,2,1,1,508,'TJZJC','TJZJC_508'
NOW,119.62454942077115,32.302193407512455,2768.91868019104,27.766287744045258,103.99556136131287,57928109,2,1,0,508,'TJZJC','TJZJC_508'
NOW,116.1745951121568,32.77832529980212,2770.010376930237,24.77746480703354,104.56737524271011,57928109,1,0,1,508,'TJZJC','TJZJC_508'
NOW,117.12493319016497,32.02347376657005,2768.6414630413055,27.20889562368393,104.94561874866486,57928106,2,2,1,508,'TJZJC','TJZJC_508'
NOW,115.15339960033248,34.5615354896037,2770.1387511491776,27.41542285680771,106.70381999015808,57928103,2,5,1,508,'TJZJC','TJZJC_508'
NOW,114.07400967514428,34.797974755446994,2770.72295576334,29.471832931041718,107.46347844600677,57928101,5,3,1,508,'TJZJC','TJZJC_508'
NOW,115.65105315625131,34.292817043511626,2768.6661108136177,28.53833371400833,108.254678606987,57928101,3,4,1,508,'TJZJC','TJZJC_508'
NOW,117.46167557992742,31.82561165611517,2767.508109629154,29.39184659719467,108.49200457334518,57928098,1,4,0,508,'TJZJC','TJZJC_508'
NOW,117.15128160390897,31.971997726427297,2765.2487125992775,30.87223380804062,111.27664345502853,57928097,4,4,0,508,'TJZJC','TJZJC_508'
NOW,110.59778826247044,34.61272515262664,2763.1765947937965,31.319032967090607,113.09868258237839,57928094,0,1,1,508,'TJZJC','TJZJC_508'
NOW,109.62617451836587,34.47107491802707,2761.338533461094,33.217765629291534,114.82851427793503,57928093,3,3,0,508,'TJZJC','TJZJC_508'
NOW,118.54211840600189,32.02292147536442,2760.207596361637,33.73501193523407,115.664803981781,57928090,2,3,1,508,'TJZJC','TJZJC_508'
NOW,114.94893304070327,34.61646406340528,2760.815670311451,34.027463555336,118.65261745452881,57928086,2,4,1,508,'TJZJC','TJZJC_508'
NOW,117.15256811432239,31.949379897486814,2759.0954783558846,32.085999846458435,119.21972048282623,57928085,5,1,1,508,'TJZJC','TJZJC_508'
NOW,117.83439718099883,31.889531896733814,2758.66699385643,29.651233553886414,121.86312353610992,57928082,2,0,0,508,'TJZJC','TJZJC_508'
NOW,118.91441740359198,32.14412431793188,2757.3179280757904,30.449774205684662,123.2833491563797,57928080,1,2,0,508,'TJZJC','TJZJC_508'
NOW,119.26947590470573,32.30902374819345,2756.076655626297,31.481689631938934,123.59191101789474,57928077,1,4,1,508,'TJZJC','TJZJC_508'
NOW,113.75401001381465,34.74152294979628,2758.0887911319733,30.70798569917679,124.48170578479767,57928073,1,0,0,508,'TJZJC','TJZJC_508'
NOW,111.90377807014089,34.67454037048644,2756.669127225876,31.082421362400055,126.30618119239807,57928072,3,0,0,508,'TJZJC','TJZJC_508'
NOW,109.62791457795011,34.47663518886451,2756.422804057598,28.255501568317413,127.29991155862808,57928072,4,1,0,508,'TJZJC','TJZJC_508'
NOW,115.74850421925966,33.677751762692054,2755.762597620487,30.363522112369537,129.94818264245987,57928068,5,4,0,508,'TJZJC','TJZJC_508'
NOW,115.66772834165458,34.139602094582806,2757.541537821293,32.843243420124054,131.72262579202652,57928066,1,2,0,508,'TJZJC','TJZJC_508'
NOW,118.09108905499025,31.93662953047325,2756.993407845497,32.66066133975983,132.34910023212433,57928064,4,5,1,508,'TJZJC','TJZJC_508'
NOW,112.52648754080235,34.6559028163954,2755.082286477089,35.11100375652313,134.80278742313385,57928064,2,0,0,508,'TJZJC','TJZJC_508'
NOW,110.04312646387662,34.52878200342778,2754.8845261335373,37.158981919288635,136.50657045841217,57928063,0,3,1,508,'TJZJC','TJZJC_508'
NOW,114.38962764484272,34.78647251845387,2756.041581749916,35.014777302742004,137.17338120937347,57928061,1,1,0,508,'TJZJC','TJZJC_508'
NOW,117.11252366339443,32.118277340532686,2758.8142973184586,33.12756860256195,139.5692468881607,57928060,1,5,0,508,'TJZJC','TJZJC_508'
NOW,118.31579342799822,31.982039506937145,2761.2344645261765,30.72258484363556,139.97631806135178,57928058,2,1,0,508,'TJZJC','TJZJC_508'
NOW,117.33832722995606,31.79686437864384,2763.2879976034164,31.549937069416046,142.3396527171135,57928054,5,5,0,508,'TJZJC','TJZJC_508'
NOW,120.75637730628345,32.01877755427605,2763.6440935730934,30.665165722370148,143.00515741109848,57928052,4,3,0,508,'TJZJC','TJZJC_508'
NOW,120.23616686219839,32.14864947658142,2765.4371567368507,32.63397258520126,143.13713479042053,57928048,4,5,0,508,'TJZJC','TJZJC_508'
NOW,113.58277644044259,34.720975421483516,2766.0563781261444,35.351668775081635,144.62506306171417,57928044,1,0,1,508,'TJZJC','TJZJC_508'
NOW,117.48732736966902,31.823739894113093,2764.3360238075256,35.89857655763626,146.0736780166626,57928043,2,5,0,508,'TJZJC','TJZJC_508'
NOW,116.13394400880311,32.801565763425295,2762.322086572647,37.08165913820267,147.21083450317383,57928040,5,4,1,508,'TJZJC','TJZJC_508'
NOW,115.59983939236852,34.41929232039163,2763.3977057933807,35.146773397922516,148.0505617260933,57928037,3,4,0,508,'TJZJC','TJZJC_508'
NOW,115.75078559555996,33.48295653627732,2761.7683444023132,34.8754443526268,149.03269082307816,57928036,5,2,1,508,'TJZJC','TJZJC_508'
NOW,120.45570210794978,32.09717829087346,2760.8787066340446,33.939594984054565,151.66720873117447,57928035,1,3,0,508,'TJZJC','TJZJC_508'
NOW,110.98010695012114,34.67641780415985,2759.511736571789,32.25435209274292,154.39394718408585,57928033,5,4,0,508,'TJZJC','TJZJC_508'
NOW,110.6636911035869,34.62882595161298,2762.2430693507195,30.633636951446533,154.4260355234146,57928032,5,1,0,508,'TJZJC','TJZJC_508'
NOW,114.91842448778843,34.61983191252148,2759.395388543606,29.53454065322876,156.00835001468658,57928028,0,4,0,508,'TJZJC','TJZJC_508'
NOW,117.07963290332164,32.174467577785194,2760.2615859508514,26.615933895111084,156.79789739847183,57928024,4,4,0,508,'TJZJC','TJZJC_508'
NOW,116.01755560968935,32.82936879331499,2758.1573553085327,29.385807991027832,158.48890978097916,57928023,2,5,1,508,'TJZJC','TJZJC_508'
NOW,112.69435853131992,34.656990339682615,2755.8333127498627,28.332504749298096,158.69751465320587,57928020,2,1,0,508,'TJZJC','TJZJC_508'
NOW,112.41292208984126,34.63748810419373,2754.9708001613617,27.866858959197998,159.27161520719528,57928016,3,0,1,508,'TJZJC','TJZJC_508'
NOW,120.11770170082636,32.17814203736644,2754.8197370767593,29.885818004608154,160.88567060232162,57928015,0,0,0,508,'TJZJC','TJZJC_508'
NOW,120.66890431837456,32.03420341454697,2753.108216404915,29.949824452400208,163.04984992742538,57928012,5,4,1,508,'TJZJC','TJZJC_508'
NOW,111.417459826166,34.70922815769416,2751.9285361766815,29.329207599163055,163.16438060998917,57928008,0,3,0,508,'TJZJC','TJZJC_508'
NOW,118.3750807672265,32.00307702195798,2754.7704679965973,27.12130230665207,163.44012832641602,57928005,3,5,0,508,'TJZJC','TJZJC_508'
NOW,118.5302431978636,32.01978218324314,2756.2872700691223,27.984498143196106,163.96413415670395,57928003,2,1,0,508,'TJZJC','TJZJC_508'
NOW,110.83320066956931,34.66558512544497,2755.944869995117,26.052435994148254,164.25432413816452,57928001,4,5,0,508,'TJZJC','TJZJC_508'
NOW,114.58287266393265,34.74245388413707,2754.4780353307724,27.36484706401825,167.0783707499504,57927997,3,4,1,508,'TJZJC','TJZJC_508'
NOW,117.01378415851417,32.461866973216196,2752.8242605924606,26.1910742521286,167.47732609510422,57927994,1,0,1,508,'TJZJC','TJZJC_508'
NOW,114.56346122881574,34.74190879422453,2754.6524996757507,25.697892367839813,169.08719331026077,57927993,4,1,1,508,'TJZJC','TJZJC_508'
