NOW,104.19539510402237,28.56229352324033,1100.8477783203125,36.13343048095703,233.5587158203125,855888776,1,2,0,0,307,'TEN','TEN_307'
NOW,101.02687371015104,26.23848141455774,1098.907725095749,33.51377725601196,230.8016791343689,855888773,1,3,1,3,307,'TEN','TEN_307'
NOW,100.58731190736606,26.415797738330212,1101.5069649219513,32.71397149562836,229.11953604221344,855888771,4,3,0,3,307,'TEN','TEN_307'
NOW,107.02208361293776,29.619333783552992,1103.0289332866669,30.200880885124207,227.7979555130005,855888771,5,5,1,3,307,'TEN','TEN_307'
NOW,101.04932423119016,26.236492861321498,1103.6762720942497,31.28248107433319,225.31986713409424,855888769,3,3,0,7,307,'TEN','TEN_307'
NOW,105.57414878721293,29.017376051000507,1102.811736047268,30.89668107032776,222.62113237380981,855888767,0,1,1,8,307,'TEN','TEN_307'
NOW,104.21952112153664,28.561657881718258,1102.7266538739204,32.9683575630188,221.1551911830902,855888766,4,2,1,11,307,'TEN','TEN_307'
NOW,103.95728891041307,28.43728202551107,1103.8677216172218,32.031857669353485,219.57124710083008,855888765,3,1,1,14,307,'TEN','TEN_307'
NOW,101.36603717196495,26.382123598950372,1103.3155645728111,31.40809065103531,219.2410061955452,855888764,0,4,0,18,307,'TEN','TEN_307'
NOW,101.05422958833873,26.240122704626863,1103.2257912158966,32.029640197753906,216.72467881441116,855888764,3,0,0,18,307,'TEN','TEN_307'
NOW,100.78135206241707,26.185764088197608,1101.1468970775604,31.17525416612625,216.05679196119308,855888760,5,1,1,22,307,'TEN','TEN_307'
NOW,103.10045734947599,27.435175276047126,1101.2899455428123,32.43291002511978,213.66546648740768,855888758,0,4,1,22,307,'TEN','TEN_307'
NOW,101.44275836600671,26.41566797408693,1099.665739953518,29.55445033311844,211.1772956252098,855888755,4,4,0,26,307,'TEN','TEN_307'
NOW,101.54710460295806,26.468402053268253,1099.4573156833649,31.397878229618073,209.99484664201736,855888751,4,2,0,29,307,'TEN','TEN_307'
NOW,103.06265472530404,27.254338232260718,1099.324667751789,28.464732706546783,208.81812077760696,855888747,5,2,0,31,307,'TEN','TEN_307'
NOW,101.12239193717043,26.27940688756956,1097.895656645298,26.28086620569229,208.7251722216606,855888743,0,3,0,35,307,'TEN','TEN_307'
NOW,106.01543790979206,29.147418719503897,1096.3980229496956,23.837096750736237,207.83456975221634,855888741,2,4,0,35,307,'TEN','TEN_307'
NOW,104.00809620020794,28.458326574865108,1098.952946960926,22.73915582895279,207.77468478679657,855888739,0,4,1,37,307,'TEN','TEN_307'
NOW,107.32416393862957,29.795373275097276,1096.2989743351936,23.68698823451996,207.48113453388214,855888736,4,2,0,41,307,'TEN','TEN_307'
NOW,106.50677785451525,29.301237686673623,1094.7323192954063,26.605685591697693,207.35902678966522,855888736,2,5,1,42,307,'TEN','TEN_307'
NOW,106.82376811749016,29.45915965310325,1092.7615047097206,24.10300576686859,206.27762162685394,855888735,1,2,1,44,307,'TEN','TEN_307'
NOW,103.45009778698613,27.873163323209145,1092.5833523869514,22.90093219280243,205.77843034267426,855888734,5,4,1,45,307,'TEN','TEN_307'
NOW,103.37687357161006,27.80675367853874,1091.1229992508888,25.600677609443665,203.08836257457733,855888730,2,4,1,46,307,'TEN','TEN_307'
NOW,101.07652759207242,26.26194500935629,1088.960212290287,23.163140892982483,201.3877102136612,855888726,0,5,0,50,307,'TEN','TEN_307'
NOW,102.27707566151778,26.412313894114508,1091.735942184925,20.365436673164368,201.36448961496353,855888726,2,4,1,52,307,'TEN','TEN_307'
NOW,107.17580181799924,29.711615895471507,1090.02490991354,18.45406985282898,198.43825370073318,855888722,4,2,1,54,307,'TEN','TEN_307'
NOW,106.84973818061522,29.480797174622904,1091.2405825257301,19.1582013964653,195.9837208390236,855888720,0,0,0,57,307,'TEN','TEN_307'
NOW,103.72129068255076,28.195588317037263,1091.169600725174,17.056281745433807,195.63953065872192,855888716,0,5,1,61,307,'TEN','TEN_307'
NOW,106.73025326135678,29.42235527573989,1090.3493651151657,15.440395057201385,195.37142097949982,855888713,5,1,1,63,307,'TEN','TEN_307'
NOW,103.21840758734639,27.589516464410693,1091.7009700536728,14.726292490959167,195.2837474346161,855888712,4,4,0,66,307,'TEN','TEN_307'
NOW,100.88889043410231,26.18078771663508,1089.5834900140762,14.224516987800598,192.96648454666138,855888708,3,5,0,66,307,'TEN','TEN_307'
NOW,104.37862252639167,28.651688252722323,1091.1034725904465,13.776184320449829,191.53319191932678,855888708,4,1,1,66,307,'TEN','TEN_307'
NOW,102.93074870098376,26.607832466322115,1088.1880997419357,13.290951609611511,189.69420385360718,855888707,1,1,1,69,307,'TEN','TEN_307'
NOW,102.40240534140442,26.388905483646965,1087.042721748352,15.07718813419342,187.6723599433899,855888704,3,2,0,72,307,'TEN','TEN_307'
NOW,101.70465419435854,26.520748209193673,1086.3272705674171,15.715910613536835,186.03563845157623,855888704,1,2,0,74,307,'TEN','TEN_307'
NOW,104.31581591927365,28.622909122021817,1083.4890366196632,14.982549250125885,183.80528366565704,855888700,4,4,0,75,307,'TEN','TEN_307'
NOW,101.86414666410931,26.538529302925355,1082.5023084282875,17.577004969120026,183.3049966096878,855888700,4,5,0,75,307,'TEN','TEN_307'
NOW,101.96135826665196,26.504066631828263,1080.9670560956001,17.842906832695007,181.76109099388123,855888699,3,2,1,76,307,'TEN','TEN_307'
NOW,102.83796021928235,26.550890237135523,1081.9442468881607,20.597021222114563,179.82061958312988,855888695,3,4,1,76,307,'TEN','TEN_307'
NOW,103.0648170262916,26.93092607286207,1080.800843834877,22.959726214408875,178.2182947397232,855888692,1,2,0,78,307,'TEN','TEN_307'
NOW,101.62703658300629,26.50306257803401,1081.5796028375626,23.83777344226837,176.65607571601868,855888689,1,0,1,82,307,'TEN','TEN_307'
NOW,104.08633249711457,28.503101073950532,1084.0396293401718,21.67542254924774,176.63216882944107,855888685,4,1,1,82,307,'TEN','TEN_307'
NOW,101.5307237439038,26.46052536640375,1086.1783012151718,19.083789229393005,175.2678604722023,855888683,4,3,0,85,307,'TEN','TEN_307'
NOW,103.42682429576793,27.86686191121665,1085.8317662477493,17.173237800598145,173.78773421049118,855888682,2,1,1,87,307,'TEN','TEN_307'
NOW,101.53193546038186,26.447331767400723,1086.957646369934,17.706259608268738,171.07389730215073,855888681,1,3,1,90,307,'TEN','TEN_307'
NOW,101.71609764820549,26.532206706111804,1089.4242436885834,20.039527773857117,168.45283740758896,855888681,2,3,1,90,307,'TEN','TEN_307'
NOW,101.16570828871887,26.2832579020631,1087.7368104457855,19.87535333633423,167.67542773485184,855888681,3,2,0,92,307,'TEN','TEN_307'
NOW,103.29947789711217,27.708543863535382,1084.9524261951447,19.034101009368896,167.43815129995346,855888678,5,4,1,95,307,'TEN','TEN_307'
NOW,103.56507393473082,28.011142652052765,1085.5069274902344,16.847115993499756,165.26228803396225,855888676,5,5,0,98,307,'TEN','TEN_307'
NOW,103.17038094848948,27.52723120565342,1085.3296601176262,19.62386989593506,163.82134979963303,855888676,4,4,1,102,307,'TEN','TEN_307'
NOW,103.06673975742457,26.79496602595568,1085.9709412455559,21.66655683517456,161.67823165655136,855888674,3,2,1,104,307,'TEN','TEN_307'
NOW,105.97478583509054,29.141022008940695,1087.0789585709572,23.28450572490692,158.8908767104149,855888670,5,5,0,104,307,'TEN','TEN_307'
NOW,103.06026643259125,26.88827331241493,1088.2519161105156,22.362286627292633,157.38075655698776,855888670,0,2,0,104,307,'TEN','TEN_307'
NOW,101.42001263126367,26.40888844957588,1086.019628226757,21.563437342643738,155.6138054728508,855888666,5,0,1,104,307,'TEN','TEN_307'
NOW,105.06343247861604,28.880498419713412,1088.8518261313438,19.102990746498108,153.02505725622177,855888665,1,2,0,104,307,'TEN','TEN_307'
NOW,103.07166196599253,27.354164927765023,1088.3292198777199,16.479995846748352,150.3308600783348,855888663,0,1,1,108,307,'TEN','TEN_307'
NOW,106.3770172193786,29.26239117282225,1087.8950340747833,17.313195645809174,149.8942533135414,855888661,2,5,1,111,307,'TEN','TEN_307'
NOW,104.74035144496885,28.764146649879663,1087.6376231908798,16.032181680202484,149.4922030568123,855888660,0,4,0,112,307,'TEN','TEN_307'
NOW,100.57314917723957,26.418459052076166,1086.3386189937592,15.78752613067627,149.41089296340942,855888660,1,4,1,113,307,'TEN','TEN_307'
NOW,103.07360032874948,27.158664959755136,1085.9003578424454,18.41092300415039,149.10875535011292,855888660,1,4,1,113,307,'TEN','TEN_307'
NOW,103.90437581335792,28.372463752706185,1083.1002765893936,18.727846562862396,148.72895258665085,855888660,3,4,0,117,307,'TEN','TEN_307'
NOW,103.77439200330687,28.251887907138485,1080.2349268198013,17.446854770183563,146.79387229681015,855888660,0,2,1,118,307,'TEN','TEN_307'
NOW,102.31139219022191,26.40123173095607,1080.6343497633934,16.80139172077179,146.54904758930206,855888656,4,0,1,121,307,'TEN','TEN_307'
NOW,104.27538914812533,28.588419964729052,1082.0911816954613,15.951531112194061,146.29758548736572,855888652,4,0,0,121,307,'TEN','TEN_307'
NOW,101.0158772805268,26.234090496758334,1082.5159205794334,13.835762202739716,146.25418001413345,855888650,0,4,0,125,307,'TEN','TEN_307'
NOW,100.66723817347523,26.317176362658095,1084.6622750163078,14.388119518756866,146.053138256073,855888649,3,4,0,128,307,'TEN','TEN_307'
NOW,103.50655431643892,27.94866344992982,1082.108183324337,15.107207238674164,145.09471595287323,855888645,1,0,0,132,307,'TEN','TEN_307'
NOW,100.46075574764852,26.553651271517424,1081.7951210737228,17.491360127925873,143.93866419792175,855888641,0,5,0,134,307,'TEN','TEN_307'
NOW,103.4772940328888,27.915496835681584,1078.956513285637,15.644845187664032,142.57452166080475,855888637,0,5,1,137,307,'TEN','TEN_307'
NOW,103.21920762439115,27.60901442016306,1078.1647700667381,13.568199098110199,141.9094489812851,855888635,2,0,0,137,307,'TEN','TEN_307'
NOW,100.57074099223362,26.420383597694777,1075.6003400683403,15.951734244823456,140.86814844608307,855888633,3,4,0,138,307,'TEN','TEN_307'
NOW,100.35825042162698,26.654749581173494,1076.4149339199066,15.710036098957062,138.3407541513443,855888630,3,5,0,140,307,'TEN','TEN_307'
NOW,107.27522649267007,29.771436644617463,1076.459820508957,13.091910421848297,137.31898987293243,855888627,3,1,1,144,307,'TEN','TEN_307'
NOW,106.88566200471051,29.51603247057668,1076.1412271857262,11.00614219903946,135.53944289684296,855888623,5,3,1,148,307,'TEN','TEN_307'
NOW,101.32744511969098,26.366056090422134,1078.5766753554344,8.975853979587555,134.7471485733986,855888619,3,1,1,148,307,'TEN','TEN_307'
NOW,103.06386175884307,26.84060774924686,1078.9473927617073,10.877334177494049,132.80592161417007,855888617,2,5,0,149,307,'TEN','TEN_307'
NOW,103.40587183060725,27.838351541929292,1079.268466413021,11.899475038051605,131.28146749734879,855888613,0,5,1,149,307,'TEN','TEN_307'
NOW,102.1806584557489,26.442588146627,1080.5869988799095,12.365734159946442,128.85674077272415,855888609,2,1,0,150,307,'TEN','TEN_307'
NOW,105.47329732108682,28.998194176364276,1079.2216553092003,9.399069845676422,127.53919965028763,855888607,0,4,1,150,307,'TEN','TEN_307'
NOW,102.77640346332468,26.52970885188429,1081.7643215060234,6.679194509983063,127.38850975036621,855888603,5,1,1,154,307,'TEN','TEN_307'
NOW,100.73680584484018,26.23820533675375,1080.7659085392952,6.4779170751571655,126.98706728219986,855888603,0,4,0,158,307,'TEN','TEN_307'
NOW,103.07293784871352,27.34232643050307,1082.5645939707756,8.698344588279724,124.0088363289833,855888600,0,1,0,162,307,'TEN','TEN_307'
NOW,103.35471023465338,27.76835103924352,1085.5486597418785,10.46232783794403,122.47764295339584,855888598,3,2,0,164,307,'TEN','TEN_307'
NOW,102.53248823011634,26.40878531759765,1084.120536506176,11.058300197124481,121.49091601371765,855888596,3,0,1,166,307,'TEN','TEN_307'
NOW,107.12520454415812,29.686845285553336,1085.0722835063934,11.285089015960693,118.66835689544678,855888593,1,3,0,170,307,'TEN','TEN_307'
NOW,104.57366936737661,28.714656391702736,1084.1573432087898,11.354988098144531,116.85935878753662,855888590,1,4,1,171,307,'TEN','TEN_307'
NOW,105.74012795923012,29.07781170863888,1084.5462894439697,12.156392633914948,114.34887456893921,855888590,2,3,0,175,307,'TEN','TEN_307'
NOW,103.28208395386484,27.671885401390544,1086.7809722423553,12.34916603565216,113.52288115024567,855888586,5,0,1,177,307,'TEN','TEN_307'
NOW,100.38922299275372,26.62360599015683,1085.0539543628693,9.73645007610321,111.11797225475311,855888586,4,0,1,177,307,'TEN','TEN_307'
NOW,101.57145689220326,26.477550763379483,1083.4003705978394,10.198016941547394,109.05426037311554,855888586,5,5,1,180,307,'TEN','TEN_307'
NOW,103.17842825777997,27.540947719791802,1086.1582005023956,11.4799125790596,108.48765695095062,855888584,5,3,0,181,307,'TEN','TEN_307'
NOW,103.05814223271379,27.135440374246002,1084.9888427257538,9.21148806810379,107.01980376243591,855888580,3,1,1,185,307,'TEN','TEN_307'
NOW,102.4117249891664,26.385431883420477,1085.0861568450928,7.35454136133194,104.6111249923706,855888580,1,5,1,185,307,'TEN','TEN_307'
NOW,101.90094308211337,26.523553429674866,1085.0336980223656,8.47018176317215,104.40037006139755,855888577,1,5,0,186,307,'TEN','TEN_307'
NOW,102.24846188213476,26.426337376034827,1086.0358728766441,7.434995710849762,103.3166863322258,855888574,2,4,0,190,307,'TEN','TEN_307'
NOW,106.02017616847863,29.164135025728232,1085.3212546110153,7.038486897945404,102.04320174455643,855888574,3,3,1,192,307,'TEN','TEN_307'
NOW,100.65999733549022,26.326829057427677,1085.7765735387802,4.050429046154022,101.74170750379562,855888573,0,0,1,192,307,'TEN','TEN_307'
NOW,105.76504704672801,29.07405465043854,1085.5136886239052,1.282176911830902,101.4456416964531,855888572,2,2,1,192,307,'TEN','TEN_307'
NOW,102.25452762752062,26.421407463443224,1083.8801643252373,1.6717877984046936,101.05637717247009,855888569,5,4,1,195,307,'TEN','TEN_307'
NOW,105.19986769736202,28.912987210255768,1081.0422231554985,1.9289721250534058,100.54352521896362,855888569,4,4,0,195,307,'TEN','TEN_307'
NOW,102.92487818407871,26.591595898151855,1078.4776386618614,4.269803404808044,97.66380333900452,855888567,5,1,1,198,307,'TEN','TEN_307'
NOW,102.21005204045979,26.43897305927006,1078.8204775452614,1.7456148862838745,95.0238311290741,855888567,1,4,0,198,307,'TEN','TEN_307'
NOW,104.49572572399663,28.699331145047545,1076.7555645108223,1.2583470940589905,92.63423705101013,855888565,1,1,1,202,307,'TEN','TEN_307'
NOW,103.40667371581452,27.82643036938261,1078.7717245221138,1.1580358743667603,92.28007173538208,855888561,2,5,1,204,307,'TEN','TEN_307'
NOW,103.43626471852613,27.877427476222422,1077.7850628495216,1.7588649988174438,89.4026689529419,855888559,3,1,1,207,307,'TEN','TEN_307'
NOW,105.26947920996982,28.937813819750243,1079.8076704144478,0.5743674039840698,87.822878241539,855888556,2,2,1,211,307,'TEN','TEN_307'
NOW,101.38646219339282,26.38588436647846,1082.2096565365791,1.240775227546692,87.78633081912994,855888552,1,2,0,211,307,'TEN','TEN_307'
NOW,103.37066461858369,27.792372941421913,1081.4630641937256,0.5187464952468872,86.28424334526062,855888549,0,0,0,213,307,'TEN','TEN_307'
NOW,100.56922388876856,26.415885768432464,1081.4017932415009,0.478415846824646,84.24005722999573,855888548,0,3,1,214,307,'TEN','TEN_307'
NOW,103.06713175184913,26.660915886774728,1080.2686253786087,2.038702964782715,82.22938108444214,855888545,5,0,1,214,307,'TEN','TEN_307'
NOW,103.05682626818565,26.869920690524093,1078.6808828115463,0.48799729347229004,81.13855266571045,855888544,2,3,1,214,307,'TEN','TEN_307'
NOW,103.94492479372104,28.4229361514972,1079.8452583551407,0.6900643110275269,81.00235384702682,855888543,0,0,1,216,307,'TEN','TEN_307'
NOW,103.06788553235603,26.701092288951262,1078.2129364013672,0.11151772737503052,79.83517688512802,855888539,2,2,0,218,307,'TEN','TEN_307'
NOW,107.33479394894054,29.792668545890475,1079.0280230641365,2.745160162448883,79.69245171546936,855888538,2,4,0,219,307,'TEN','TEN_307'
NOW,105.9909858556602,29.14382047758526,1076.4491384625435,4.16707319021225,78.06977999210358,855888537,1,1,1,222,307,'TEN','TEN_307'
NOW,103.12010180832914,27.474528925941712,1077.9384192824364,4.372896254062653,76.56124985218048,855888535,5,4,1,222,307,'TEN','TEN_307'
NOW,100.44863152975599,26.567355657592305,1075.2038294672966,6.521571218967438,74.8532532453537,855888535,3,2,0,223,307,'TEN','TEN_307'
NOW,104.80805208909828,28.798388606859216,1073.928884923458,8.020108163356781,73.34934329986572,855888532,1,5,0,225,307,'TEN','TEN_307'
NOW,106.88931787704135,29.524475010189185,1071.5373021960258,9.939273416996002,73.06898826360703,855888532,5,1,0,229,307,'TEN','TEN_307'
NOW,104.70231516946723,28.758523031782016,1071.1173211932182,10.907528519630432,70.47475188970566,855888530,0,3,1,231,307,'TEN','TEN_307'
NOW,101.00207140025103,26.21804667994958,1070.6103261113167,12.737882733345032,68.3964895606041,855888528,4,5,0,235,307,'TEN','TEN_307'
NOW,102.72457353554256,26.50525513754132,1068.062214910984,14.033783435821533,68.0884598493576,855888525,1,0,0,236,307,'TEN','TEN_307'
NOW,104.85915746007689,28.79751162068087,1067.5715056657791,11.110854148864746,67.59089398384094,855888522,2,1,0,237,307,'TEN','TEN_307'
NOW,102.9192406228433,26.596553660278058,1066.5348708629608,13.325153350830078,65.90877270698547,855888522,2,0,1,239,307,'TEN','TEN_307'
NOW,104.8664343711259,28.807201174026314,1067.1882501840591,12.501919746398926,63.095195293426514,855888518,1,4,0,239,307,'TEN','TEN_307'
NOW,101.48425977765869,26.426748175795844,1065.6311438083649,11.741173386573792,62.051759123802185,855888516,0,0,1,243,307,'TEN','TEN_307'
NOW,100.66342115050521,26.337115290131017,1063.0244710445404,13.509719371795654,60.453333497047424,855888512,0,2,0,243,307,'TEN','TEN_307'
NOW,103.79999573991488,28.259105915866076,1062.035980284214,14.432889759540558,59.615749180316925,855888508,5,4,0,247,307,'TEN','TEN_307'
NOW,102.4620081923887,26.375225694723945,1059.3408079743385,11.643906891345978,58.79701417684555,855888505,1,1,0,247,307,'TEN','TEN_307'
NOW,102.54586274277555,26.418998130834645,1058.6087884306908,8.856617510318756,56.77016204595566,855888501,0,5,1,250,307,'TEN','TEN_307'
NOW,100.8100787633402,26.166254581169024,1057.9175847768784,10.661976873874664,54.24476879835129,855888501,3,1,1,253,307,'TEN','TEN_307'
NOW,107.45028997058347,29.836272764146408,1056.6928573846817,11.636041462421417,54.019742012023926,855888500,5,0,1,257,307,'TEN','TEN_307'
NOW,104.19216609570155,28.549877361319194,1055.7048161625862,10.198825418949127,52.251452922821045,855888499,1,1,0,259,307,'TEN','TEN_307'
NOW,102.7377196709668,26.516134082521855,1054.2909885048866,8.064944803714752,51.80954271554947,855888499,1,4,0,263,307,'TEN','TEN_307'
NOW,103.48238831616054,27.92654078401408,1051.4333651661873,10.723852932453156,51.297385454177856,855888497,0,2,0,266,307,'TEN','TEN_307'
NOW,104.5183874777432,28.690587406525243,1049.2734926342964,8.531878530979156,50.860639572143555,855888493,2,0,0,268,307,'TEN','TEN_307'
NOW,104.38101447729873,28.653725878285954,1046.293474972248,9.920418798923492,50.73302400112152,855888490,1,3,0,272,307,'TEN','TEN_307'
NOW,102.56391096101898,26.42135409874337,1045.68482452631,12.477392971515656,49.67957282066345,855888488,5,4,1,272,307,'TEN','TEN_307'
NOW,103.35505054899875,27.75536554446294,1048.2028043866158,10.045911610126495,49.504692792892456,855888485,5,2,1,273,307,'TEN','TEN_307'
NOW,103.49503653291022,27.925859292915952,1045.5718966126442,8.148073136806488,46.78203248977661,855888482,1,2,1,273,307,'TEN','TEN_307'
NOW,107.54642301048652,29.880226030094565,1044.4491643309593,6.438937127590179,46.09117537736893,855888479,3,0,0,275,307,'TEN','TEN_307'
NOW,101.34280459871525,26.375423184479956,1044.0176909565926,8.002942025661469,44.19175559282303,855888478,1,0,0,278,307,'TEN','TEN_307'
NOW,101.972904318717,26.509709616061127,1044.1356076598167,9.92323487997055,43.371436297893524,855888476,1,5,0,282,307,'TEN','TEN_307'
NOW,101.57388094788261,26.472540664578133,1042.3117873072624,10.975372970104218,40.74386090040207,855888476,5,4,0,286,307,'TEN','TEN_307'
NOW,103.97819633842138,28.4437804485719,1041.492134988308,13.023163497447968,37.75533264875412,855888475,2,5,0,287,307,'TEN','TEN_307'
NOW,103.07269453575718,26.700812964765618,1043.2295280098915,14.827578008174896,36.01610571146011,855888474,4,2,1,287,307,'TEN','TEN_307'
NOW,103.2654635689906,27.637658386097833,1041.2331038117409,12.653344571590424,33.54703813791275,855888473,4,3,1,289,307,'TEN','TEN_307'
NOW,103.36955849055396,27.795769644114774,1042.7933099865913,13.235494613647461,31.740343391895294,855888469,4,5,1,293,307,'TEN','TEN_307'
NOW,106.83395330704953,29.471876745495635,1045.2157469391823,12.24398386478424,28.85603219270706,855888467,3,0,0,296,307,'TEN','TEN_307'
NOW,105.69085836510604,29.061349783853778,1047.9695954918861,13.595483660697937,27.237330496311188,855888463,1,5,0,298,307,'TEN','TEN_307'
NOW,100.8789834053612,26.165978401234668,1045.757875263691,14.206389844417572,26.43654429912567,855888462,5,3,1,301,307,'TEN','TEN_307'
NOW,107.16457072637658,29.709095385526496,1046.6148539185524,12.307344734668732,24.622358918190002,855888461,5,4,0,304,307,'TEN','TEN_307'
NOW,103.61197449119211,28.085915107588946,1049.178032696247,14.374283373355865,21.745453476905823,855888459,2,3,0,305,307,'TEN','TEN_307'
NOW,104.91686856901528,28.82077406351382,1047.6004479527473,13.487084984779358,18.749412178993225,855888458,4,5,0,307,307,'TEN','TEN_307'
NOW,103.06541197307514,26.848437032783394,1044.9621780514717,13.17472618818283,18.032681584358215,855888456,5,0,1,308,307,'TEN','TEN_307'
NOW,106.73899374247384,29.432190191338975,1043.2505131363869,12.888761043548584,17.71522855758667,855888453,4,5,1,309,307,'TEN','TEN_307'
NOW,106.58824247615863,29.336084704981737,1041.5060690045357,12.396032989025116,17.6455699801445,855888453,4,2,0,312,307,'TEN','TEN_307'
NOW,107.33173932978195,29.799835614094256,1039.6591022610664,14.485245645046234,16.106870114803314,855888453,5,5,1,313,307,'TEN','TEN_307'
NOW,103.89817513371257,28.365787607911138,1039.3864126205444,15.921028077602386,13.578833997249603,855888452,4,2,0,316,307,'TEN','TEN_307'
NOW,103.99490438362673,28.465045636096196,1040.4242268800735,18.308729588985443,11.064263761043549,855888451,3,1,0,318,307,'TEN','TEN_307'
NOW,105.77068985356745,29.087441197094194,1038.7830165624619,21.213312804698944,9.038029134273529,855888451,0,0,1,320,307,'TEN','TEN_307'
NOW,104.73034382758124,28.773277160139884,1040.3804590702057,22.734308063983917,8.118545889854431,855888450,0,5,0,324,307,'TEN','TEN_307'
NOW,103.05726161788483,26.97112431157114,1038.5511837005615,23.516423404216766,7.1469886302948,855888446,1,4,1,328,307,'TEN','TEN_307'
NOW,104.1259584834382,28.524251986776893,1038.450437784195,25.95612472295761,4.71037745475769,855888444,5,0,1,331,307,'TEN','TEN_307'
NOW,100.34825104920792,26.672969883675226,1036.4863686561584,25.261914312839508,3.438216209411621,855888441,3,3,1,331,307,'TEN','TEN_307'
NOW,101.7964403642491,26.547601826800985,1036.3011088371277,24.3867107629776,3.405993938446045,855888438,3,2,1,331,307,'TEN','TEN_307'
NOW,102.47929645447138,26.397812687171854,1033.4266023635864,23.045970559120178,1.989355206489563,855888437,5,4,1,331,307,'TEN','TEN_307'
NOW,105.17724213064622,28.89854672227996,1034.9605531692505,25.697492480278015,0.7826275825500488,855888436,2,0,1,332,307,'TEN','TEN_307'
NOW,100.4476743917303,26.570866481559865,1036.2725492715836,27.701845049858093,1.8258061408996582,855888436,5,5,0,334,307,'TEN','TEN_307'
NOW,103.80751915345375,28.281335446058318,1037.5503562688828,29.369176030158997,4.458132028579712,855888432,3,4,0,335,307,'TEN','TEN_307'
NOW,107.2317805526773,29.750116264821514,1037.2159633040428,27.05421245098114,5.037269771099091,855888429,2,0,1,337,307,'TEN','TEN_307'
NOW,103.0705919324049,26.721536596861544,1036.0014709830284,26.713815450668335,5.037298738956451,855888429,5,4,0,338,307,'TEN','TEN_307'
NOW,102.79919679654058,26.53676374073835,1037.3812039494514,26.11409229040146,5.712701499462128,855888429,1,1,0,338,307,'TEN','TEN_307'
NOW,103.8855173099809,28.371954474107905,1035.2184911370277,28.556473195552826,8.429605662822723,855888429,5,1,0,342,307,'TEN','TEN_307'
NOW,104.01468081419634,28.461405505583272,1033.6136850714684,29.536222457885742,9.952964961528778,855888429,2,0,1,342,307,'TEN','TEN_307'
NOW,104.01156849421304,28.470762629156454,1032.4450299143791,29.85364544391632,11.659137666225433,855888425,0,3,1,346,307,'TEN','TEN_307'
NOW,103.34869322987446,27.76897005867499,1032.0041190981865,32.02920472621918,12.908547580242157,855888421,5,1,1,350,307,'TEN','TEN_307'
NOW,103.07297517546563,27.097840421181683,1030.223458468914,33.4795378446579,13.35554701089859,855888418,4,2,0,351,307,'TEN','TEN_307'
NOW,101.60373134199948,26.485047229069583,1027.5815755724907,36.17836153507233,14.559002697467804,855888414,3,3,1,352,307,'TEN','TEN_307'
NOW,105.69460585016198,29.05110278647858,1029.5245723128319,36.00488644838333,15.697818338871002,855888411,2,0,1,352,307,'TEN','TEN_307'
NOW,106.67110653684044,29.38333399030989,1029.7041880488396,34.85754710435867,18.38012796640396,855888407,0,0,1,353,307,'TEN','TEN_307'
NOW,100.41825284055629,26.606711061166635,1031.0728318095207,36.240531623363495,21.166516363620758,855888403,4,2,1,357,307,'TEN','TEN_307'
NOW,105.84828394957704,29.098466651466453,1030.8353016376495,33.732076585292816,23.1032697558403,855888399,3,2,0,357,307,'TEN','TEN_307'
NOW,101.80475404266198,26.547719391121014,1029.1853110790253,34.654341638088226,26.06936949491501,855888395,2,4,0,358,307,'TEN','TEN_307'
NOW,107.07285903959463,29.654999002318693,1028.6166083812714,32.17727869749069,28.11947673559189,855888391,3,2,0,361,307,'TEN','TEN_307'
NOW,102.06944438289942,26.475167991355676,1028.128764629364,34.31704133749008,28.814893424510956,855888387,1,5,0,363,307,'TEN','TEN_307'
NOW,104.50497302198674,28.700309034335337,1025.2542872428894,34.59951335191727,29.7034729719162,855888385,1,0,0,365,307,'TEN','TEN_307'
NOW,103.26875096233404,27.660708166043246,1026.8166484832764,35.91738301515579,30.855547308921814,855888381,4,0,1,367,307,'TEN','TEN_307'
NOW,103.31369269640659,27.708529205688787,1023.8427338600159,34.23795360326767,32.193644523620605,855888377,4,2,1,370,307,'TEN','TEN_307'
NOW,107.04364633970428,29.626783837952114,1021.7085452079773,34.385860085487366,32.26825588941574,855888374,5,5,0,371,307,'TEN','TEN_307'
NOW,101.13735708608556,26.277855458825865,1024.4151263237,37.10253918170929,32.601422727108,855888373,4,0,0,374,307,'TEN','TEN_307'
NOW,100.36237365851618,26.65438166242086,1024.2629361748695,38.50217688083649,33.92359036207199,855888370,1,2,0,378,307,'TEN','TEN_307'
NOW,100.53638006912438,26.476580387015552,1026.5642443299294,41.217533230781555,34.49185210466385,855888366,2,3,1,378,307,'TEN','TEN_307'
NOW,103.05791905258444,26.94322619325353,1023.7827060818672,40.14722669124603,34.91302955150604,855888366,2,5,0,379,307,'TEN','TEN_307'
NOW,107.31193593810458,29.785835652426304,1022.271682202816,40.828650653362274,36.654685854911804,855888363,4,2,1,379,307,'TEN','TEN_307'
NOW,105.85703331685532,29.10541688837661,1022.0017157196999,42.76167315244675,39.46445024013519,855888363,2,3,1,383,307,'TEN','TEN_307'
NOW,102.9677608745038,26.61628181799596,1024.6375828385353,44.967261493206024,42.044732213020325,855888362,1,1,0,386,307,'TEN','TEN_307'
NOW,106.38890862812718,29.253540477575545,1023.8540804386139,43.69402939081192,44.81359255313873,855888359,1,1,1,387,307,'TEN','TEN_307'
NOW,102.50047046072376,26.39904722833256,1026.3098018169403,44.78195744752884,45.64262902736664,855888358,5,1,0,388,307,'TEN','TEN_307'
NOW,100.75445831926933,26.220904753854214,1024.174254655838,42.824733793735504,46.6310008764267,855888358,3,0,0,391,307,'TEN','TEN_307'
NOW,104.35268556516041,28.62818149091311,1023.5025753378868,40.16084748506546,47.598052740097046,855888356,0,1,1,392,307,'TEN','TEN_307'
NOW,106.1802249236103,29.204354335481153,1024.3534158468246,39.13394218683243,48.636723041534424,855888356,2,5,1,394,307,'TEN','TEN_307'
NOW,106.3392471862365,29.248925916343737,1023.243205666542,36.28595072031021,50.22361350059509,855888355,3,1,1,398,307,'TEN','TEN_307'
NOW,103.05640970061197,27.210772208145094,1021.961732506752,38.124124109745026,51.00660538673401,855888353,5,1,0,402,307,'TEN','TEN_307'
NOW,103.07802394903192,27.424325832865552,1024.7727390527725,38.69917505979538,53.05578351020813,855888352,5,4,0,402,307,'TEN','TEN_307'
NOW,105.04807072095277,28.875266045660823,1025.0333975553513,36.644738137722015,55.2444703578949,855888352,4,0,0,402,307,'TEN','TEN_307'
NOW,104.46552819063444,28.69231531654289,1024.2516682744026,35.082970798015594,55.62617766857147,855888348,0,5,0,406,307,'TEN','TEN_307'
NOW,104.41657002392135,28.658865866084557,1026.658529818058,33.79548805952072,56.050104558467865,855888348,3,1,1,410,307,'TEN','TEN_307'
NOW,102.2297947358766,26.433627826265447,1026.4739645123482,35.90293425321579,57.706742227077484,855888344,1,3,0,412,307,'TEN','TEN_307'
NOW,103.9252139622102,28.39123555612999,1024.7297965884209,34.32796257734299,60.00236338376999,855888343,5,0,0,412,307,'TEN','TEN_307'
NOW,101.333435443475,26.370696157229844,1022.1951481699944,33.05144160985947,62.68264454603195,855888341,2,1,1,412,307,'TEN','TEN_307'
NOW,103.88390565270545,28.366753557918926,1020.6255733370781,33.52912086248398,64.39536732435226,855888338,0,3,0,413,307,'TEN','TEN_307'
NOW,106.54322782568569,29.33212828117636,1019.5621790289879,33.22265577316284,64.97501808404922,855888338,1,1,0,413,307,'TEN','TEN_307'
NOW,102.29961699199521,26.41728839280759,1021.6614255309105,33.47815066576004,66.00683206319809,855888337,5,4,1,415,307,'TEN','TEN_307'
NOW,102.36392617159608,26.39637606114085,1024.4685687422752,33.589369893074036,67.60012072324753,855888334,3,1,0,419,307,'TEN','TEN_307'
NOW,105.12269717669895,28.899085086843566,1021.6487304568291,32.901796877384186,69.87812107801437,855888332,4,4,1,422,307,'TEN','TEN_307'
NOW,102.16089305395764,26.451677180130964,1020.3415054678917,33.8774636387825,70.42761307954788,855888331,0,1,0,425,307,'TEN','TEN_307'
NOW,100.45572183311863,26.54465247009315,1017.8893296122551,35.784556210041046,71.85353225469589,855888329,1,2,1,427,307,'TEN','TEN_307'
NOW,104.47466238133612,28.691603789402834,1020.7178131937981,34.44023948907852,72.22911590337753,855888326,4,1,0,428,307,'TEN','TEN_307'
NOW,104.84660125695706,28.80942310860438,1019.0203636288643,34.83477330207825,72.81453090906143,855888325,3,1,0,432,307,'TEN','TEN_307'
NOW,107.09997663098733,29.674227790726462,1018.3392699360847,36.813862800598145,75.4866915345192,855888322,2,1,0,436,307,'TEN','TEN_307'
NOW,103.06750620234372,27.177476150363837,1018.9810404777527,34.861772775650024,77.29855769872665,855888318,1,3,0,438,307,'TEN','TEN_307'
NOW,105.33266548030075,28.960415622605492,1017.8875843286514,33.67650580406189,79.79787057638168,855888316,0,0,1,440,307,'TEN','TEN_307'
NOW,107.1570124439759,29.697975137220087,1020.4653636217117,33.24456715583801,80.53931397199631,855888316,3,0,0,441,307,'TEN','TEN_307'
NOW,100.34330732534474,26.68318000198618,1023.3882564306259,35.3744752407074,83.27565187215805,855888313,0,0,1,443,307,'TEN','TEN_307'
NOW,103.22311191344744,27.60914694605771,1025.5278376340866,34.60772126913071,84.31758445501328,855888313,1,0,0,446,307,'TEN','TEN_307'
NOW,106.81585117582905,29.46059634449302,1023.0560735464096,33.393984496593475,84.79138255119324,855888313,4,2,0,447,307,'TEN','TEN_307'
NOW,103.70072553184184,28.18180148127386,1022.293975174427,33.591471433639526,85.298091173172,855888309,5,3,1,451,307,'TEN','TEN_307'
NOW,104.76264730644922,28.778142382662484,1023.4300389885902,30.629685163497925,87.71458220481873,855888309,1,0,0,452,307,'TEN','TEN_307'
NOW,106.06063956896324,29.1754019360341,1023.0766922831535,30.969256579875946,89.99335551261902,855888305,0,3,0,456,307,'TEN','TEN_307'
NOW,100.51777570509157,26.47853535253581,1022.1160741448402,31.204129219055176,90.06098240613937,855888304,0,4,0,459,307,'TEN','TEN_307'
NOW,100.81562025886572,26.162324754597986,1020.6329370141029,33.26242136955261,91.91691488027573,855888304,5,4,1,463,307,'TEN','TEN_307'
NOW,104.33396556834924,28.635934709489934,1019.2618171572685,32.9320906996727,93.16480606794357,855888301,4,3,1,466,307,'TEN','TEN_307'
NOW,100.8916690696139,26.17961684048236,1020.077853679657,33.92309236526489,95.43054050207138,855888298,2,0,0,466,307,'TEN','TEN_307'
NOW,100.88135857638132,26.176533691868737,1021.7066888809204,36.14722156524658,98.14401811361313,855888297,2,5,1,467,307,'TEN','TEN_307'
NOW,105.25982513977368,28.92642714763826,1019.2366650104523,37.089003801345825,100.63071030378342,855888294,0,5,1,469,307,'TEN','TEN_307'
NOW,102.63823293608597,26.462397720944132,1019.5796834230423,38.6421662569046,100.65060925483704,855888290,5,3,0,472,307,'TEN','TEN_307'
NOW,101.70691349635598,26.519874745935038,1019.2373475432396,39.23029708862305,101.26971065998077,855888290,2,0,0,472,307,'TEN','TEN_307'
NOW,101.47687649877882,26.419040925683635,1020.7780277132988,41.18964910507202,101.48781394958496,855888288,3,3,0,475,307,'TEN','TEN_307'
NOW,103.06015647145743,26.654479479452803,1018.2706012129784,42.705710887908936,102.81804132461548,855888285,1,2,0,477,307,'TEN','TEN_307'
NOW,102.65830756589604,26.471964426253162,1016.7619909644127,43.667463421821594,104.33771300315857,855888285,4,1,1,480,307,'TEN','TEN_307'
NOW,107.30171009385778,29.77678256602573,1017.7937721610069,45.63718593120575,104.76484102010727,855888283,4,2,0,481,307,'TEN','TEN_307'
NOW,105.48501915341987,28.99601184855206,1017.4929347038269,43.775466084480286,104.8317077755928,855888282,3,4,0,481,307,'TEN','TEN_307'
NOW,103.06502781010605,27.104521840443958,1020.1669402122498,44.750295639038086,105.66694033145905,855888278,2,3,0,482,307,'TEN','TEN_307'
NOW,106.76335229789719,29.440168893850828,1018.7186226844788,45.21746867895126,107.42913115024567,855888275,2,3,1,485,307,'TEN','TEN_307'
NOW,103.50919695549433,27.958361893785558,1016.2277684211731,43.17190831899643,108.46383833885193,855888273,1,1,1,486,307,'TEN','TEN_307'
NOW,107.16665976453748,29.722207023013553,1015.1308550834656,44.369368731975555,110.703786611557,855888271,1,4,1,489,307,'TEN','TEN_307'
NOW,100.34838813009355,26.672129749082032,1016.4032034873962,42.51221054792404,112.23075246810913,855888270,5,1,0,491,307,'TEN','TEN_307'
NOW,103.28589492423701,27.68108153237625,1019.1581559181213,44.851747930049896,112.32191985845566,855888269,1,5,1,493,307,'TEN','TEN_307'
NOW,104.5858007030575,28.71394143788791,1018.156121969223,43.43217605352402,113.42248171567917,855888267,1,4,0,494,307,'TEN','TEN_307'
NOW,103.95775543137218,28.440015349877726,1020.0252094268799,44.37505263090134,113.60355961322784,855888264,5,1,1,498,307,'TEN','TEN_307'
NOW,100.63045361397565,26.36269145676725,1017.723447561264,43.04386204481125,116.48800384998322,855888261,4,1,0,502,307,'TEN','TEN_307'
NOW,101.98878791700093,26.507187849280317,1015.2437899112701,44.72058838605881,116.64973622560501,855888259,3,3,1,502,307,'TEN','TEN_307'
NOW,100.6288311334904,26.358353665757658,1016.7092337608337,45.813986241817474,117.48229622840881,855888255,2,2,1,503,307,'TEN','TEN_307'
NOW,103.57598980069542,28.026674865908923,1014.6179792881012,47.49208599328995,120.12918162345886,855888255,0,1,0,504,307,'TEN','TEN_307'
NOW,101.54570419642737,26.450862604776464,1015.5092927217484,48.36407393217087,122.90948796272278,855888251,3,1,0,508,307,'TEN','TEN_307'
NOW,106.94274309241358,29.558807640458976,1015.7865889668465,47.839826345443726,124.19154047966003,855888251,4,2,1,512,307,'TEN','TEN_307'
NOW,105.00452812907498,28.854208517806946,1015.4436519145966,48.88139355182648,125.87191224098206,855888251,3,0,0,515,307,'TEN','TEN_307'
NOW,104.37071654309416,28.643927798190997,1017.627044916153,48.44663178920746,128.2160289287567,855888247,2,2,1,515,307,'TEN','TEN_307'
NOW,103.69153007239672,28.165091721739405,1016.9002449512482,48.1906036734581,129.63489496707916,855888245,3,1,1,519,307,'TEN','TEN_307'
NOW,103.5569269306029,28.01382172594991,1014.8285019397736,50.70936053991318,132.05501806735992,855888245,1,0,0,523,307,'TEN','TEN_307'
NOW,102.30656698325939,26.415697067748887,1015.983583688736,49.613820135593414,133.60824418067932,855888242,4,1,1,524,307,'TEN','TEN_307'
NOW,106.82924970514294,29.472632070042437,1015.4459252357483,48.514945805072784,134.10969638824463,855888238,4,5,1,527,307,'TEN','TEN_307'
NOW,100.48896864956313,26.51384791617336,1015.0128064155579,49.38388800621033,134.97243070602417,855888234,4,1,0,527,307,'TEN','TEN_307'
NOW,104.29426773355343,28.603788661658797,1013.2971056699753,49.72552543878555,136.40588474273682,855888234,2,4,0,527,307,'TEN','TEN_307'
NOW,105.48384223834327,28.99917019434326,1015.4869221448898,48.17186766862869,138.9331512451172,855888233,1,3,0,529,307,'TEN','TEN_307'
NOW,105.25896072400126,28.937096471192202,1014.5588039755821,47.907198548316956,140.3051917552948,855888231,5,1,1,531,307,'TEN','TEN_307'
NOW,100.7131960442849,26.2780846536836,1012.1661097407341,49.16011393070221,141.17952090501785,855888227,3,0,1,532,307,'TEN','TEN_307'
NOW,105.41765224957268,28.986713725981303,1014.301221549511,46.441789746284485,143.66907101869583,855888225,1,1,0,534,307,'TEN','TEN_307'
NOW,105.90797749105977,29.11608599364514,1014.8096678853035,46.30610001087189,145.5512221455574,855888222,1,2,1,537,307,'TEN','TEN_307'
NOW,101.11231949822422,26.269561170605265,1015.4562624692917,45.891708731651306,147.70576578378677,855888218,4,1,1,541,307,'TEN','TEN_307'
NOW,103.06556463706228,26.86593889620786,1018.0898636579514,46.50930202007294,149.82189041376114,855888215,0,1,0,542,307,'TEN','TEN_307'
NOW,107.17636831230261,29.72520819124085,1018.2492952346802,45.0546795129776,150.3247588276863,855888215,4,5,1,545,307,'TEN','TEN_307'
NOW,106.56613680069073,29.32537830885295,1018.2540894150734,45.69626623392105,152.33532220125198,855888213,4,5,1,546,307,'TEN','TEN_307'
NOW,104.11246161504691,28.525710074527076,1017.1647837758064,46.9198015332222,154.2530396580696,855888209,1,4,0,550,307,'TEN','TEN_307'
NOW,107.51585398315318,29.86690345664984,1016.3135108947754,44.8278883099556,156.97243481874466,855888207,4,3,1,550,307,'TEN','TEN_307'
NOW,103.07216783834775,27.07600174856547,1016.3219501972198,42.83763164281845,159.76339322328568,855888206,5,4,0,552,307,'TEN','TEN_307'
NOW,100.3568110652649,26.671033538520405,1017.2968237400055,45.13163536787033,161.77420407533646,855888202,1,0,0,556,307,'TEN','TEN_307'
NOW,104.39000807826685,28.659742443149987,1017.222216129303,45.69518429040909,163.70649176836014,855888200,2,2,0,560,307,'TEN','TEN_307'
NOW,102.74406188120035,26.517102022739767,1020.0366094112396,45.82778483629227,165.1772761940956,855888200,4,4,1,562,307,'TEN','TEN_307'
NOW,103.06893513705336,26.71751210069232,1018.4169924259186,47.434952676296234,167.3042030930519,855888200,2,3,0,563,307,'TEN','TEN_307'
NOW,103.073005832807,27.09519871956108,1021.1025280952454,46.99444794654846,168.99046736955643,855888198,0,0,0,565,307,'TEN','TEN_307'
NOW,105.06305055243143,28.87484014132783,1018.4740459918976,48.66910445690155,170.52669554948807,855888195,1,3,0,566,307,'TEN','TEN_307'
NOW,105.85547725223924,29.108451061615316,1017.5749786496162,48.4447101354599,173.45625573396683,855888191,3,5,1,569,307,'TEN','TEN_307'
NOW,103.66608045724672,28.13114362241941,1015.4954133629799,46.57100450992584,174.6012013554573,855888189,5,1,0,570,307,'TEN','TEN_307'
NOW,100.95852091452066,26.201093708325505,1014.5656384825706,47.5650919675827,175.87389451265335,855888185,2,4,1,573,307,'TEN','TEN_307'
NOW,103.05346690718764,26.827819352120173,1013.3324288725853,46.28651320934296,176.2538514137268,855888181,0,4,0,573,307,'TEN','TEN_307'
NOW,107.07279518142168,29.638311388390118,1011.912439763546,46.92264252901077,176.32938474416733,855888179,2,2,0,577,307,'TEN','TEN_307'
NOW,105.13410553669537,28.893620428098274,1011.1442567110062,48.50791710615158,178.78901571035385,855888177,3,2,0,578,307,'TEN','TEN_307'
NOW,101.68505587798197,26.512540629242203,1011.0931963920593,48.40355163812637,181.15440267324448,855888175,2,2,1,581,307,'TEN','TEN_307'
NOW,100.78009744137852,26.18707748904297,1011.9776603579521,51.3181386590004,183.42579025030136,855888175,0,3,0,585,307,'TEN','TEN_307'
NOW,107.35071609871932,29.798504363207847,1012.2746686935425,51.04826104640961,185.18397146463394,855888173,1,3,1,585,307,'TEN','TEN_307'
NOW,107.088784674065,29.667581335032068,1010.2884087562561,52.68467199802399,185.44999080896378,855888173,5,2,1,586,307,'TEN','TEN_307'
