NOW,122.61699609833474,36.42268262350183,2163.22412109375,57.17763137817383,0.9997787475585938,122.61699609833474,36.42268262350183,8922.2412109375,69.23172760009766,0.3963150978088379,0,458.3299255371094,107.35681915283203,805073688,0,0,0,4,'测试身份证',201,'QZJ','QZJ_201'
NOW,121.71524865759403,33.0833155824621,2162.0579006671906,55.02984976768494,0.023605644702911377,121.71524865759403,33.0833155824621,8923.492459774017,68.65801167488098,0.2724649906158447,0,460.16803884506226,106.08609104156494,805073688,3,4,1,5,'测试身份证',201,'QZJ','QZJ_201'
NOW,122.72277613991766,36.45830457877573,2159.938868045807,54.38887494802475,0.3285408020019531,122.72277613991766,36.45830457877573,8924.111730337143,66.29352116584778,0.758148193359375,5,462.30625343322754,103.75611853599548,805073690,2,3,0,2,'测试身份证',201,'QZJ','QZJ_201'
NOW,120.6912121732542,34.66795826576593,2161.856447696686,54.69455808401108,0.1343439221382141,120.6912121732542,34.66795826576593,8924.9415448308,67.88746571540833,1.3786210417747498,0,462.74655306339264,102.31565320491791,805073694,4,2,0,4,'测试身份证',201,'QZJ','QZJ_201'
NOW,123.16192820058052,31.523556636130845,2161.2480313181877,54.679490864276886,0.14622771739959717,123.16192820058052,31.523556636130845,8923.13726323843,66.49908888339996,1.1259599924087524,2,463.1655720472336,101.59590101242065,805073695,0,2,1,0,'测试身份证',201,'QZJ','QZJ_201'
NOW,122.67376557309768,29.094830161936535,2158.426670730114,53.409344017505646,0.5375831127166748,122.67376557309768,29.094830161936535,8921.565149962902,63.73049509525299,0.3353702425956726,2,463.223848760128,100.81780254840851,805073696,0,5,1,4,'测试身份证',201,'QZJ','QZJ_201'
NOW,122.26391044169455,28.540128441378652,2156.998689353466,54.56404834985733,0.8122908473014832,122.26391044169455,28.540128441378652,8921.90182119608,62.895774126052856,1.056671142578125,5,465.9774441123009,100.45140242576599,805073698,1,3,1,2,'测试身份证',201,'QZJ','QZJ_201'
NOW,121.3921910846825,35.873846398553745,2159.1704575419426,52.75288397073746,1.2499094009399414,121.3921910846825,35.873846398553745,8921.460949003696,63.92845058441162,1.0206388235092163,4,466.1053295135498,100.17535376548767,805073699,5,3,0,4,'测试身份证',201,'QZJ','QZJ_201'
NOW,122.69891287322923,31.89326525617154,2156.974839389324,51.684634149074554,1.427481234073639,122.69891287322923,31.89326525617154,8918.92921024561,65.70444846153259,0.4343099594116211,5,468.04620695114136,99.11530590057373,805073703,1,5,1,2,'测试身份证',201,'QZJ','QZJ_201'
NOW,123.18032086726484,30.37849661606393,2159.315949380398,53.665914714336395,1.5059013366699219,123.18032086726484,30.37849661606393,8918.874334573746,63.08547043800354,0.8330109715461731,4,469.98043978214264,98.31986337900162,805073707,0,0,0,3,'测试身份证',201,'QZJ','QZJ_201'
NOW,121.56271138177684,33.254292481488115,2156.8766176104546,52.70554494857788,1.0438825488090515,121.56271138177684,33.254292481488115,8917.877049207687,61.147257566452026,0.8768125772476196,5,471.56804502010345,96.0392878651619,805073709,5,1,0,3,'测试身份证',201,'QZJ','QZJ_201'
NOW,121.86125421327726,32.93431060729845,2153.9037296175957,53.870808601379395,1.1236120462417603,121.86125421327726,32.93431060729845,8917.151951372623,60.929427683353424,0.6662132143974304,5,473.0836435556412,94.54265052080154,805073712,3,1,0,4,'测试身份证',201,'QZJ','QZJ_201'
NOW,121.65452898389202,36.05309497863623,2151.282401740551,50.877594232559204,0.7948094010353088,121.65452898389202,36.05309497863623,8915.968157589436,60.43225055932999,0.5177732110023499,0,474.68383371829987,94.04988723993301,805073713,1,1,1,1,'测试身份证',201,'QZJ','QZJ_201'
NOW,123.34305868329142,31.042728900422695,2150.5074924230576,51.65723639726639,1.4474308490753174,123.34305868329142,31.042728900422695,8917.682663857937,61.37701487541199,1.4498816132545471,5,475.0335272550583,91.5080059170723,805073716,3,5,0,4,'测试身份证',201,'QZJ','QZJ_201'
NOW,123.18755987507606,30.42636208147282,2150.7940349578857,51.50144582986832,1.7236937880516052,123.18755987507606,30.42636208147282,8918.537428617477,62.77957236766815,0.7001678347587585,2,477.9695521593094,89.45585876703262,805073720,4,4,0,0,'测试身份证',201,'QZJ','QZJ_201'
NOW,121.76577734994747,36.092315540035614,2150.1482330560684,49.33599406480789,2.3468592762947083,121.76577734994747,36.092315540035614,8917.464350223541,62.086464166641235,0.03678625822067261,1,478.11899840831757,89.43832749128342,805073720,5,1,1,2,'测试身份证',201,'QZJ','QZJ_201'
NOW,121.62162890285826,36.03313379593595,2147.6088868379593,46.70190769433975,2.726760983467102,121.62162890285826,36.03313379593595,8918.454497158527,60.48543095588684,0.8274041414260864,2,478.46379601955414,87.93585723638535,805073722,2,1,1,4,'测试身份证',201,'QZJ','QZJ_201'
NOW,120.91645177278069,35.48566404068254,2147.94978505373,44.537098467350006,2.688298463821411,120.91645177278069,35.48566404068254,8918.250192761421,58.17416596412659,0.6236265897750854,2,481.0531312227249,84.9769896864891,805073726,2,1,0,4,'测试身份证',201,'QZJ','QZJ_201'
NOW,122.69681840633757,29.131095270485847,2150.9465356469154,44.37208145856857,2.9060550332069397,122.69681840633757,29.131095270485847,8917.015292286873,56.79271340370178,1.4942095279693604,2,482.5783907175064,83.08016675710678,805073726,3,2,1,1,'测试身份证',201,'QZJ','QZJ_201'
NOW,122.65142038634119,29.070668452017774,2149.1331208348274,45.832535207271576,2.1992254853248596,122.65142038634119,29.070668452017774,8916.707844793797,59.75280737876892,1.0233309864997864,5,482.8721966743469,82.19305384159088,805073729,1,2,0,0,'测试身份证',201,'QZJ','QZJ_201'
NOW,122.93083756449289,29.458396460634813,2150.790594637394,44.37825173139572,2.935042917728424,122.93083756449289,29.458396460634813,8916.545132696629,59.61956310272217,1.4354393482208252,0,483.2314712405205,81.12208712100983,805073729,4,5,1,2,'测试身份证',201,'QZJ','QZJ_201'
NOW,120.93964778838625,34.02579395348201,2148.105343401432,41.62818330526352,3.6953001618385315,120.93964778838625,34.02579395348201,8918.84445720911,58.90844923257828,2.083219885826111,5,484.23706620931625,80.5119993686676,805073731,2,4,1,5,'测试身份证',201,'QZJ','QZJ_201'
NOW,123.05268623357894,29.926074857007094,2147.0999622941017,42.67475861310959,4.342966437339783,123.05268623357894,29.926074857007094,8921.250035107136,59.038434982299805,2.2665904760360718,1,486.37146037817,80.15689367055893,805073733,4,2,1,5,'测试身份证',201,'QZJ','QZJ_201'
NOW,122.31677831078416,36.29792540555345,2145.454531252384,41.053140103816986,4.481341481208801,122.31677831078416,36.29792540555345,8919.114918529987,56.08206748962402,2.1726954579353333,2,488.65327829122543,78.01613062620163,805073737,3,5,0,0,'测试身份证',201,'QZJ','QZJ_201'
NOW,120.87105079322653,34.175513028584305,2143.5073640942574,38.25210613012314,4.102906405925751,120.87105079322653,34.175513028584305,8916.123608410358,56.11275643110275,1.6354137063026428,3,490.52889078855515,75.20426815748215,805073738,0,5,1,4,'测试身份证',201,'QZJ','QZJ_201'
NOW,122.05119695602427,28.235232755029102,2141.492923080921,37.55685609579086,3.7594809532165527,122.05119695602427,28.235232755029102,8913.971629917622,54.9508438706398,0.9796906113624573,4,492.38983076810837,74.16389578580856,805073738,4,1,0,5,'测试身份证',201,'QZJ','QZJ_201'
NOW,122.9765996005853,29.61769258307089,2138.925674021244,37.57829803228378,4.439684987068176,122.9765996005853,29.61769258307089,8914.915461182594,52.658608973026276,0.2334027886390686,2,493.78800243139267,72.18203729391098,805073740,5,2,0,5,'测试身份证',201,'QZJ','QZJ_201'
NOW,120.67642174170292,34.755430241431064,2137.616939485073,35.618920266628265,5.278553664684296,120.67642174170292,34.755430241431064,8914.328657865524,51.08472639322281,0.09995335340499878,5,494.9514188170433,71.53114223480225,805073744,0,0,0,1,'测试身份证',201,'QZJ','QZJ_201'
NOW,122.79858681368529,29.27784367398846,2136.810861825943,35.52332293987274,5.239356338977814,122.79858681368529,29.27784367398846,8915.99815249443,49.86230403184891,0.4572162628173828,0,495.9732980132103,70.89542937278748,805073747,3,3,0,4,'测试身份证',201,'QZJ','QZJ_201'
NOW,122.80810610859758,29.29262147828492,2135.615218639374,35.748835384845734,5.600949168205261,122.80810610859758,29.29262147828492,8915.22826051712,49.65007531642914,0.9108686447143555,3,497.62035769224167,70.15466046333313,805073749,0,5,0,1,'测试身份证',201,'QZJ','QZJ_201'
NOW,122.24661177702279,36.284284395914895,2133.0911450386047,33.98571461439133,4.861951410770416,122.24661177702279,36.284284395914895,8913.525404930115,47.286198019981384,0.6607552766799927,5,499.557291328907,68.87645030021667,805073752,2,4,0,3,'测试身份证',201,'QZJ','QZJ_201'
NOW,122.85787851480957,31.753362438216698,2132.3725579977036,32.65432447195053,4.802009701728821,122.85787851480957,31.753362438216698,8911.169623374939,47.34453499317169,1.121890127658844,0,502.4385686516762,67.78776907920837,805073752,3,0,0,5,'测试身份证',201,'QZJ','QZJ_201'
NOW,121.18362782999675,35.697988880519574,2134.3428568840027,33.25503879785538,4.082440078258514,121.18362782999675,35.697988880519574,8909.283308029175,44.55031597614288,0.6181637644767761,4,502.8226606249809,65.68220543861389,805073754,5,2,1,5,'测试身份证',201,'QZJ','QZJ_201'
NOW,121.33225964889648,35.834670836624746,2131.5146226882935,31.04012280702591,4.441529810428619,121.33225964889648,35.834670836624746,8907.125845193863,41.918808341026306,0.22859686613082886,1,503.7916045188904,64.03232896327972,805073756,2,0,0,4,'测试身份证',201,'QZJ','QZJ_201'
NOW,121.3511908364217,35.846186323212535,2132.4567734599113,30.547766506671906,4.820952653884888,121.3511908364217,35.846186323212535,8910.124654054642,43.40413439273834,0.2631199359893799,0,505.8233063220978,63.229699194431305,805073760,5,1,1,4,'测试身份证',201,'QZJ','QZJ_201'
NOW,121.32348246868663,35.82890591668442,2130.0248925089836,31.001189470291138,5.351093232631683,121.32348246868663,35.82890591668442,8912.314100980759,45.413873076438904,0.2982380986213684,5,506.8270787000656,61.69535142183304,805073760,4,3,0,4,'测试身份证',201,'QZJ','QZJ_201'
NOW,122.9202959467313,36.54696892498286,2132.6451801657677,28.64436411857605,5.278412640094757,122.9202959467313,36.54696892498286,8912.0548568964,42.805418848991394,0.8883886337280273,4,508.6941832304001,61.11889714002609,805073764,5,4,0,3,'测试身份证',201,'QZJ','QZJ_201'
NOW,121.20971309369189,35.72914087457727,2134.852657020092,31.339425325393677,4.9451563358306885,121.20971309369189,35.72914087457727,8910.090734958649,45.185821890830994,0.7667619585990906,1,508.7310618162155,59.889229476451874,805073767,0,1,0,3,'测试身份证',201,'QZJ','QZJ_201'
NOW,123.16522295197407,30.36367717866781,2134.4090720415115,31.341088473796844,4.594433784484863,123.16522295197407,30.36367717866781,8912.75572180748,47.18876278400421,0.34316104650497437,2,508.75868195295334,57.92853158712387,805073770,3,1,0,4,'测试身份证',201,'QZJ','QZJ_201'
NOW,120.86278998377641,34.16332964805848,2134.203124523163,33.58780378103256,4.050263166427612,120.86278998377641,34.16332964805848,8913.649174749851,46.72647047042847,1.3105758428573608,4,511.2884170413017,57.46348178386688,805073774,3,3,0,1,'测试身份证',201,'QZJ','QZJ_201'
NOW,120.98979975408497,33.9305072428592,2135.7227714061737,35.424491822719574,4.237296164035797,120.98979975408497,33.9305072428592,8913.273504376411,48.518301010131836,2.2059242725372314,1,513.9683408141136,54.856346011161804,805073775,1,3,0,0,'测试身份证',201,'QZJ','QZJ_201'
NOW,120.9923648537948,35.5552565209545,2134.05173265934,32.46992486715317,3.758081555366516,120.9923648537948,35.5552565209545,8913.914371550083,47.80666607618332,1.614940345287323,5,515.3877598643303,53.75750470161438,805073775,4,0,0,2,'测试身份证',201,'QZJ','QZJ_201'
NOW,123.23394464979992,31.45208588333541,2135.818284511566,31.967264771461487,3.9752742052078247,123.23394464979992,31.45208588333541,8911.215419352055,45.42248886823654,1.8101328611373901,1,515.6019909381866,53.63421177864075,805073778,0,0,1,4,'测试身份证',201,'QZJ','QZJ_201'
NOW,122.67172596418476,36.446233268760196,2134.4006065130234,33.42952835559845,3.8188644647598267,122.67172596418476,36.446233268760196,8912.324978768826,48.00709789991379,1.24814772605896,1,518.167361497879,52.46127724647522,805073782,2,0,1,3,'测试身份证',201,'QZJ','QZJ_201'
NOW,123.20243419395027,30.500130099242497,2132.7615333795547,35.393784046173096,3.2578700184822083,123.20243419395027,30.500130099242497,8913.257528483868,47.668715596199036,1.5098861455917358,1,518.4067046642303,52.08511155843735,805073785,3,5,0,5,'测试身份证',201,'QZJ','QZJ_201'
NOW,121.96891885303853,32.78012592813164,2132.9084817767143,38.34652328491211,3.044231414794922,121.96891885303853,32.78012592813164,8912.094494521618,46.11652863025665,1.9250495433807373,0,520.1461992263794,50.942570984363556,805073785,4,0,1,2,'测试身份证',201,'QZJ','QZJ_201'
NOW,120.86175725009454,34.15701844560353,2131.0867787003517,40.19113874435425,3.957566022872925,120.86175725009454,34.15701844560353,8909.111259400845,44.35085141658783,2.2684091925621033,1,521.382928609848,50.098560988903046,805073787,3,5,0,0,'测试身份证',201,'QZJ','QZJ_201'
NOW,120.93338414900522,35.49713618711522,2131.9805341959,42.400015115737915,4.068162262439728,120.93338414900522,35.49713618711522,8911.929707229137,42.84305465221405,2.8179038166999817,5,522.8923969268799,49.07600539922714,805073787,4,5,1,3,'测试身份证',201,'QZJ','QZJ_201'
NOW,122.37261608587383,32.20434815323908,2133.1191730499268,44.253817081451416,4.839165151119232,122.37261608587383,32.20434815323908,8909.570409476757,40.380510449409485,3.751668155193329,2,525.444783449173,48.902204513549805,805073791,3,0,1,4,'测试身份证',201,'QZJ','QZJ_201'
NOW,122.93828197391167,36.5399552345054,2133.087479352951,45.063952565193176,4.987510025501251,122.93828197391167,36.5399552345054,8911.120027959347,41.78632593154907,4.667777597904205,2,528.2847936153412,47.411943793296814,805073792,4,3,1,4,'测试身份证',201,'QZJ','QZJ_201'
NOW,122.91413389606905,36.53700180158529,2135.280611515045,46.79794883728027,4.337418079376221,122.91413389606905,36.53700180158529,8912.242661178112,43.96856713294983,4.104090213775635,0,529.5812879800797,46.823773980140686,805073796,0,3,1,2,'测试身份证',201,'QZJ','QZJ_201'
NOW,122.93501462534407,29.497292516906008,2136.0342321395874,45.8291934132576,3.716486871242523,122.93501462534407,29.497292516906008,8910.654493272305,46.192057371139526,4.6330424547195435,5,531.2790304422379,44.56736600399017,805073798,2,0,0,1,'测试身份证',201,'QZJ','QZJ_201'
NOW,122.36645172058601,32.22014784494529,2133.199598789215,47.5729723572731,4.711307525634766,122.36645172058601,32.22014784494529,8907.686303555965,46.64165085554123,5.354324638843536,3,533.6133111715317,42.1973317861557,805073800,3,4,1,3,'测试身份证',201,'QZJ','QZJ_201'
NOW,122.94615592792402,31.681660538605744,2135.720671415329,47.23032194375992,4.177539944648743,122.94615592792402,31.681660538605744,8907.23880380392,44.34093278646469,5.962654232978821,2,535.000650882721,39.75887143611908,805073801,4,2,0,4,'测试身份证',201,'QZJ','QZJ_201'
NOW,122.67484938358358,29.12421606783469,2134.6407693624496,48.4370339512825,4.484018683433533,122.67484938358358,29.12421606783469,8904.991061866283,42.162223756313324,6.07260674238205,5,535.3607612252235,39.151892364025116,805073805,5,4,1,4,'测试身份证',201,'QZJ','QZJ_201'
NOW,121.96599158101519,32.77146920492296,2132.375438809395,49.56292337179184,4.029088318347931,121.96599158101519,32.77146920492296,8906.9915959239,42.33261662721634,5.443167686462402,1,538.0159547924995,37.461173474788666,805073807,3,4,1,3,'测试身份证',201,'QZJ','QZJ_201'
NOW,120.70310883356998,35.15660473768102,2133.954439163208,47.45276635885239,3.294909715652466,120.70310883356998,35.15660473768102,8906.21576732397,41.30548053979874,5.957511603832245,4,539.4231414198875,37.21106517314911,805073808,5,1,1,4,'测试身份证',201,'QZJ','QZJ_201'
NOW,120.98594570463241,33.91399956203967,2131.696873664856,49.60002273321152,2.4057124257087708,120.98594570463241,33.91399956203967,8905.460860311985,40.47166669368744,5.165770053863525,3,539.5972888469696,34.424211859703064,805073812,1,5,1,4,'测试身份证',201,'QZJ','QZJ_201'
NOW,123.16551970652311,30.352636058927136,2133.2856916189194,50.23267912864685,3.362856864929199,123.16551970652311,30.352636058927136,8903.718961060047,41.47611677646637,4.798469245433807,5,539.9278351664543,33.37356126308441,805073812,1,3,1,3,'测试身份证',201,'QZJ','QZJ_201'
NOW,123.30763737590145,30.922106668899275,2136.2150691747665,51.03209525346756,3.5703499913215637,123.30763737590145,30.922106668899275,8902.239239513874,42.59926891326904,5.075824737548828,2,542.4589523673058,30.39452826976776,805073814,4,4,1,1,'测试身份证',201,'QZJ','QZJ_201'
NOW,123.10965525176417,30.13077399237884,2135.528824210167,51.27279633283615,4.151922225952148,123.10965525176417,30.13077399237884,8901.152546703815,45.26412391662598,6.03577321767807,1,544.334504544735,28.077685952186584,805073817,2,3,0,2,'测试身份证',201,'QZJ','QZJ_201'
NOW,123.28523179306829,31.415991595825783,2133.06154692173,51.786263048648834,4.471402883529663,123.28523179306829,31.415991595825783,8900.742465376854,44.45940613746643,6.503590643405914,3,545.3510612845421,27.179933965206146,805073818,5,5,0,4,'测试身份证',201,'QZJ','QZJ_201'
NOW,120.86655678721269,34.18703213412011,2132.8618641495705,48.90748506784439,5.374281167984009,120.86655678721269,34.18703213412011,8902.894420266151,41.991015672683716,6.597500503063202,3,545.8835005164146,27.167217433452606,805073822,1,5,1,0,'测试身份证',201,'QZJ','QZJ_201'
NOW,123.01577750303147,29.809799830283318,2134.0712009072304,48.70580369234085,6.329955756664276,123.01577750303147,29.809799830283318,8900.383415579796,39.506792068481445,7.104914486408234,1,548.6707844138145,26.28400444984436,805073822,1,2,1,1,'测试身份证',201,'QZJ','QZJ_201'
NOW,121.95749208460971,32.79092539335695,2136.6693475842476,47.34011059999466,6.759344279766083,121.95749208460971,32.79092539335695,8899.528922975063,38.6395303606987,6.126952826976776,0,550.1155242323875,25.4652179479599,805073826,2,1,0,0,'测试身份证',201,'QZJ','QZJ_201'
NOW,120.7371415562991,34.45108526868128,2139.4502163529396,44.78531390428543,6.8235814571380615,120.7371415562991,34.45108526868128,8900.356943070889,39.46794670820236,6.040249526500702,5,552.221217572689,22.774903893470764,805073827,2,4,0,4,'测试身份证',201,'QZJ','QZJ_201'
NOW,122.49417541156284,36.3737455662747,2139.701890528202,44.81977295875549,7.197168946266174,122.49417541156284,36.3737455662747,8899.040896117687,36.731729209423065,6.647993743419647,1,554.2514523863792,21.279656291007996,805073829,2,5,1,1,'测试身份证',201,'QZJ','QZJ_201'
NOW,121.66506599492541,33.14738289391591,2138.830939888954,47.75402903556824,7.806111991405487,121.66506599492541,33.14738289391591,8897.42690461874,35.76626807451248,5.9064523577690125,3,557.0788659453392,18.963735699653625,805073831,5,2,1,0,'测试身份证',201,'QZJ','QZJ_201'
NOW,121.55505939398589,36.01782489769502,2136.4895795583725,45.56730771064758,8.44620829820633,121.55505939398589,36.01782489769502,8899.121237814426,38.32788044214249,6.051782310009003,5,559.4281076788902,18.47714936733246,805073834,3,1,1,2,'测试身份证',201,'QZJ','QZJ_201'
NOW,122.87683207250751,29.377614355698274,2135.0665258169174,48.4694344997406,8.44761437177658,122.87683207250751,29.377614355698274,8897.069737255573,36.68508642911911,5.160935699939728,5,561.8641957640648,17.53044903278351,805073838,4,3,1,5,'测试身份证',201,'QZJ','QZJ_201'
NOW,120.79989588508809,35.39602966874737,2132.13083255291,48.03180330991745,9.224198997020721,120.79989588508809,35.39602966874737,8897.931168735027,37.98926919698715,5.687093436717987,4,564.1686884760857,15.51090681552887,805073839,4,3,0,3,'测试身份证',201,'QZJ','QZJ_201'
NOW,122.95526022107153,31.674787706965724,2130.5102779865265,50.3055824637413,9.440411567687988,122.95526022107153,31.674787706965724,8899.952188909054,38.52320724725723,5.181850850582123,5,566.8080939650536,13.258494973182678,805073840,3,4,0,3,'测试身份证',201,'QZJ','QZJ_201'
NOW,122.48935322047151,28.84891721940317,2130.4742830991745,49.95784068107605,9.918234884738922,122.48935322047151,28.84891721940317,8899.22839140892,36.100766718387604,4.405101656913757,2,569.433636367321,11.92983853816986,805073842,4,3,1,5,'测试身份证',201,'QZJ','QZJ_201'
NOW,121.87909508789429,36.135440916490225,2127.923894762993,49.13833034038544,10.722618758678436,121.87909508789429,36.135440916490225,8899.895916342735,34.00640398263931,4.957613885402679,3,571.2906185984612,11.174822270870209,805073844,4,4,0,0,'测试身份证',201,'QZJ','QZJ_201'
NOW,122.76429983023375,31.843881551211783,2124.980791449547,48.77483129501343,10.77546900510788,122.76429983023375,31.843881551211783,8901.212633490562,34.63014328479767,5.197945058345795,2,574.2374998927116,9.660480678081512,805073848,2,3,1,3,'测试身份证',201,'QZJ','QZJ_201'
NOW,120.94109796264641,34.01901778195645,2124.407245218754,50.6275053024292,9.844818890094757,120.94109796264641,34.01901778195645,8903.552564501762,36.37966072559357,5.425064146518707,2,575.5529925227165,8.836253762245178,805073849,4,4,0,3,'测试身份证',201,'QZJ','QZJ_201'
NOW,120.87529245861917,34.161946674939,2125.3656079769135,48.346816539764404,10.421268045902252,120.87529245861917,34.161946674939,8902.135403513908,35.31177842617035,4.603640973567963,4,577.3268341422081,7.043292164802551,805073853,4,4,1,5,'测试身份证',201,'QZJ','QZJ_201'
NOW,120.67637394771916,34.67838261782149,2128.1059985160828,46.282535552978516,11.040276229381561,120.67637394771916,34.67838261782149,8901.07273697853,37.599258065223694,5.048315405845642,2,578.7034911513329,6.548632204532623,805073854,3,4,1,1,'测试身份证',201,'QZJ','QZJ_201'
NOW,122.07492458337639,32.62979556641644,2128.803007006645,48.418071031570435,11.048602759838104,122.07492458337639,32.62979556641644,8898.352252960205,35.45832312107086,4.578449904918671,4,579.1483618021011,5.920433819293976,805073858,3,5,0,5,'测试身份证',201,'QZJ','QZJ_201'
NOW,122.68078290237213,36.446037230077046,2131.389678835869,51.03416037559509,10.852871775627136,122.68078290237213,36.446037230077046,8901.018552064896,32.59311234951019,5.220031023025513,2,581.3717306852341,3.6544094681739807,805073860,4,4,0,1,'测试身份证',201,'QZJ','QZJ_201'
NOW,123.36427542267447,31.16903333921589,2128.6052161455154,48.90891647338867,11.34107518196106,123.36427542267447,31.16903333921589,8903.143111467361,30.347759127616882,6.0511046051979065,0,583.395693898201,1.7961633801460266,805073861,4,4,0,1,'测试身份证',201,'QZJ','QZJ_201'
NOW,122.53476135773495,28.909362469721682,2128.345417201519,48.30894869565964,10.489803791046143,122.53476135773495,28.909362469721682,8902.906310141087,29.653377056121826,5.98278671503067,5,586.0719827413559,1.1440293192863464,805073864,5,3,1,3,'测试身份证',201,'QZJ','QZJ_201'
NOW,123.25368459600024,31.449479564449867,2126.941458404064,45.442350804805756,11.489644050598145,123.25368459600024,31.449479564449867,8903.834674715996,30.969978094100952,6.090418517589569,4,588.0905820131302,3.049922287464142,805073868,2,5,1,1,'测试身份证',201,'QZJ','QZJ_201'
NOW,121.81828453818217,36.11015720454067,2125.500604569912,44.21617740392685,12.06580102443695,121.81828453818217,36.11015720454067,8906.665552973747,29.31244468688965,6.192284047603607,2,590.9780548810959,5.649082005023956,805073868,2,3,1,5,'测试身份证',201,'QZJ','QZJ_201'
NOW,122.57683938804131,36.41587345151923,2125.4565414190292,46.1534463763237,11.318968653678894,122.57683938804131,36.41587345151923,8909.522315382957,27.583871483802795,6.228605806827545,3,591.6846447587013,8.43297415971756,805073870,1,4,0,5,'测试身份证',201,'QZJ','QZJ_201'
NOW,122.47475385873904,36.35988139099235,2125.879151701927,45.92296254634857,11.72629565000534,122.47475385873904,36.35988139099235,8907.318409085274,24.836620450019836,5.819809973239899,1,593.3439186215401,9.220868945121765,805073870,1,2,1,4,'测试身份证',201,'QZJ','QZJ_201'
NOW,122.06327690677018,36.203544346491086,2124.266569018364,48.88369023799896,12.07796961069107,122.06327690677018,36.203544346491086,8906.613968372345,21.966230750083923,5.049097001552582,0,595.9564483761787,11.559820532798767,805073872,0,1,1,0,'测试身份证',201,'QZJ','QZJ_201'
NOW,121.999578215077,32.72190573021393,2124.625134050846,49.66965687274933,11.453107714653015,121.999578215077,32.72190573021393,8907.763792276382,23.514978528022766,4.488525748252869,0,597.6026888489723,13.032138466835022,805073874,1,1,1,5,'测试身份证',201,'QZJ','QZJ_201'
NOW,121.87731023882847,32.90898956086143,2123.29098790884,48.37346863746643,11.059373199939728,121.87731023882847,32.90898956086143,8907.5518283844,25.638424515724182,4.75138133764267,1,599.2519684433937,14.38347065448761,805073875,1,5,0,4,'测试身份证',201,'QZJ','QZJ_201'
NOW,122.94233492794824,29.495125433456515,2123.2454897761345,50.585625886917114,11.49100387096405,122.94233492794824,29.495125433456515,8908.554777622223,25.671692490577698,5.435335457324982,1,600.0394040346146,15.157954394817352,805073878,2,3,0,5,'测试身份证',201,'QZJ','QZJ_201'
NOW,120.69971579234705,35.02301584811381,2120.2914573550224,48.70747709274292,11.25821077823639,120.69971579234705,35.02301584811381,8905.621581077576,23.679558157920837,6.1469646692276,1,602.1776348352432,17.964369475841522,805073878,2,4,1,3,'测试身份证',201,'QZJ','QZJ_201'
NOW,122.43253811550059,32.12447104498539,2119.5404876470566,46.89634585380554,11.625965774059296,122.43253811550059,32.12447104498539,8907.053482294083,23.391064405441284,6.797782897949219,2,602.6768819093704,19.369308173656464,805073878,4,4,0,1,'测试身份证',201,'QZJ','QZJ_201'
NOW,121.95288027642748,28.092143379264982,2119.7737278938293,48.59288048744202,10.930787444114685,121.95288027642748,28.092143379264982,8908.16825735569,21.477334022521973,6.225524604320526,2,604.9098969697952,21.232446610927582,805073879,5,0,0,1,'测试身份证',201,'QZJ','QZJ_201'
NOW,122.48126821841768,36.36474518291082,2122.0585458278656,46.92208778858185,10.990879118442535,122.48126821841768,36.36474518291082,8910.649560570717,19.170898914337158,6.362902760505676,4,607.3086506128311,22.204216480255127,805073882,4,3,1,2,'测试身份证',201,'QZJ','QZJ_201'
NOW,122.12465657776272,28.342982584377175,2121.9720608592033,49.15897881984711,11.946732223033905,122.12465657776272,28.342982584377175,8910.7792750597,22.090675354003906,6.212131202220917,5,608.1598609089851,25.108059883117676,805073882,4,1,1,5,'测试身份证',201,'QZJ','QZJ_201'
NOW,122.48571078134168,32.08087042280658,2121.953979551792,47.7084276676178,11.121600568294525,122.48571078134168,32.08087042280658,8910.36256313324,19.229403018951416,6.38650381565094,1,609.7092017531395,26.90554690361023,805073885,1,2,0,5,'测试身份证',201,'QZJ','QZJ_201'
NOW,122.79293650661612,31.812327512534004,2123.1665744185448,48.328218936920166,11.808205604553223,122.79293650661612,31.812327512534004,8907.93469953537,17.102983713150024,6.799835205078125,1,610.3113902211189,28.96751832962036,805073887,1,4,0,2,'测试身份证',201,'QZJ','QZJ_201'
NOW,122.11689040718005,36.235589729852045,2121.1471006274223,50.70250487327576,12.242307126522064,122.11689040718005,36.235589729852045,8905.382492542267,19.84274196624756,6.662578284740448,3,611.6209765076637,30.092126607894897,805073890,1,2,1,0,'测试身份证',201,'QZJ','QZJ_201'
NOW,121.56997089237571,33.23895057065612,2121.956051647663,49.30465745925903,13.129008173942566,121.56997089237571,33.23895057065612,8905.230801999569,20.189939439296722,7.149497210979462,0,614.0883999466896,30.79974091053009,805073894,3,2,1,1,'测试身份证',201,'QZJ','QZJ_201'
NOW,120.71996897472162,35.331266185007024,2119.2901044487953,48.75535982847214,12.368550598621368,120.71996897472162,35.331266185007024,8903.842108666897,19.455677390098572,7.4499096274375916,3,615.139792740345,32.38331925868988,805073894,0,0,1,3,'测试身份证',201,'QZJ','QZJ_201'
NOW,122.44581684547046,28.781110642363355,2120.3214958310127,48.678173542022705,12.321987330913544,122.44581684547046,28.781110642363355,8901.97563046217,18.351086497306824,6.5502928495407104,5,617.6567478775978,34.195663928985596,805073896,3,5,1,5,'测试身份证',201,'QZJ','QZJ_201'
NOW,120.67399451794982,34.642798473057006,2121.270468533039,48.919437885284424,12.73044353723526,120.67399451794982,34.642798473057006,8899.196231782436,18.660324811935425,7.056849122047424,3,617.9556266069412,36.75313210487366,805073896,0,2,1,4,'测试身份证',201,'QZJ','QZJ_201'
NOW,121.09342464175742,35.63548005032773,2124.2368596196175,46.612080097198486,12.039616703987122,121.09342464175742,35.63548005032773,8897.336052834988,16.22169804573059,7.745314359664917,0,619.574831366539,39.341615438461304,805073899,1,4,1,3,'测试身份证',201,'QZJ','QZJ_201'
NOW,122.52712121311143,28.88902099849446,2126.814426958561,47.58454591035843,12.681114971637726,122.52712121311143,28.88902099849446,8899.988656461239,18.248764038085938,7.53322172164917,4,620.088664650917,40.31594842672348,805073901,3,3,1,5,'测试身份证',201,'QZJ','QZJ_201'
NOW,121.4765467418141,35.95797267225042,2129.36451870203,45.24797731637955,12.113029778003693,121.4765467418141,35.95797267225042,8901.749635398388,19.119491159915924,7.680442571640015,3,620.6679908633232,40.97181272506714,805073902,1,3,0,3,'测试身份证',201,'QZJ','QZJ_201'
NOW,122.18633560022033,32.47631403860708,2127.4121480584145,47.85251051187515,12.720016121864319,122.18633560022033,32.47631403860708,8899.044938266277,20.973184883594513,7.874312043190002,5,623.5419008135796,43.535552978515625,805073906,0,1,0,5,'测试身份证',201,'QZJ','QZJ_201'
NOW,122.85178580509414,31.76832580426089,2128.772291481495,46.114388048648834,13.07653546333313,122.85178580509414,31.76832580426089,8898.993839502335,18.23963862657547,8.388405919075012,2,624.7889985442162,44.479030191898346,805073906,0,2,1,2,'测试身份证',201,'QZJ','QZJ_201'
NOW,123.01248565230095,29.776622388676387,2126.062989294529,44.06872707605362,13.068952858448029,123.01248565230095,29.776622388676387,8898.14631831646,20.496762096881866,8.420719861984253,2,626.086442887783,47.11075669527054,805073908,1,5,0,3,'测试身份证',201,'QZJ','QZJ_201'
NOW,122.55442691374418,32.00648725629421,2127.658043682575,43.04471880197525,12.416681051254272,122.55442691374418,32.00648725629421,8896.027999043465,20.61904740333557,9.013127446174622,0,626.8627648353577,49.463633358478546,805073909,5,1,0,5,'测试身份证',201,'QZJ','QZJ_201'
NOW,122.38094479941284,28.70527621161705,2125.3299282193184,40.3192258477211,12.911438405513763,122.38094479941284,28.70527621161705,8893.169248461723,18.372031211853027,8.986988365650177,4,628.9638876914978,50.319268226623535,805073913,4,1,0,1,'测试身份证',201,'QZJ','QZJ_201'
NOW,123.20556061273318,30.53460145486919,2126.5402641892433,40.957560658454895,13.358972728252411,123.20556061273318,30.53460145486919,8893.554500579834,20.408944606781006,8.172883927822113,3,631.022298336029,51.819864988327026,805073917,3,2,0,5,'测试身份证',201,'QZJ','QZJ_201'
NOW,122.69607369107503,29.135075454970043,2127.196591258049,39.067989110946655,12.9563347697258,122.69607369107503,29.135075454970043,8891.16268992424,21.53581953048706,8.953750014305115,2,631.5196655392647,54.23603940010071,805073917,4,0,0,4,'测试身份证',201,'QZJ','QZJ_201'
NOW,122.27112238555193,32.3562693760651,2127.2319715619087,36.722609758377075,13.547727406024933,122.27112238555193,32.3562693760651,8892.112031340599,22.053443670272827,8.891223847866058,2,634.1293116211891,54.63530230522156,805073919,3,1,0,3,'测试身份证',201,'QZJ','QZJ_201'
NOW,122.8126530781534,31.790562986743492,2127.480547785759,37.98991584777832,13.681032240390778,122.8126530781534,31.790562986743492,8894.574295401573,21.909000635147095,8.564907789230347,4,635.8370528817177,56.98616433143616,805073919,2,1,1,0,'测试身份证',201,'QZJ','QZJ_201'
NOW,122.62137075337917,29.051180887620088,2127.138648748398,38.937270283699036,13.213049232959747,122.62137075337917,29.051180887620088,8894.808640897274,24.251279592514038,8.598217070102692,3,638.4738126397133,59.2242214679718,805073919,5,1,1,4,'测试身份证',201,'QZJ','QZJ_201'
NOW,121.77687117654469,36.09815055094337,2124.9108090400696,40.568451046943665,12.68674087524414,121.77687117654469,36.09815055094337,8892.865033328533,25.35145139694214,9.319381594657898,2,640.2281257510185,61.01239037513733,805073921,2,1,1,3,'测试身份证',201,'QZJ','QZJ_201'
NOW,121.2964799320957,35.81011949266137,2127.758992433548,42.58479368686676,12.023225784301758,121.2964799320957,35.81011949266137,8892.181282997131,22.945598125457764,9.327013194561005,3,641.4009436964989,62.77034115791321,805073924,0,2,1,1,'测试身份证',201,'QZJ','QZJ_201'
NOW,122.28906764326575,28.574494435861734,2128.638854265213,43.43540906906128,12.150881350040436,122.28906764326575,28.574494435861734,8891.813717007637,23.871625781059265,10.000414669513702,3,644.0067750811577,65.72471261024475,805073924,3,0,0,4,'测试身份证',201,'QZJ','QZJ_201'
NOW,122.88099933362432,36.52719003107343,2130.2914798259735,41.7241393327713,13.02962213754654,122.88099933362432,36.52719003107343,8891.495712697506,22.80533754825592,10.980178534984589,0,644.8740773797035,66.23158860206604,805073925,1,2,0,0,'测试身份证',201,'QZJ','QZJ_201'
NOW,121.69697321118574,36.066284674573055,2131.5154588222504,44.72370660305023,13.208973944187164,121.69697321118574,36.066284674573055,8890.047892034054,25.15493404865265,10.97617882490158,2,646.3720020651817,69.12315058708191,805073926,3,1,0,0,'测试身份证',201,'QZJ','QZJ_201'
NOW,121.15204189964587,33.69364267800288,2129.647686958313,46.14537966251373,12.793331146240234,121.15204189964587,33.69364267800288,8889.207322061062,24.207491993904114,11.444826424121857,3,648.8587140440941,70.15798687934875,805073930,1,0,1,4,'测试身份证',201,'QZJ','QZJ_201'
NOW,123.39385190254994,31.26809234046789,2131.667278766632,45.877128541469574,12.966348707675934,123.39385190254994,31.26809234046789,8890.064041614532,21.33884608745575,11.664267241954803,4,649.3566602468491,70.39733505249023,805073930,4,2,1,1,'测试身份证',201,'QZJ','QZJ_201'
NOW,122.9752627882045,36.55941609786216,2131.4884632229805,44.038134038448334,13.817640125751495,122.9752627882045,36.55941609786216,8890.831307888031,24.206079363822937,11.283487915992737,2,649.545268535614,70.7514619231224,805073933,4,0,0,5,'测试身份证',201,'QZJ','QZJ_201'
NOW,123.32730691757297,30.986620633162058,2129.1132684350014,46.96654838323593,13.028694152832031,123.32730691757297,30.986620633162058,8891.57332366705,21.470869660377502,10.660955309867859,1,650.8579856157303,71.48073720932007,805073933,4,1,1,3,'测试身份证',201,'QZJ','QZJ_201'
NOW,122.41970175926451,28.744342930667877,2128.6150910258293,45.57035344839096,12.84614610671997,122.41970175926451,28.744342930667877,8889.977472960949,19.249297738075256,9.80750185251236,1,651.4627963900566,71.7452364563942,805073936,3,3,1,2,'测试身份证',201,'QZJ','QZJ_201'
NOW,122.52838301669374,28.91379983307153,2127.7387468218803,47.50338929891586,12.173178493976593,122.52838301669374,28.91379983307153,8889.941655635834,21.872934937477112,9.829296052455902,4,652.6921276450157,74.56119185686111,805073938,2,5,0,2,'测试身份证',201,'QZJ','QZJ_201'
NOW,123.25609491331122,30.69541166366888,2126.8233993649483,47.719257950782776,13.16537630558014,123.25609491331122,30.69541166366888,8892.614494085312,21.56266540288925,10.152683198451996,5,653.7311598658562,75.62235814332962,805073942,3,5,1,2,'测试身份证',201,'QZJ','QZJ_201'
NOW,122.39128479274235,32.1960019382102,2125.057127535343,44.99910008907318,13.701841831207275,122.39128479274235,32.1960019382102,8891.697247624397,21.14119416475296,9.42455530166626,2,654.8881661295891,78.09530264139175,805073945,5,3,0,5,'测试身份证',201,'QZJ','QZJ_201'
NOW,121.38004440782247,35.864505068425665,2122.782186329365,46.428672194480896,13.83586472272873,121.38004440782247,35.864505068425665,8890.817769169807,20.129338681697845,10.34704327583313,0,655.591432929039,79.1273290514946,805073946,5,4,1,5,'测试身份证',201,'QZJ','QZJ_201'
NOW,122.5580440580607,36.39868876088705,2121.497203886509,43.638891100883484,13.106119215488434,122.5580440580607,36.39868876088705,8893.264664769173,21.20305162668228,10.78568172454834,3,656.5269895792007,81.0680941939354,805073949,3,0,0,1,'测试身份证',201,'QZJ','QZJ_201'
NOW,121.67695817316965,36.06395995721147,2124.3054738640785,43.82477515935898,13.512310862541199,121.67695817316965,36.06395995721147,8892.785779953003,20.957130432128906,11.529052793979645,3,657.7166619300842,83.27398270368576,805073950,0,4,1,2,'测试身份证',201,'QZJ','QZJ_201'
NOW,122.18655718755768,28.415155764108654,2122.0643711686134,44.50925415754318,13.855359673500061,122.18655718755768,28.415155764108654,8891.384483337402,22.75816249847412,10.918426036834717,1,659.8181843757629,84.52375727891922,805073950,4,1,1,1,'测试身份证',201,'QZJ','QZJ_201'
NOW,122.89428630241746,29.418074530880038,2119.5699105858803,46.39242523908615,13.72223287820816,122.89428630241746,29.418074530880038,8891.408059954643,25.475268363952637,10.801181316375732,0,662.4964776039124,85.05318260192871,805073954,4,1,1,5,'测试身份证',201,'QZJ','QZJ_201'
NOW,123.13795699357605,30.237377296541332,2119.337099134922,48.5733305811882,14.212446928024292,123.13795699357605,30.237377296541332,8888.850582003593,28.294986248016357,11.383468508720398,4,663.543140411377,86.11585187911987,805073956,1,2,0,3,'测试身份证',201,'QZJ','QZJ_201'
NOW,123.27391763126661,30.783156309983838,2116.835754930973,47.47986048460007,14.676797032356262,123.27391763126661,30.783156309983838,8886.858851194382,30.086299419403076,11.949806094169617,1,663.8036732077599,87.43313455581665,805073957,3,0,1,2,'测试身份证',201,'QZJ','QZJ_201'
NOW,122.95418744428692,29.565196060014433,2116.833580195904,46.776138603687286,13.790799796581268,122.95418744428692,29.565196060014433,8886.55569666624,32.42425227165222,12.012657105922699,3,663.9299272894859,90.30768203735352,805073959,1,4,1,3,'测试身份证',201,'QZJ','QZJ_201'
NOW,122.08971954958709,28.28989441129382,2116.261734843254,43.93171387910843,13.621450126171112,122.08971954958709,28.28989441129382,8886.605982899666,29.556369066238403,11.367781102657318,3,666.0589720606804,90.32822185754776,805073962,0,5,1,1,'测试身份证',201,'QZJ','QZJ_201'
NOW,121.83548151561601,32.96377698935694,2119.010766863823,43.53811293840408,13.366499483585358,121.83548151561601,32.96377698935694,8889.442757487297,28.41599428653717,10.855070769786835,4,666.9624069333076,92.18450909852982,805073966,1,1,0,1,'测试身份证',201,'QZJ','QZJ_201'
NOW,123.29113416956932,30.82814603345322,2118.669204890728,41.21867996454239,12.52240127325058,123.29113416956932,30.82814603345322,8888.046978116035,26.65665304660797,11.42008900642395,5,668.5549438595772,94.66979748010635,805073969,2,5,0,1,'测试身份证',201,'QZJ','QZJ_201'
NOW,120.67920232305676,34.723672465281545,2118.1775361299515,40.34861570596695,13.4825918674469,120.67920232305676,34.723672465281545,8885.62788927555,23.6627539396286,10.490612268447876,4,668.7107682228088,94.97385519742966,805073973,1,2,0,0,'测试身份证',201,'QZJ','QZJ_201'
NOW,121.13919024740477,35.67416138340601,2117.426838040352,40.66588079929352,14.463879346847534,121.13919024740477,35.67416138340601,8886.29612660408,26.07849681377411,10.582274854183197,3,671.3479299545288,97.69398039579391,805073975,1,0,0,2,'测试身份证',201,'QZJ','QZJ_201'
NOW,122.70051526280963,36.4573552931185,2115.2200762033463,39.146095871925354,14.258289337158203,122.70051526280963,36.4573552931185,8885.342131197453,24.35945188999176,10.97508054971695,1,673.874237537384,99.73003262281418,805073977,5,3,1,1,'测试身份证',201,'QZJ','QZJ_201'
NOW,122.89373100173164,29.431401458848175,2113.5262421369553,37.270198941230774,15.017317235469818,122.89373100173164,29.431401458848175,8882.627120554447,26.715511918067932,11.014839231967926,4,674.1691294312477,101.62654846906662,805073978,5,2,1,0,'测试身份证',201,'QZJ','QZJ_201'
NOW,120.85591695509774,35.42465366297012,2114.1704323887825,36.06236183643341,15.156114518642426,120.85591695509774,35.42465366297012,8880.028575241566,27.083377599716187,11.404785931110382,0,676.1254559159279,104.44225734472275,805073982,1,3,1,1,'测试身份证',201,'QZJ','QZJ_201'
NOW,121.27998573029964,35.794119379463005,2111.6033957600594,38.49398171901703,15.927039682865143,121.27998573029964,35.794119379463005,8878.173282325268,27.398801803588867,10.987719714641571,2,676.7513558268547,104.45297223329544,805073983,4,4,1,5,'测试身份证',201,'QZJ','QZJ_201'
NOW,121.96031217939681,36.1627621150845,2111.4582510590553,37.35458767414093,16.679886400699615,121.96031217939681,36.1627621150845,8878.703165054321,30.37762212753296,10.266657829284668,0,678.3961610198021,106.6323247551918,805073986,3,1,0,1,'测试身份证',201,'QZJ','QZJ_201'
NOW,122.79229335339573,36.48386736763696,2111.3480689525604,39.226518869400024,17.11399817466736,122.79229335339573,36.48386736763696,8876.782717704773,30.547858715057373,10.71387791633606,0,679.2464307546616,106.95349657535553,805073986,4,0,1,3,'测试身份证',201,'QZJ','QZJ_201'
NOW,123.28270456265653,30.81660906094753,2110.5708824396133,38.228499472141266,17.2948317527771,123.28270456265653,30.81660906094753,8879.120068073273,29.137004852294922,9.94372695684433,1,680.908916592598,109.14818942546844,805073987,1,4,0,2,'测试身份证',201,'QZJ','QZJ_201'
NOW,121.45881600576158,35.94379175803526,2111.7938524484634,37.71904927492142,16.681785762310028,121.45881600576158,35.94379175803526,8881.641058683395,30.82945156097412,10.156440198421478,2,682.7257981300354,110.1282530426979,805073991,3,2,0,4,'测试身份证',201,'QZJ','QZJ_201'
NOW,123.09901118321739,30.113458565368603,2114.2888091802597,37.26234292984009,17.48111844062805,123.09901118321739,30.113458565368603,8880.90118098259,30.36860477924347,11.103508710861206,2,684.0183665752411,110.66105008125305,805073992,2,0,1,1,'测试身份证',201,'QZJ','QZJ_201'
NOW,122.28719568835656,36.29324386241637,2113.836370408535,35.6867311000824,18.456764042377472,122.28719568835656,36.29324386241637,8881.239426493645,28.212877869606018,10.836542546749115,2,685.0879403352737,111.77970039844513,805073996,1,2,1,4,'测试身份证',201,'QZJ','QZJ_201'
NOW,120.96090926725522,35.524181766359426,2112.943311750889,34.70123851299286,19.10789269208908,120.96090926725522,35.524181766359426,8878.335013747215,25.854427456855774,10.721868515014648,0,686.4907616376877,112.24471443891525,805074000,5,4,0,3,'测试身份证',201,'QZJ','QZJ_201'
NOW,122.96258811859434,29.625340313111288,2113.606789946556,31.856684803962708,19.17394185066223,122.96258811859434,29.625340313111288,8879.816702127457,25.877030074596405,10.337328314781189,2,688.2605328559875,112.91764545440674,805074001,2,5,1,1,'测试身份证',201,'QZJ','QZJ_201'
NOW,121.06503242669318,33.784125027975655,2115.7352126836777,32.65396535396576,18.414065182209015,121.06503242669318,33.784125027975655,8881.201834201813,23.683217227458954,11.025442838668823,2,691.2346868515015,114.43630623817444,805074002,1,0,0,3,'测试身份证',201,'QZJ','QZJ_201'
NOW,122.75754394369162,31.841583898415745,2112.9754647016525,31.06380021572113,17.93739080429077,122.75754394369162,31.841583898415745,8883.246039390564,21.225652635097504,11.74810540676117,2,693.9054684638977,116.33935248851776,805074005,2,3,0,5,'测试身份证',201,'QZJ','QZJ_201'
NOW,120.8877410457228,35.44689593745194,2110.8157221078873,31.694042801856995,18.739315032958984,120.8877410457228,35.44689593745194,8881.36431837082,19.491197288036346,11.778903543949127,2,694.5192102789879,117.06872254610062,805074007,2,2,0,2,'测试身份证',201,'QZJ','QZJ_201'
NOW,122.7925327242209,36.49356357069509,2110.248820602894,31.01325023174286,18.48339146375656,122.7925327242209,36.49356357069509,8880.728975832462,19.70129007101059,10.795519292354584,5,696.7216419577599,117.76476740837097,805074011,2,4,1,5,'测试身份证',201,'QZJ','QZJ_201'
NOW,122.18003800724306,32.48466280442099,2111.316863834858,33.48069226741791,19.113081872463226,122.18003800724306,32.48466280442099,8882.285773932934,20.077351331710815,11.270541965961456,2,699.4701978564262,119.96038889884949,805074011,1,0,0,5,'测试身份证',201,'QZJ','QZJ_201'
NOW,122.68867973972823,31.891603512509604,2109.775219500065,31.71720278263092,20.008328795433044,122.68867973972823,31.891603512509604,8881.139225661755,21.983004808425903,11.729876220226288,1,700.290990114212,120.95644062757492,805074013,4,4,0,3,'测试身份证',201,'QZJ','QZJ_201'
NOW,122.998051093235,29.745119091963875,2108.1344016194344,34.41028034687042,19.454920411109924,122.998051093235,29.745119091963875,8882.660611331463,21.159571647644043,12.268134713172913,3,702.1325840950012,121.90037059783936,805074017,4,3,0,3,'测试身份证',201,'QZJ','QZJ_201'
NOW,123.05512455074216,31.607755101191444,2107.5842376351357,33.16502320766449,19.959018886089325,123.05512455074216,31.607755101191444,8884.497373998165,18.905691146850586,12.15835177898407,5,704.7820363044739,123.24404740333557,805074019,3,2,0,5,'测试身份证',201,'QZJ','QZJ_201'
NOW,120.69150422329142,34.70351048232665,2107.060086250305,33.75588309764862,20.6420841217041,120.69150422329142,34.70351048232665,8886.006254136562,21.32634997367859,12.623260021209717,3,706.0763190984726,123.63901215791702,805074020,0,0,1,1,'测试身份证',201,'QZJ','QZJ_201'
NOW,122.19899518479987,32.44628008333833,2107.1775446534157,34.92702317237854,21.05172437429428,122.19899518479987,32.44628008333833,8888.671842753887,22.11356794834137,12.38916927576065,2,708.0926526784897,126.09382802248001,805074020,1,1,1,3,'测试身份证',201,'QZJ','QZJ_201'
NOW,123.2044243635345,30.500110193377616,2108.748882472515,33.85076951980591,20.715795576572418,123.2044243635345,30.500110193377616,8885.856242358685,23.474242210388184,12.253659665584564,5,708.235860824585,128.55771452188492,805074023,4,0,1,5,'测试身份证',201,'QZJ','QZJ_201'
NOW,123.34020955929584,31.055087893406334,2110.9585830569267,31.202487468719482,21.655011236667633,123.34020955929584,31.055087893406334,8883.40804451704,22.32663083076477,11.66938692331314,2,710.4000771045685,131.45747143030167,805074024,3,1,0,0,'测试身份证',201,'QZJ','QZJ_201'
NOW,122.9004462121514,36.53938827089692,2110.9459042549133,31.01658034324646,21.94175010919571,122.9004462121514,36.53938827089692,8881.091104209423,21.781370103359222,11.599632680416107,0,713.0896921157837,133.94331485033035,805074027,5,5,1,4,'测试身份证',201,'QZJ','QZJ_201'
NOW,121.99007300721667,36.17826831673148,2112.335839986801,29.43655490875244,21.192140698432922,121.99007300721667,36.17826831673148,8880.208369731903,23.300023019313812,10.68975442647934,4,715.9905683994293,134.9507058262825,805074031,2,4,1,2,'测试身份证',201,'QZJ','QZJ_201'
NOW,122.98625660736003,29.684070142403275,2113.6334221363068,26.584323406219482,21.602385997772217,122.98625660736003,29.684070142403275,8877.661826133728,20.43681091070175,10.758907616138458,0,717.763884305954,137.6006105542183,805074033,2,3,1,5,'测试身份证',201,'QZJ','QZJ_201'
NOW,121.1891601596826,35.7025410061709,2114.3655947446823,27.082524955272675,21.140590846538544,121.1891601596826,35.7025410061709,8874.81559920311,23.248073279857635,10.975043535232544,2,718.9399378299713,138.84137898683548,805074035,3,3,0,4,'测试身份证',201,'QZJ','QZJ_201'
NOW,123.28673343997146,30.859516743070337,2113.2133833169937,25.78487652540207,20.806257665157318,123.28673343997146,30.859516743070337,8871.968338012695,22.723067343235016,11.313570737838745,2,721.3455255031586,138.95836299657822,805074038,0,2,1,0,'测试身份证',201,'QZJ','QZJ_201'
NOW,123.30277576829513,30.869033612093755,2112.6176416277885,25.48115998506546,20.42644315958023,123.30277576829513,30.869033612093755,8869.05305814743,22.878823935985565,12.009546458721161,1,721.383847117424,140.64380997419357,805074038,2,3,0,0,'测试身份证',201,'QZJ','QZJ_201'
NOW,123.08925533930153,30.04937693856265,2112.439027607441,23.539027273654938,20.613147854804993,123.08925533930153,30.04937693856265,8867.62656879425,24.67100614309311,12.171986043453217,3,721.4358215332031,143.1366145014763,805074042,4,2,0,3,'测试身份证',201,'QZJ','QZJ_201'
NOW,123.22218411569006,30.601396461749538,2111.563576757908,22.481753766536713,19.73038560152054,123.22218411569006,30.601396461749538,8866.22063112259,23.678892254829407,11.389857351779938,1,722.6344208717346,145.88303488492966,805074045,1,2,1,3,'测试身份证',201,'QZJ','QZJ_201'
NOW,120.68320287347902,34.853962128722266,2114.198626577854,20.18282812833786,20.078560054302216,120.68320287347902,34.853962128722266,8866.451376378536,20.751757979393005,12.386929452419281,4,725.2716422080994,147.25977951288223,805074048,0,5,0,1,'测试身份证',201,'QZJ','QZJ_201'
NOW,122.95807485430845,29.611960717682393,2113.885153591633,18.73349040746689,19.61591547727585,122.95807485430845,29.611960717682393,8866.423803448677,20.15743839740753,12.773515701293945,0,725.9789516329765,149.48638302087784,805074049,1,1,1,5,'测试身份证',201,'QZJ','QZJ_201'
NOW,123.31161200518234,30.979561676165712,2114.7939083576202,18.711063027381897,19.843312680721283,123.31161200518234,30.979561676165712,8866.837058365345,18.58353340625763,13.537875473499298,4,727.8018391728401,150.03101843595505,805074052,2,1,0,5,'测试身份证',201,'QZJ','QZJ_201'
NOW,122.63169120775564,36.43601776762108,2113.709173321724,16.94430661201477,19.30011087656021,122.63169120775564,36.43601776762108,8869.255251705647,17.703213274478912,12.722420275211334,4,728.214236676693,150.8653238415718,805074054,2,2,1,1,'测试身份证',201,'QZJ','QZJ_201'
NOW,120.7083052890087,35.189959170902995,2116.142590880394,17.33345079421997,19.344794392585754,120.7083052890087,35.189959170902995,8866.499450981617,16.866662681102753,12.309202015399933,4,728.5703347921371,152.66164046525955,805074058,4,0,1,3,'测试身份证',201,'QZJ','QZJ_201'
NOW,123.25598031351012,30.68112784387593,2113.4799062013626,19.41079568862915,20.098011553287506,123.25598031351012,30.68112784387593,8867.712140619755,18.27096551656723,12.715552389621735,0,729.1588940620422,154.73983770608902,805074061,2,1,0,2,'测试身份证',201,'QZJ','QZJ_201'
NOW,122.15241688694024,28.38376005021021,2113.7353882193565,16.74480962753296,20.968133091926575,122.15241688694024,28.38376005021021,8870.695322334766,17.402786672115326,13.570924699306488,0,729.6836666464806,155.74338966608047,805074064,0,5,1,1,'测试身份证',201,'QZJ','QZJ_201'
NOW,121.37583735931229,33.45955852883245,2113.81513440609,17.589493572711945,21.140647053718567,121.37583735931229,33.45955852883245,8868.751186907291,17.76792025566101,13.470965445041656,1,731.2698151469231,157.79042130708694,805074068,4,0,1,2,'测试身份证',201,'QZJ','QZJ_201'
NOW,122.15089802813597,32.505688609877055,2116.5513585805893,17.567203879356384,20.152051746845245,122.15089802813597,32.505688609877055,8867.736576855183,16.1705961227417,13.657562553882599,4,732.0459877848625,159.6306739449501,805074071,2,2,1,0,'测试身份证',201,'QZJ','QZJ_201'
NOW,122.47039773660765,28.813078119115765,2114.024634242058,19.826818585395813,19.298873007297516,122.47039773660765,28.813078119115765,8865.814627707005,16.88977986574173,14.236074388027191,4,734.5900277495384,161.09341770410538,805074071,0,3,1,3,'测试身份证',201,'QZJ','QZJ_201'
NOW,121.00816630471996,33.879091996863785,2111.368220448494,22.713777661323547,18.965519845485687,121.00816630471996,33.879091996863785,8863.209318697453,14.09693843126297,13.471262097358704,1,736.2072181105614,161.1709310412407,805074073,0,2,1,1,'测试身份证',201,'QZJ','QZJ_201'
NOW,123.2119869219571,31.48383151887568,2110.744346499443,23.826072931289673,18.4615758061409,123.2119869219571,31.48383151887568,8863.214081406593,16.532525837421417,13.315325677394867,0,737.7730835080147,162.91195553541183,805074075,4,3,1,3,'测试身份证',201,'QZJ','QZJ_201'
NOW,122.00244980562988,28.172624994228315,2108.985192656517,23.08513629436493,17.564455032348633,122.00244980562988,28.172624994228315,8861.515472054482,15.718899190425873,14.017176866531372,0,740.4166660904884,164.2149800658226,805074078,1,1,1,0,'测试身份证',201,'QZJ','QZJ_201'
NOW,122.96466247037924,29.609860793030116,2107.6025120019913,25.5969797372818,17.850959837436676,122.96466247037924,29.609860793030116,8860.031028151512,13.364638984203339,13.749154567718506,3,740.8404404520988,165.94900912046432,805074079,4,5,1,5,'测试身份证',201,'QZJ','QZJ_201'
NOW,123.03524962424297,31.6207972239572,2110.5934933423996,24.7832048535347,17.67644077539444,123.03524962424297,31.6207972239572,8860.226949214935,16.105967938899994,13.149037718772888,0,741.028324007988,167.34374457597733,805074079,3,3,1,2,'测试身份证',201,'QZJ','QZJ_201'
NOW,121.76274772452571,36.10281862045481,2109.506878733635,22.94485431909561,16.87709468603134,121.76274772452571,36.10281862045481,8861.267047643661,17.75121659040451,12.507768869400024,1,743.3076184988022,168.98356467485428,805074080,4,5,0,1,'测试身份证',201,'QZJ','QZJ_201'
NOW,121.15567460987747,35.68562122165172,2107.556129336357,22.485961616039276,15.981956601142883,121.15567460987747,35.68562122165172,8858.698573350906,17.007592916488647,13.037049770355225,2,744.842270731926,169.19998747110367,805074083,2,3,0,3,'测试身份证',201,'QZJ','QZJ_201'
NOW,121.77176532022568,33.0351584306127,2105.8061378002167,23.4956037402153,15.886489510536194,121.77176532022568,33.0351584306127,8858.847566664219,16.04817533493042,13.826899886131287,1,746.2041366100311,169.48489725589752,805074084,5,0,1,3,'测试身份证',201,'QZJ','QZJ_201'
NOW,122.95036112460718,29.570477381069658,2102.893768310547,21.27060168981552,15.02959144115448,122.95036112460718,29.570477381069658,8856.744523584843,14.924734830856323,14.123998284339905,0,747.9393155574799,171.11053216457367,805074084,4,0,1,5,'测试身份证',201,'QZJ','QZJ_201'
NOW,122.6230497734399,31.942719172904226,2103.847628891468,20.09915190935135,15.051658153533936,122.6230497734399,31.942719172904226,8856.709547400475,13.11876654624939,13.313905715942383,1,750.6333844661713,173.46578347682953,805074087,5,1,0,5,'测试身份证',201,'QZJ','QZJ_201'
NOW,122.04456051061246,36.1957783585629,2103.9754663705826,17.67207843065262,16.00168490409851,122.04456051061246,36.1957783585629,8856.332081913948,10.34209156036377,13.455461978912354,5,750.7959406375885,174.48658120632172,805074087,2,4,0,0,'测试身份证',201,'QZJ','QZJ_201'
NOW,122.66101533056545,29.100571640849157,2103.214743435383,20.347197115421295,15.152610123157501,122.66101533056545,29.100571640849157,8859.217162251472,8.675188541412354,12.732668995857239,3,752.7634873390198,175.65004801750183,805074091,0,2,0,4,'测试身份证',201,'QZJ','QZJ_201'
NOW,121.60732048849223,33.202867673911314,2104.7495480179787,21.778517305850983,15.64925616979599,121.60732048849223,33.202867673911314,8860.682806134224,7.048068046569824,13.494278848171234,1,755.0562629699707,178.5661220550537,805074094,4,2,1,5,'测试身份证',201,'QZJ','QZJ_201'
NOW,121.85564799445133,36.128822159397956,2103.4608657956123,23.063319265842438,15.546730935573578,121.85564799445133,36.128822159397956,8862.22947049141,7.37737500667572,14.110940098762512,0,756.8036720752716,179.51904278993607,805074094,0,5,0,0,'测试身份证',201,'QZJ','QZJ_201'
NOW,121.98489497021801,28.126682576056847,2100.7921481728554,23.899480938911438,15.576070666313171,121.98489497021801,28.126682576056847,8861.262033641338,9.598255038261414,14.294873356819153,1,757.1958117485046,180.01812535524368,805074094,0,5,1,3,'测试身份证',201,'QZJ','QZJ_201'
NOW,121.0515836832584,35.600463882583426,2100.4616510272026,24.96450698375702,15.9020476937294,121.0515836832584,35.600463882583426,8858.935517966747,9.557835936546326,14.330605387687683,1,759.4609522819519,182.56776195764542,805074098,4,2,0,1,'测试身份证',201,'QZJ','QZJ_201'
NOW,123.2682149597245,30.756087674192486,2098.8297500014305,24.52153891324997,15.129720032215118,123.2682149597245,30.756087674192486,8860.728988587856,10.00706160068512,14.382257223129272,0,760.1495307683945,184.34655410051346,805074098,0,1,0,3,'测试身份证',201,'QZJ','QZJ_201'
NOW,120.89994514504434,34.12093662853879,2101.1858622431755,22.00663846731186,15.895740747451782,120.89994514504434,34.12093662853879,8857.87602943182,7.550320982933044,14.273843884468079,4,763.1481899023056,184.6522837281227,805074101,5,0,1,4,'测试身份证',201,'QZJ','QZJ_201'
NOW,120.84064025570059,35.41705570574545,2098.706240594387,23.34905880689621,15.2670037150383,120.84064025570059,35.41705570574545,8856.689740359783,10.33319890499115,14.931754171848297,4,764.0548228621483,185.2717531323433,805074103,3,1,0,1,'测试身份证',201,'QZJ','QZJ_201'
NOW,122.00618243746753,36.185665705026636,2098.5433858036995,20.941878974437714,14.81905448436737,122.00618243746753,36.185665705026636,8858.327172458172,8.502404808998108,14.795774698257446,3,766.821391761303,188.22164231538773,805074106,4,4,1,0,'测试身份证',201,'QZJ','QZJ_201'
NOW,122.36694533208676,28.69173343001829,2098.20906239748,20.15285086631775,15.712633490562439,122.36694533208676,28.69173343001829,8859.801568448544,9.636340260505676,15.088768064975739,3,768.9189323782921,189.2029166817665,805074106,4,1,0,2,'测试身份证',201,'QZJ','QZJ_201'
NOW,123.37893301089397,31.236728542994054,2097.70720911026,18.899539351463318,15.49813687801361,123.37893301089397,31.236728542994054,8862.56067365408,9.20250940322876,15.894256949424744,3,770.1050536036491,191.21552807092667,805074109,4,0,1,3,'测试身份证',201,'QZJ','QZJ_201'
NOW,122.4620044172317,36.35950886732409,2094.9540786743164,17.599182605743408,16.323569297790527,122.4620044172317,36.35950886732409,8865.338311851025,9.002269625663757,16.039487183094025,2,773.0780403017998,192.8141594529152,805074111,4,0,1,3,'测试身份证',201,'QZJ','QZJ_201'
NOW,121.02626273282125,33.84575663306186,2093.111796140671,19.573476195335388,15.334701180458069,121.02626273282125,33.84575663306186,8863.295783698559,8.850855708122253,15.553588688373566,3,773.1061215996742,194.71716409921646,805074112,3,2,1,0,'测试身份证',201,'QZJ','QZJ_201'
NOW,122.91630098012226,29.449618715312454,2092.5197056531906,21.11931300163269,15.535929799079895,122.91630098012226,29.449618715312454,8860.436243236065,6.6763516664505005,16.36486917734146,1,775.9465232491493,197.51611024141312,805074115,4,5,1,4,'测试身份证',201,'QZJ','QZJ_201'
NOW,121.56423428058218,33.248212582246765,2094.988893389702,21.622927606105804,15.468854188919067,121.56423428058218,33.248212582246765,8857.447899997234,4.972248196601868,17.15821999311447,4,778.4631696343422,198.96334558725357,805074119,4,5,1,3,'测试身份证',201,'QZJ','QZJ_201'
NOW,121.8110738497581,36.110854034570494,2096.727046608925,20.144013702869415,15.338835656642914,121.8110738497581,36.110854034570494,8855.106933295727,4.369072139263153,17.905015408992767,5,780.7519097924232,199.50072991847992,805074121,1,0,1,1,'测试身份证',201,'QZJ','QZJ_201'
NOW,122.8084672178308,36.491030062230095,2094.325383067131,21.36939889192581,15.564698994159698,122.8084672178308,36.491030062230095,8857.104069292545,4.779778778553009,16.989894807338715,1,783.2855752110481,200.41554272174835,805074121,0,5,1,4,'测试身份证',201,'QZJ','QZJ_201'
NOW,123.21799382951343,31.472576372227625,2096.533852458,20.245160400867462,15.301579475402832,123.21799382951343,31.472576372227625,8856.81680738926,6.358040869235992,17.53655242919922,1,784.731945335865,202.50431883335114,805074125,4,0,0,1,'测试身份证',201,'QZJ','QZJ_201'
NOW,121.50055543275197,35.96233320658024,2098.624235033989,18.460555851459503,16.05912470817566,121.50055543275197,35.96233320658024,8854.064753174782,4.512162983417511,17.368268251419067,1,786.7073028683662,204.08922469615936,805074126,1,1,0,0,'测试身份证',201,'QZJ','QZJ_201'
NOW,123.23948190647906,30.631063862037898,2096.5153056383133,18.745765328407288,16.169192492961884,123.23948190647906,30.631063862037898,8856.324280381203,4.978078246116638,17.48407417535782,3,787.4950352907181,204.99689728021622,805074126,5,0,1,1,'测试身份证',201,'QZJ','QZJ_201'
NOW,120.69103265338336,34.88252155207436,2094.5348645448685,20.98187530040741,15.84047520160675,120.69103265338336,34.88252155207436,8856.150846421719,2.881221652030945,17.944234907627106,5,788.096370100975,206.34850746393204,805074127,3,3,0,3,'测试身份证',201,'QZJ','QZJ_201'
NOW,120.68926343648056,34.65817196851987,2094.7007865309715,18.197295308113098,15.960174083709717,120.68926343648056,34.65817196851987,8854.697949111462,2.606949508190155,18.87132602930069,2,790.5207232236862,208.21013551950455,805074127,4,0,0,1,'测试身份证',201,'QZJ','QZJ_201'
NOW,123.27223320843834,30.823612480016088,2096.191394031048,15.9293714761734,16.311474919319153,123.27223320843834,30.823612480016088,8853.717229425907,0.2857256531715393,18.734797596931458,5,792.1782633066177,210.94861561059952,805074129,5,2,0,3,'测试身份证',201,'QZJ','QZJ_201'
NOW,120.7389740887266,35.337810074664446,2093.469162642956,18.729659914970398,16.355856001377106,120.7389740887266,35.337810074664446,8852.411983311176,0.6419665813446045,19.035283863544464,1,794.8092461824417,212.2979605793953,805074132,2,3,1,3,'测试身份证',201,'QZJ','QZJ_201'
NOW,121.998046913508,32.74438942862585,2095.429059445858,16.779363870620728,16.74059122800827,121.998046913508,32.74438942862585,8850.407738029957,0.3932781219482422,19.89565372467041,2,797.502309679985,212.34396690130234,805074136,5,5,1,5,'测试身份证',201,'QZJ','QZJ_201'
NOW,122.95014487219149,31.682083060734758,2096.482594192028,13.786803245544434,16.62855076789856,122.95014487219149,31.682083060734758,8850.541479408741,0.952604353427887,19.192637622356415,3,797.8059961795807,213.8987209200859,805074137,1,2,1,2,'测试身份证',201,'QZJ','QZJ_201'
NOW,121.95796003678753,32.790310785329496,2094.596191108227,15.488977074623108,15.82933360338211,121.95796003678753,32.790310785329496,8850.679734945297,1.5443211197853088,20.075193107128143,0,799.951534986496,214.59473645687103,805074138,2,1,1,2,'测试身份证',201,'QZJ','QZJ_201'
NOW,122.37634754996714,36.327418102241026,2093.940711081028,14.94855111837387,16.300971686840057,122.37634754996714,36.327418102241026,8853.0250852108,1.835563600063324,19.69556748867035,0,801.071059346199,214.73655968904495,805074141,1,0,1,3,'测试身份证',201,'QZJ','QZJ_201'
NOW,122.5315618279795,28.902734468302334,2095.3886644244194,16.692534148693085,17.206641972064972,122.5315618279795,28.902734468302334,8852.611102163792,3.170961558818817,19.571547031402588,4,802.2403918504715,216.06146258115768,805074144,3,4,0,0,'测试身份证',201,'QZJ','QZJ_201'
NOW,121.83461498517153,32.94087740770782,2095.70099067688,18.63617366552353,17.031315326690674,121.83461498517153,32.94087740770782,8853.087001681328,4.801920831203461,19.750675916671753,3,803.3174275159836,218.51497668027878,805074147,0,3,0,5,'测试身份证',201,'QZJ','QZJ_201'
NOW,122.92498252725188,36.54401381935445,2095.533734381199,17.70184350013733,17.68681263923645,122.92498252725188,36.54401381935445,8854.664842247963,3.2519814372062683,19.178063452243805,3,804.4112123250961,218.65041375160217,805074150,5,1,0,1,'测试身份证',201,'QZJ','QZJ_201'
NOW,123.15519716976969,30.308443731885717,2093.5451059937477,17.506361424922943,17.721238553524017,123.15519716976969,30.308443731885717,8856.549444556236,2.7480984330177307,19.2206529378891,4,805.999340057373,220.385568857193,805074154,3,2,0,2,'测试身份证',201,'QZJ','QZJ_201'
NOW,122.68891645494557,29.132020230984264,2096.1875239014626,16.639361143112183,17.031684815883636,122.68891645494557,29.132020230984264,8857.942582249641,3.9828527569770813,20.138267934322357,0,808.2294247150421,222.89969849586487,805074157,2,4,0,2,'测试身份证',201,'QZJ','QZJ_201'
NOW,122.28120257316732,32.330353702703114,2093.9345641732216,16.445228219032288,17.141731560230255,122.28120257316732,32.330353702703114,8857.454877614975,1.9113414883613586,20.845415234565735,2,810.2381999492645,225.08397579193115,805074160,4,5,1,4,'测试身份证',201,'QZJ','QZJ_201'
NOW,120.70336474783478,34.87392983131595,2094.0128952264786,18.21832311153412,17.966115653514862,120.70336474783478,34.87392983131595,8856.215721726418,2.8449944853782654,21.05901575088501,3,813.186187505722,227.21546459197998,805074160,0,0,1,5,'测试身份证',201,'QZJ','QZJ_201'
NOW,121.71710204100066,33.08563580825789,2092.2361389398575,20.10010588169098,18.60628229379654,121.71710204100066,33.08563580825789,8856.922835707664,4.240389287471771,22.021991670131683,4,814.7202662229538,227.58500826358795,805074161,5,1,1,3,'测试身份证',201,'QZJ','QZJ_201'
NOW,121.94836728544294,32.79139947589498,2094.4796444177628,22.881524443626404,17.809751570224762,121.94836728544294,32.79139947589498,8856.252273440361,5.686759650707245,22.1716268658638,1,817.2718797922134,228.85132658481598,805074165,5,0,0,3,'测试身份证',201,'QZJ','QZJ_201'
NOW,120.71617842028695,34.493684146880994,2096.525722384453,22.021336257457733,17.178734600543976,120.71617842028695,34.493684146880994,8858.244881749153,8.52417367696762,22.3739852309227,1,818.3039484024048,231.34033000469208,805074168,2,3,0,0,'测试身份证',201,'QZJ','QZJ_201'
NOW,121.64707489942187,33.17090377218337,2094.448596596718,21.59852784872055,16.374045372009277,121.64707489942187,33.17090377218337,8860.784694314003,11.170354306697845,22.890872538089752,0,820.6063437461853,232.31953120231628,805074170,3,2,0,4,'测试身份证',201,'QZJ','QZJ_201'
NOW,122.55326240466654,31.992919421555776,2093.1954675912857,21.728505194187164,17.272566080093384,122.55326240466654,31.992919421555776,8859.121895313263,8.29410833120346,22.417545080184937,4,822.646466255188,233.49021410942078,805074171,1,2,1,3,'测试身份证',201,'QZJ','QZJ_201'
NOW,123.26921300532854,30.739433819827003,2092.759057343006,24.218372404575348,18.2484188079834,123.26921300532854,30.739433819827003,8857.039365530014,8.887208759784698,23.404522955417633,3,824.023140668869,234.27681213617325,805074172,0,3,0,5,'测试身份证',201,'QZJ','QZJ_201'
NOW,121.01426038366492,33.86884059112475,2091.628503859043,25.552437841892242,18.50248545408249,121.01426038366492,33.86884059112475,8856.963323652744,8.105818688869476,23.68887346982956,2,824.9040233492851,236.60494428873062,805074175,5,5,1,4,'测试身份证',201,'QZJ','QZJ_201'
NOW,121.31483324523111,35.82008405681219,2088.781147778034,26.96046620607376,17.721860945224762,121.31483324523111,35.82008405681219,8854.491821587086,9.412721455097198,23.415878415107727,4,826.439757168293,238.00172239542007,805074178,5,0,0,5,'测试身份证',201,'QZJ','QZJ_201'
NOW,123.20996459924979,30.550517077870914,2089.980346739292,24.6650453209877,17.26310110092163,123.20996459924979,30.550517077870914,8854.090692043304,7.763127148151398,22.717767357826233,4,826.9405933618546,240.75559478998184,805074179,5,1,1,4,'测试身份证',201,'QZJ','QZJ_201'
NOW,123.14478571163197,30.248355843359366,2087.211575090885,27.269527971744537,18.054145336151123,123.14478571163197,30.248355843359366,8854.462092876434,10.009789526462555,22.525665998458862,0,829.7236021757126,242.02880293130875,805074182,5,1,0,5,'测试身份证',201,'QZJ','QZJ_201'
NOW,122.2449198262418,32.39624461215481,2086.5667979717255,26.12410980463028,17.313271701335907,122.2449198262418,32.39624461215481,8852.446278095245,10.041007220745087,21.828667163848877,3,831.8475760221481,243.70681184530258,805074184,4,0,0,0,'测试身份证',201,'QZJ','QZJ_201'
NOW,122.40698391129528,36.33324180358534,2084.636085629463,25.511352002620697,18.21251207590103,122.40698391129528,36.33324180358534,8854.701369047165,13.040920197963715,21.795065104961395,0,833.887347817421,244.81412309408188,805074186,5,1,1,0,'测试身份证',201,'QZJ','QZJ_201'
NOW,123.0909102829299,30.07374246931436,2083.9793177843094,22.889676988124847,18.323103606700897,123.0909102829299,30.07374246931436,8854.338236749172,13.081106841564178,21.201290726661682,0,836.2857130765915,244.89110231399536,805074189,0,1,1,4,'测试身份证',201,'QZJ','QZJ_201'
NOW,122.22089107756815,28.470145940042528,2084.7307692170143,24.856198489665985,19.18280041217804,122.22089107756815,28.470145940042528,8851.983317792416,14.713321506977081,20.205050826072693,5,838.3625429868698,247.48589658737183,805074192,2,0,1,1,'测试身份证',201,'QZJ','QZJ_201'
NOW,122.42834685772426,36.35378853857521,2085.42256885767,25.151073932647705,19.460247457027435,122.42834685772426,36.35378853857521,8852.276602864265,17.490979492664337,20.74674516916275,2,838.8138829469681,247.53303980827332,805074194,1,0,1,1,'测试身份证',201,'QZJ','QZJ_201'
NOW,122.64371635273203,29.058573378728532,2085.998929440975,24.110098600387573,20.41768503189087,122.64371635273203,29.058573378728532,8850.693247675896,18.298096776008606,20.670983970165253,1,841.1396983861923,247.6475767493248,805074196,4,1,0,1,'测试身份证',201,'QZJ','QZJ_201'
NOW,121.14001487541671,33.722546322927656,2085.290051460266,23.903996229171753,19.63556259870529,121.14001487541671,33.722546322927656,8850.165479242802,17.884211540222168,21.430951058864594,3,842.5610259771347,250.09747594594955,805074200,1,4,0,1,'测试身份证',201,'QZJ','QZJ_201'
NOW,120.71922150431901,35.28137788448918,2082.954967021942,23.131655752658844,19.941600382328033,120.71922150431901,35.28137788448918,8847.300935328007,17.41010195016861,22.226887464523315,2,844.5603209733963,251.94707983732224,805074204,0,0,0,1,'测试身份证',201,'QZJ','QZJ_201'
NOW,120.9121470325429,34.06369061190251,2082.972799241543,24.003667652606964,19.429072380065918,120.9121470325429,34.06369061190251,8848.940017998219,19.8271022439003,23.165555119514465,1,845.3593111634254,252.46339863538742,805074208,2,5,0,3,'测试身份证',201,'QZJ','QZJ_201'
NOW,122.38945161378237,28.71421769606372,2080.746001660824,21.743380844593048,19.265301644802094,122.38945161378237,28.71421769606372,8851.081106722355,22.752369701862335,22.954097270965576,2,846.1262804269791,254.95958822965622,805074208,5,1,1,3,'测试身份证',201,'QZJ','QZJ_201'
NOW,123.38585619647515,31.28737279202368,2078.1963891386986,22.953945815563202,19.9346484541893,123.38585619647515,31.28737279202368,8850.622599720955,23.91956526041031,22.868525564670563,0,846.6265290379524,257.721686065197,805074211,4,1,1,2,'测试身份证',201,'QZJ','QZJ_201'
NOW,122.52288377803131,28.9079768996115,2075.712707221508,20.602523028850555,20.396102488040924,122.52288377803131,28.9079768996115,8849.523899435997,22.56871646642685,21.920859038829803,3,848.731598675251,259.71792083978653,805074211,5,3,0,5,'测试身份证',201,'QZJ','QZJ_201'
NOW,122.78819467299506,36.4795512789585,2074.713653743267,21.643777072429657,21.009370744228363,122.78819467299506,36.4795512789585,8848.91573214531,23.884836733341217,22.00827121734619,2,848.8567621707916,262.5582745671272,805074213,4,2,1,0,'测试身份证',201,'QZJ','QZJ_201'
NOW,122.96859779295828,29.616279391075892,2072.896405875683,24.20671194791794,21.926809787750244,122.96859779295828,29.616279391075892,8846.716610431671,25.234322249889374,22.471379816532135,4,849.603142619133,263.6551488041878,805074215,4,3,0,1,'测试身份证',201,'QZJ','QZJ_201'
NOW,122.90589185518064,36.525462763844644,2070.8713049292564,22.289198100566864,21.609235882759094,122.90589185518064,36.525462763844644,8845.55149281025,23.310987412929535,21.48874932527542,2,852.0729953050613,266.1988745331764,805074219,0,3,1,4,'测试身份证',201,'QZJ','QZJ_201'
NOW,121.53537198912173,36.01279619247481,2069.267689883709,22.25830638408661,21.170172035694122,121.53537198912173,36.01279619247481,8843.445174336433,25.45279735326767,20.515685200691223,0,853.655882358551,266.8081701397896,805074220,3,2,1,2,'测试身份证',201,'QZJ','QZJ_201'
NOW,122.94222447528156,29.517797842017497,2067.333879172802,21.943668961524963,20.695157647132874,122.94222447528156,29.517797842017497,8844.037738144398,27.668690621852875,21.19824582338333,0,855.8680090904236,267.6908588409424,805074222,0,5,1,2,'测试身份证',201,'QZJ','QZJ_201'
NOW,121.31176036988303,33.516514045426135,2066.232602775097,19.26030719280243,21.3014178276062,121.31176036988303,33.516514045426135,8842.881736338139,28.053561687469482,21.893360018730164,4,856.8011372685432,269.16441011428833,805074223,1,5,1,0,'测试身份证',201,'QZJ','QZJ_201'
NOW,123.0461285609839,29.89946051573863,2066.986161530018,20.545241951942444,22.166912317276,123.0461285609839,29.89946051573863,8840.901224911213,27.66751742362976,22.69221919775009,1,857.5393094420433,271.3287708759308,805074226,4,0,1,4,'测试身份证',201,'QZJ','QZJ_201'
NOW,123.12476425066905,31.53644611107853,2068.598493874073,18.65218710899353,23.04333609342575,123.12476425066905,31.53644611107853,8841.502261817455,28.543745577335358,23.19513761997223,1,859.3967475295067,274.0110442638397,805074226,5,3,0,4,'测试身份证',201,'QZJ','QZJ_201'
NOW,123.02730047632559,29.829102339097265,2070.269510805607,15.778276443481445,23.067033529281616,123.02730047632559,29.829102339097265,8839.907657444477,27.013541400432587,23.88726234436035,3,860.8073591589928,276.5014748573303,805074226,5,3,1,3,'测试身份证',201,'QZJ','QZJ_201'
NOW,120.70750844636524,35.01460992993514,2068.3479143977165,17.243903756141663,22.4381942152977,120.70750844636524,35.01460992993514,8840.132594645023,28.983426868915558,24.57681691646576,0,862.186992585659,278.40367817878723,805074229,1,2,0,4,'测试身份证',201,'QZJ','QZJ_201'
NOW,120.81583660294413,35.39715803227808,2070.0155040621758,19.22133958339691,22.09185630083084,120.81583660294413,35.39715803227808,8839.785800397396,27.374270617961884,24.947173357009888,0,863.2404201626778,278.510781288147,805074229,1,4,0,1,'测试身份证',201,'QZJ','QZJ_201'
NOW,122.83940075798968,29.329827776705418,2071.206499040127,21.339541792869568,22.609816074371338,122.83940075798968,29.329827776705418,8839.35193413496,28.14014106988907,25.894582867622375,0,864.3707363009453,281.4334840774536,805074233,0,4,0,2,'测试身份证',201,'QZJ','QZJ_201'
NOW,123.06895450246624,30.02943353822478,2069.189785659313,18.788336157798767,23.050343811511993,123.06895450246624,30.02943353822478,8841.457709252834,29.740693867206573,25.97567641735077,3,864.5804396271706,281.7094438672066,805074236,1,2,0,1,'测试身份证',201,'QZJ','QZJ_201'
NOW,122.30709159496685,32.30854829825263,2071.9655091166496,15.905444502830505,22.38782489299774,122.30709159496685,32.30854829825263,8841.008822977543,30.06963962316513,25.990345299243927,1,866.686134159565,283.2462723851204,805074236,2,3,1,3,'测试身份证',201,'QZJ','QZJ_201'
NOW,122.69047529281929,36.44623013376047,2070.5484995245934,16.31720596551895,21.709939062595367,122.69047529281929,36.44623013376047,8841.743568718433,28.142469584941864,26.09090667963028,0,869.3448794484138,284.0600697994232,805074237,3,5,0,1,'测试身份证',201,'QZJ','QZJ_201'
NOW,120.70022535664944,35.13266961767177,2069.2678465247154,18.628805696964264,22.47056359052658,120.70022535664944,35.13266961767177,8840.677809298038,30.428390204906464,25.38843148946762,2,872.0837131142616,284.7179419994354,805074237,1,3,1,4,'测试身份证',201,'QZJ','QZJ_201'
NOW,122.99735951949495,36.57528773497796,2068.1642202734947,18.334918558597565,22.90959596633911,122.99735951949495,36.57528773497796,8842.420096695423,27.887660443782806,25.480925619602203,4,874.6000438332558,287.39119052886963,805074237,5,5,1,1,'测试身份证',201,'QZJ','QZJ_201'
NOW,121.8615270548439,32.902644210576206,2069.3946021199226,16.913439571857452,22.47952163219452,121.8615270548439,32.902644210576206,8839.825706779957,30.319137036800385,25.60011065006256,4,875.5168840289116,288.64937233924866,805074241,5,1,1,3,'测试身份证',201,'QZJ','QZJ_201'
NOW,122.64925101370712,31.931795873831646,2072.0381603837013,16.50497794151306,23.326490700244904,122.64925101370712,31.931795873831646,8840.897829592228,33.00608652830124,26.313465893268585,2,878.5021552443504,289.7838306427002,805074242,4,5,0,0,'测试身份证',201,'QZJ','QZJ_201'
NOW,120.9762871646602,33.9458608912882,2072.682927131653,14.741363286972046,23.12034583091736,120.9762871646602,33.9458608912882,8837.941060364246,31.71988409757614,26.788811564445496,4,878.838270008564,290.09079641103745,805074244,3,4,0,0,'测试身份证',201,'QZJ','QZJ_201'
NOW,121.22920985076539,33.61497529050179,2073.2395554184914,15.836967706680298,22.972546577453613,121.22920985076539,33.61497529050179,8835.796457350254,30.249779880046844,27.111771166324615,0,880.9337099194527,290.9467025399208,805074245,4,4,0,0,'测试身份证',201,'QZJ','QZJ_201'
NOW,122.16256559339178,28.389049410569008,2074.219457387924,17.983872890472412,22.343292117118835,122.16256559339178,28.389049410569008,8837.827661573887,30.778921961784363,27.06228893995285,0,882.4612675309181,291.2648497223854,805074246,5,5,1,5,'测试身份证',201,'QZJ','QZJ_201'
NOW,121.03295500256095,35.57709388580145,2072.814773797989,15.701605796813965,22.763642132282257,121.03295500256095,35.57709388580145,8835.24193650484,32.37724506855011,27.814494967460632,4,883.5742143988609,294.2555885910988,805074246,5,3,0,3,'测试身份证',201,'QZJ','QZJ_201'
NOW,123.3459253371587,31.069864511604003,2073.6283482313156,15.528383910655975,22.59527188539505,123.3459253371587,31.069864511604003,8837.431676208973,35.36244976520538,28.433335185050964,2,886.1332396864891,297.2170749306679,805074246,0,4,1,0,'测试身份证',201,'QZJ','QZJ_201'
NOW,120.94325657695738,34.01420377529138,2072.5532648563385,16.407018542289734,21.82858633995056,120.94325657695738,34.01420377529138,8835.103200733662,32.53283131122589,28.479445159435272,5,886.2957034111023,299.36270385980606,805074246,5,5,0,0,'测试身份证',201,'QZJ','QZJ_201'
NOW,123.23431206586402,30.59364920648015,2072.010366797447,15.69086104631424,22.34763890504837,123.23431206586402,30.59364920648015,8833.267584621906,32.22799450159073,28.233854830265045,5,888.031994342804,299.4769117832184,805074249,3,2,1,0,'测试身份证',201,'QZJ','QZJ_201'
NOW,123.23613054404517,30.613967029892958,2070.744304418564,18.231971085071564,21.654538214206696,123.23613054404517,30.613967029892958,8835.129218876362,34.54167419672012,28.993222534656525,3,889.2366127967834,300.87067449092865,805074253,1,3,0,0,'测试身份证',201,'QZJ','QZJ_201'
NOW,123.06456206835672,30.01138317370463,2069.6971986293793,17.082679092884064,22.604314863681793,123.06456206835672,30.01138317370463,8836.844524919987,31.93403869867325,29.586350917816162,1,890.0335151553154,303.1307200193405,805074255,1,0,1,3,'测试身份证',201,'QZJ','QZJ_201'
NOW,123.18330482380578,30.431029885135867,2067.5092890262604,19.173223793506622,23.011139810085297,123.18330482380578,30.431029885135867,8837.194844126701,31.29537183046341,30.536406219005585,1,891.9171001315117,305.2966545820236,805074257,2,1,0,5,'测试身份证',201,'QZJ','QZJ_201'
NOW,122.28193745327245,32.3565775167513,2068.3241366147995,20.793717443943024,22.87055265903473,122.28193745327245,32.3565775167513,8837.797629117966,29.27213817834854,29.644029200077057,3,891.9687598347664,306.09275513887405,805074259,3,2,0,1,'测试身份证',201,'QZJ','QZJ_201'
NOW,122.8961960691072,29.431697833000836,2070.0557185411453,18.854356825351715,22.862870812416077,122.8961960691072,29.431697833000836,8840.761244535446,30.035883247852325,30.203280568122864,2,893.1526532769203,307.4316731095314,805074260,0,4,1,5,'测试身份证',201,'QZJ','QZJ_201'
NOW,123.32505255271009,31.01153041587382,2069.809438109398,17.22380381822586,23.72708922624588,123.32505255271009,31.01153041587382,8840.825748622417,30.523818731307983,30.63971757888794,5,894.9174141287804,308.69272977113724,805074262,5,0,0,4,'测试身份证',201,'QZJ','QZJ_201'
NOW,123.31150824093186,30.95685276188751,2069.264671266079,14.318615019321442,23.229027032852173,123.31150824093186,30.95685276188751,8843.389307200909,29.10098433494568,30.282606840133667,4,897.7634939551353,311.01133543252945,805074265,2,3,1,0,'测试身份证',201,'QZJ','QZJ_201'
NOW,122.08172525692882,32.62420662033526,2068.015159189701,11.402072966098785,23.076080858707428,122.08172525692882,32.62420662033526,8841.64612787962,29.586195051670074,30.35644495487213,1,898.6650410890579,311.2750918865204,805074265,2,3,0,2,'测试身份证',201,'QZJ','QZJ_201'
NOW,120.68128458098585,34.82166689670904,2065.26495462656,11.200141787528992,23.76238650083542,120.68128458098585,34.82166689670904,8841.221204996109,32.40595895051956,31.152544856071472,5,901.1696470975876,313.484317779541,805074266,3,3,1,1,'测试身份证',201,'QZJ','QZJ_201'
NOW,123.25528366117183,30.696850430712416,2063.023071348667,13.484044671058655,23.915661871433258,123.25528366117183,30.696850430712416,8839.974103927612,31.28060668706894,31.4151913523674,5,901.7758249044418,314.69082474708557,805074270,3,3,0,3,'测试身份证',201,'QZJ','QZJ_201'
NOW,122.9533129619915,29.595205347485507,2062.373035490513,15.625368237495422,24.07629829645157,122.9533129619915,29.595205347485507,8839.967540562153,32.443579256534576,32.116875410079956,5,904.3450211286545,317.1087806224823,805074271,3,1,1,4,'测试身份证',201,'QZJ','QZJ_201'
NOW,121.33249576585784,33.50212614499511,2060.4795938134193,13.412083268165588,23.329772412776947,121.33249576585784,33.50212614499511,8842.80051022768,31.851273119449615,32.24885606765747,0,906.770052075386,319.8202545642853,805074272,1,2,1,5,'测试身份证',201,'QZJ','QZJ_201'
NOW,120.67611494598235,34.606927124262725,2060.610080063343,13.062213063240051,23.196074068546295,120.67611494598235,34.606927124262725,8841.418822586536,33.48762422800064,31.77465158700943,3,907.3236675262451,321.3558428287506,805074273,1,1,1,1,'测试身份证',201,'QZJ','QZJ_201'
NOW,122.36930192308311,32.222220271947506,2060.322050333023,15.610197901725769,22.421816170215607,122.36930192308311,32.222220271947506,8842.234454631805,36.06733375787735,32.314277946949005,3,908.4821455478668,322.63469219207764,805074275,1,5,0,1,'测试身份证',201,'QZJ','QZJ_201'
NOW,123.09046008853021,30.083281739757563,2060.225362062454,13.578153491020203,23.143422484397888,123.09046008853021,30.083281739757563,8839.526671409607,36.22928375005722,32.21035796403885,5,910.9184763431549,323.57182294130325,805074276,4,2,0,3,'测试身份证',201,'QZJ','QZJ_201'
NOW,123.25021716992947,30.733276912423918,2059.3585788607597,13.266383349895477,23.141037106513977,123.25021716992947,30.733276912423918,8837.410801649094,38.43650835752487,32.39854967594147,2,913.5056710243225,324.77462536096573,805074277,2,1,0,5,'测试身份证',201,'QZJ','QZJ_201'
NOW,122.99109596040614,29.72416457328885,2059.686477124691,11.323094308376312,22.373302698135376,122.99109596040614,29.72416457328885,8834.949790000916,38.38439840078354,32.17600589990616,0,914.3076493740082,325.05007284879684,805074281,1,1,1,4,'测试身份证',201,'QZJ','QZJ_201'
NOW,121.28839898589217,33.55083866482092,2060.309661746025,10.66292256116867,22.09921282529831,121.28839898589217,33.55083866482092,8833.693744421005,38.87743401527405,31.556618332862854,1,914.8681085705757,326.81505757570267,805074284,3,4,0,4,'测试身份证',201,'QZJ','QZJ_201'
NOW,121.14033781333386,35.68142918155175,2058.2207168340683,9.69529902935028,22.85107845067978,121.14033781333386,35.68142918155175,8832.447515964508,38.543944239616394,30.579429030418396,1,916.2985916733742,327.73814445734024,805074286,5,2,1,0,'测试身份证',201,'QZJ','QZJ_201'
NOW,122.94161782953597,29.517495658452965,2055.6879876852036,9.058449268341064,23.208645284175873,122.94161782953597,29.517495658452965,8833.196776032448,39.738399624824524,29.653083384037018,4,917.3029891848564,329.55205899477005,805074288,3,5,0,1,'测试身份证',201,'QZJ','QZJ_201'
NOW,122.77491039960063,36.473735209748156,2055.259875833988,10.701513648033142,24.15365433692932,122.77491039960063,36.473735209748156,8830.70772922039,42.523473381996155,29.898897409439087,0,918.7709653973579,332.0793808102608,805074292,4,1,0,1,'测试身份证',201,'QZJ','QZJ_201'
NOW,122.9733305889928,29.645852865201903,2055.7891162633896,11.906572222709656,23.244476974010468,122.9733305889928,29.645852865201903,8830.568414390087,43.41498529911041,29.92165380716324,4,921.3798630833626,332.90333914756775,805074295,4,5,1,3,'测试身份证',201,'QZJ','QZJ_201'
NOW,123.12647719315868,30.190082348158125,2058.0308812856674,10.972642242908478,23.281441926956177,123.12647719315868,30.190082348158125,8830.238683283329,42.663370966911316,28.94980239868164,2,922.4144824147224,334.8009922504425,805074295,0,4,1,2,'测试身份证',201,'QZJ','QZJ_201'
NOW,121.33639549144011,33.5099238096325,2055.280405163765,9.087847769260406,23.510360836982727,121.33639549144011,33.5099238096325,8830.781218886375,45.50822603702545,29.528387010097504,4,924.8331568837166,336.2235403060913,805074296,1,0,1,2,'测试身份证',201,'QZJ','QZJ_201'
NOW,122.78304130106805,31.821451594863742,2058.2267047166824,7.2398651242256165,23.81210881471634,122.78304130106805,31.821451594863742,8829.757829904556,47.0126975774765,30.26759445667267,4,924.9139882922173,339.21728587150574,805074298,1,5,0,3,'测试身份证',201,'QZJ','QZJ_201'
NOW,121.96838762066872,36.17184778035026,2059.3030260801315,6.407146692276001,23.00492089986801,121.96838762066872,36.17184778035026,8828.6423766613,44.35278499126434,30.32010519504547,2,926.076576769352,341.4437494277954,805074298,1,3,0,1,'测试身份证',201,'QZJ','QZJ_201'
NOW,123.11681009581909,30.13738438123986,2059.9165045022964,6.120509207248688,23.999673187732697,123.11681009581909,30.13738438123986,8828.62931072712,41.932748436927795,30.757814347743988,2,929.0073202252388,343.8181080818176,805074301,5,5,1,5,'测试身份证',201,'QZJ','QZJ_201'
NOW,120.84881931912544,35.43223230721466,2057.7492941617966,4.134609758853912,23.661080598831177,120.84881931912544,35.43223230721466,8830.92587339878,43.40056359767914,31.20373123884201,4,930.2851794362068,345.87713384628296,805074305,1,0,1,2,'测试身份证',201,'QZJ','QZJ_201'
NOW,121.43930431037693,33.38312035666913,2055.9488443136215,5.496147453784943,24.44685047864914,121.43930431037693,33.38312035666913,8830.117076158524,41.147740721702576,30.659945607185364,3,933.1819642186165,347.4832305908203,805074308,5,0,0,0,'测试身份证',201,'QZJ','QZJ_201'
NOW,122.31377483722521,28.612363565749103,2055.1905754208565,4.34518700838089,24.296917736530304,122.31377483722521,28.612363565749103,8828.189141511917,44.085336804389954,30.782268822193146,2,934.0241229534149,348.79213190078735,805074309,3,1,0,5,'测试身份证',201,'QZJ','QZJ_201'
NOW,122.61671254467551,29.013735070214867,2054.9731469750404,3.776194989681244,24.589880168437958,122.61671254467551,29.013735070214867,8827.31737101078,46.45390999317169,31.368915796279907,3,934.6549005508423,351.042311668396,805074312,3,4,1,4,'测试身份证',201,'QZJ','QZJ_201'
NOW,120.71129544503503,35.03806971382464,2052.346502840519,6.629426896572113,25.04878604412079,120.71129544503503,35.03806971382464,8826.570756316185,48.11212742328644,31.44611030817032,1,936.5980801582336,351.25370424985886,805074313,4,4,1,4,'测试身份证',201,'QZJ','QZJ_201'
NOW,122.04506234111733,28.236493607770154,2053.51779204607,6.241310358047485,24.763417899608612,122.04506234111733,28.236493607770154,8823.651631474495,49.946271657943726,31.883679687976837,2,937.4267951250076,351.93733352422714,805074316,5,5,1,4,'测试身份证',201,'QZJ','QZJ_201'
NOW,122.33655515644544,28.621774118850713,2056.154116690159,7.9391374588012695,25.295129239559174,122.33655515644544,28.621774118850713,8820.778245091438,50.15738010406494,32.00422662496567,2,939.7299612760544,352.93974155187607,805074319,4,5,0,3,'测试身份证',201,'QZJ','QZJ_201'
NOW,121.21836545465347,35.73062178239118,2056.621894836426,10.114467859268188,26.019274592399597,121.21836545465347,35.73062178239118,8819.858315706253,47.4738450050354,32.23090296983719,0,940.7268643379211,355.8300468325615,805074320,5,3,1,4,'测试身份证',201,'QZJ','QZJ_201'
NOW,123.01557570714782,29.815154379368707,2055.816783308983,8.509371042251587,26.985061287879944,123.01557570714782,29.815154379368707,8820.188452005386,46.10402774810791,32.02006059885025,4,942.4201486110687,358.1943048834801,805074321,5,2,0,4,'测试身份证',201,'QZJ','QZJ_201'
NOW,121.4499774157145,33.372647658918645,2055.360667049885,8.284356951713562,27.288064122200012,121.4499774157145,33.372647658918645,8822.816036462784,45.2499737739563,32.318200170993805,4,943.9955236911774,359.87413853406906,805074324,2,1,1,2,'测试身份证',201,'QZJ','QZJ_201'
NOW,121.12129623237368,35.6658379813036,2052.9533727765083,10.687732338905334,27.393545269966125,121.12129623237368,35.6658379813036,8820.847198724747,46.80485928058624,32.7302405834198,2,945.2750270366669,361.50993090867996,805074325,2,5,0,5,'测试身份证',201,'QZJ','QZJ_201'
NOW,122.90200506600586,31.72713683964465,2055.2400544285774,9.262115359306335,27.5577489733696,122.90200506600586,31.72713683964465,8822.50805568695,47.40199947357178,32.0821498632431,3,946.2472439408302,363.7334812283516,805074327,5,4,1,1,'测试身份证',201,'QZJ','QZJ_201'
NOW,120.69565181784026,34.981172272465884,2054.012154519558,9.846693336963654,28.04818481206894,120.69565181784026,34.981172272465884,8820.976658582687,46.733431339263916,32.76324266195297,2,947.7070117592812,366.3414986729622,805074330,4,0,1,3,'测试身份证',201,'QZJ','QZJ_201'
