NOW,120.38730831210322,30.503773836497825,4083.38671875,48.35608673095703,423.9002380371094,1485082464,1,0,1,5,1,903,'DFDDYSC','DFDDYSC_903'
NOW,119.72104526193739,33.37631197879374,4082.1168282032013,46.713420033454895,421.4598250389099,1485082465,2,1,0,0,1,903,'DFDDYSC','DFDDYSC_903'
NOW,120.67487535959705,30.655681982690375,4080.1495373249054,47.19981360435486,419.1547088623047,1485082469,0,1,0,1,1,903,'DFDDYSC','DFDDYSC_903'
NOW,119.38072416411491,33.46544863811715,4079.369030237198,46.89125710725784,418.8999220728874,1485082471,5,1,0,4,0,903,'DFDDYSC','DFDDYSC_903'
NOW,119.28591150449036,33.492778419729014,4079.2837409973145,44.175791561603546,417.41333478689194,1485082474,4,0,0,4,1,903,'DFDDYSC','DFDDYSC_903'
NOW,117.20955343772846,32.050417606589946,4076.4162423610687,45.3842551112175,415.7370747923851,1485082477,3,0,1,3,0,903,'DFDDYSC','DFDDYSC_903'
NOW,120.77237287341424,31.164071186557738,4079.1690077781677,44.601913034915924,415.6503723859787,1485082478,4,1,0,2,0,903,'DFDDYSC','DFDDYSC_903'
NOW,117.2184187170736,32.11109919672112,4079.7434126734734,46.165296852588654,415.42480450868607,1485082480,3,1,1,0,0,903,'DFDDYSC','DFDDYSC_903'
NOW,120.77013724740976,30.707480461367638,4077.76256865263,45.42551553249359,413.252389729023,1485082484,0,0,0,2,0,903,'DFDDYSC','DFDDYSC_903'
NOW,119.57884747667953,33.41546254187186,4078.4219316244125,47.968260407447815,411.40267020463943,1485082485,5,1,0,4,0,903,'DFDDYSC','DFDDYSC_903'
NOW,117.98555681320494,33.14906760504471,4075.7285698652267,46.90717899799347,408.52792578935623,1485082488,5,1,1,3,0,903,'DFDDYSC','DFDDYSC_903'
NOW,117.3059222749451,31.33613443446043,4078.660433411598,44.521263003349304,405.8133137822151,1485082489,4,1,1,5,0,903,'DFDDYSC','DFDDYSC_903'
NOW,121.40525084815562,31.291649984044636,4081.118236899376,47.466312289237976,404.31188184022903,1485082490,1,1,0,2,0,903,'DFDDYSC','DFDDYSC_903'
NOW,120.18687625786346,32.26565611112872,4083.708306670189,44.988816142082214,404.0354138612747,1485082493,1,1,1,2,0,903,'DFDDYSC','DFDDYSC_903'
NOW,121.43531296974842,31.200538840208065,4081.0236197710037,43.7933452129364,401.40126383304596,1485082495,3,0,1,4,0,903,'DFDDYSC','DFDDYSC_903'
NOW,121.34428273421695,31.66446973799522,4081.3779279589653,44.260687589645386,398.793537735939,1485082495,2,1,1,5,1,903,'DFDDYSC','DFDDYSC_903'
NOW,120.79613613990716,31.144550293664352,4079.4197120070457,43.05061900615692,397.2173869609833,1485082496,0,0,0,1,0,903,'DFDDYSC','DFDDYSC_903'
NOW,118.75276767055439,30.56133740185358,4082.0077189803123,42.21302628517151,395.6235616207123,1485082500,1,1,1,2,1,903,'DFDDYSC','DFDDYSC_903'
NOW,120.53953394226764,30.599861083419967,4080.3754791617393,41.79576879739761,394.2305223941803,1485082503,2,0,0,0,0,903,'DFDDYSC','DFDDYSC_903'
NOW,119.03378135123641,30.38996352845921,4077.9031931757927,39.68397670984268,391.6036493778229,1485082507,1,1,0,4,0,903,'DFDDYSC','DFDDYSC_903'
NOW,119.83452304378623,30.291607570606683,4076.4755970835686,39.595624923706055,390.87538063526154,1485082508,0,1,1,0,0,903,'DFDDYSC','DFDDYSC_903'
NOW,120.67788409634356,31.335751808898053,4077.3715375065804,38.37511503696442,388.1888290643692,1485082512,3,0,1,5,0,903,'DFDDYSC','DFDDYSC_903'
NOW,117.38925519525604,32.72337971013641,4076.3179658055305,41.215574622154236,385.71886026859283,1485082513,4,1,0,5,0,903,'DFDDYSC','DFDDYSC_903'
NOW,120.10574021648443,32.106163011058136,4074.3529928326607,43.3427232503891,383.8551119565964,1485082515,2,1,0,5,0,903,'DFDDYSC','DFDDYSC_903'
NOW,118.73419858850767,30.580908970650338,4071.4441509842873,45.306867361068726,381.38330495357513,1485082519,3,0,1,4,0,903,'DFDDYSC','DFDDYSC_903'
NOW,119.46059766222832,30.263324156215983,4072.932260930538,45.97912818193436,379.94172990322113,1485082519,3,0,0,5,0,903,'DFDDYSC','DFDDYSC_903'
NOW,120.45576123062565,30.55039264010525,4074.03575104475,45.94964015483856,378.10697543621063,1485082523,5,0,1,3,0,903,'DFDDYSC','DFDDYSC_903'
NOW,118.41526680107731,33.30604880257898,4072.553566992283,44.36264884471893,376.8261419534683,1485082527,3,1,1,1,1,903,'DFDDYSC','DFDDYSC_903'
NOW,118.75346774236789,30.568156815397767,4071.248292505741,41.44887888431549,375.5881448984146,1485082529,0,0,0,3,0,903,'DFDDYSC','DFDDYSC_903'
NOW,120.13280270958933,32.17186037049542,4069.2136214375496,39.41198265552521,374.86434453725815,1485082530,0,0,1,3,1,903,'DFDDYSC','DFDDYSC_903'
NOW,119.09098596192102,30.362496828454724,4067.339892208576,38.61284154653549,372.7281941771507,1485082531,0,1,0,3,1,903,'DFDDYSC','DFDDYSC_903'
NOW,117.25040221914843,31.499915982888847,4065.4618886113167,37.87568074464798,371.26150077581406,1485082533,1,0,1,3,0,903,'DFDDYSC','DFDDYSC_903'
NOW,117.43436421136755,32.91598681769866,4064.9739023447037,40.867018043994904,368.52719658613205,1485082533,4,0,1,2,1,903,'DFDDYSC','DFDDYSC_903'
NOW,119.50742625845565,33.43261725686583,4062.5161467790604,40.49911391735077,365.8629187941551,1485082535,0,1,1,1,0,903,'DFDDYSC','DFDDYSC_903'
NOW,120.57957301851201,32.08840596178108,4060.3569153547287,41.21691972017288,363.8680937886238,1485082537,4,0,0,4,1,903,'DFDDYSC','DFDDYSC_903'
NOW,120.11741356774002,32.122341740436084,4060.4301308989525,38.40992313623428,362.70552879571915,1485082540,3,1,1,5,1,903,'DFDDYSC','DFDDYSC_903'
NOW,118.70614494047418,30.58120858758419,4058.8448377251625,35.9421723484993,361.400516808033,1485082540,0,1,0,0,0,903,'DFDDYSC','DFDDYSC_903'
NOW,118.93735734126747,33.4864359324735,4056.7255793213844,34.61594754457474,360.823106944561,1485082544,1,0,1,5,0,903,'DFDDYSC','DFDDYSC_903'
NOW,120.02621378492525,33.30023065068967,4056.094129025936,31.8239763379097,359.9631499648094,1485082547,5,1,0,0,1,903,'DFDDYSC','DFDDYSC_903'
NOW,118.75398973117227,33.42732059785061,4056.548930466175,31.7469881772995,357.96478790044785,1485082551,1,0,1,4,0,903,'DFDDYSC','DFDDYSC_903'
NOW,120.18705979372616,30.396745267573625,4054.0932663083076,30.23834979534149,357.76636666059494,1485082552,2,0,1,0,0,903,'DFDDYSC','DFDDYSC_903'
NOW,117.41149953843544,31.016641217734502,4054.790375292301,27.654516100883484,357.2886986732483,1485082553,1,1,1,0,0,903,'DFDDYSC','DFDDYSC_903'
NOW,120.50708452776581,32.12115788585654,4057.4843075871468,27.53909295797348,356.50309109687805,1485082554,5,0,1,4,0,903,'DFDDYSC','DFDDYSC_903'
NOW,118.60872287212928,30.63335826531727,4057.071667432785,28.05641543865204,355.7756364941597,1485082557,0,0,0,3,1,903,'DFDDYSC','DFDDYSC_903'
NOW,119.150607698467,33.51966260741268,4055.3501044511795,25.087189078330994,355.53390938043594,1485082561,2,1,1,1,1,903,'DFDDYSC','DFDDYSC_903'
NOW,119.60324291987507,30.27708434813187,4056.2534340023994,25.428103387355804,353.03714591264725,1485082561,0,0,0,1,0,903,'DFDDYSC','DFDDYSC_903'
NOW,117.19662069784978,32.05738899884488,4057.265625536442,24.97869122028351,352.8199728131294,1485082564,3,1,0,5,1,903,'DFDDYSC','DFDDYSC_903'
NOW,120.809050598931,31.08787987748606,4057.3787056803703,23.96486520767212,350.28915721178055,1485082565,4,1,1,2,1,903,'DFDDYSC','DFDDYSC_903'
NOW,120.4599893012912,30.54058014773396,4054.681853711605,22.925585746765137,348.52002626657486,1485082569,2,1,1,4,1,903,'DFDDYSC','DFDDYSC_903'
NOW,118.67340695772575,33.40064871698886,4051.7984563708305,21.899553060531616,346.05739265680313,1485082569,1,1,1,5,0,903,'DFDDYSC','DFDDYSC_903'
NOW,120.46437249719835,31.531209889909615,4051.434446811676,21.996760070323944,343.2558372616768,1485082571,5,1,0,2,0,903,'DFDDYSC','DFDDYSC_903'
NOW,119.99106245692226,33.30230159036093,4052.892139196396,20.453941643238068,340.3130319714546,1485082573,3,1,0,3,1,903,'DFDDYSC','DFDDYSC_903'
NOW,119.955926559641,31.858517677195586,4053.6313397288322,22.022206842899323,338.5972575545311,1485082575,2,1,0,5,1,903,'DFDDYSC','DFDDYSC_903'
NOW,117.48646048826976,30.799093795110256,4051.487365424633,24.96261364221573,338.18780958652496,1485082577,5,0,1,0,1,903,'DFDDYSC','DFDDYSC_903'
NOW,119.75422355685781,33.3578250076833,4049.463704288006,24.335204362869263,336.921369433403,1485082579,4,0,0,2,0,903,'DFDDYSC','DFDDYSC_903'
NOW,117.29695644715734,31.35562169282086,4052.1223708987236,22.722679138183594,334.8590964078903,1485082579,0,1,0,0,1,903,'DFDDYSC','DFDDYSC_903'
NOW,117.2098119532179,32.08437925588486,4049.5397970080376,21.314700841903687,332.90485644340515,1485082579,5,0,1,0,0,903,'DFDDYSC','DFDDYSC_903'
NOW,120.0103823821144,33.30466956635203,4046.9501673579216,24.000048875808716,330.60316014289856,1485082581,3,0,1,1,1,903,'DFDDYSC','DFDDYSC_903'
NOW,117.7676164325045,33.079554058245456,4044.7174021601677,22.48769521713257,329.5065448284149,1485082583,5,1,0,5,0,903,'DFDDYSC','DFDDYSC_903'
NOW,120.81003178080248,30.862331545398074,4042.6246821284294,20.61723804473877,328.46979570388794,1485082585,2,1,0,2,1,903,'DFDDYSC','DFDDYSC_903'
NOW,117.55585662322147,30.703182573959964,4042.3119317293167,19.915396749973297,327.8798729777336,1485082585,1,0,1,4,1,903,'DFDDYSC','DFDDYSC_903'
NOW,120.52741892323736,32.11849623093966,4042.691869676113,18.030082046985626,325.15979140996933,1485082588,5,1,0,5,1,903,'DFDDYSC','DFDDYSC_903'
NOW,121.34047213192572,31.59563110432004,4041.4101302027702,16.342219173908234,323.87373942136765,1485082588,1,1,1,1,1,903,'DFDDYSC','DFDDYSC_903'
NOW,120.68463704197809,31.35797718752079,4039.1108645796776,15.38477247953415,321.94300550222397,1485082592,5,1,1,5,1,903,'DFDDYSC','DFDDYSC_903'
NOW,121.2726344773142,31.7808473316432,4038.2476197481155,15.861559271812439,321.47155290842056,1485082593,1,0,0,5,0,903,'DFDDYSC','DFDDYSC_903'
NOW,119.01976753945225,33.524314779269176,4038.39105373621,15.464510083198547,319.4364307522774,1485082593,2,0,1,3,0,903,'DFDDYSC','DFDDYSC_903'
NOW,120.65825218201783,31.36868483401374,4040.410939991474,14.683704912662506,316.7994096875191,1485082596,4,1,1,2,0,903,'DFDDYSC','DFDDYSC_903'
NOW,120.26508464805367,30.446703711607693,4042.449703514576,13.26911050081253,313.87847596406937,1485082598,1,1,0,3,0,903,'DFDDYSC','DFDDYSC_903'
NOW,120.0790655278698,32.0667940017791,4045.1885645985603,14.750294029712677,313.53967130184174,1485082600,0,0,1,2,0,903,'DFDDYSC','DFDDYSC_903'
NOW,120.29701999640724,31.605196924105183,4043.3716796040535,13.68669980764389,312.1344087123871,1485082603,1,0,1,5,0,903,'DFDDYSC','DFDDYSC_903'
NOW,121.38306941983707,31.38186297815686,4043.2507269978523,16.14490431547165,310.1400035619736,1485082607,4,1,0,2,0,903,'DFDDYSC','DFDDYSC_903'
NOW,121.42120516269057,31.267040703975994,4045.2088057398796,17.128675639629364,307.25896894931793,1485082609,4,1,0,4,1,903,'DFDDYSC','DFDDYSC_903'
NOW,119.50600086170529,30.272867794653028,4045.151242852211,18.731083571910858,306.2835239171982,1485082609,5,1,0,1,1,903,'DFDDYSC','DFDDYSC_903'
NOW,119.65151882478396,30.28634932782867,4043.4714229106903,16.047649562358856,304.52621138095856,1485082612,5,1,1,0,1,903,'DFDDYSC','DFDDYSC_903'
NOW,121.36352527907148,31.566594530009244,4041.7761178016663,14.746231257915497,302.551003575325,1485082614,0,1,0,0,0,903,'DFDDYSC','DFDDYSC_903'
NOW,121.40101331306445,31.36800208984272,4043.5489060878754,14.981110155582428,299.7384637594223,1485082615,1,1,0,4,0,903,'DFDDYSC','DFDDYSC_903'
NOW,117.36991596475232,32.709744043150806,4041.546738386154,17.803397238254547,296.8002151250839,1485082615,5,0,1,0,1,903,'DFDDYSC','DFDDYSC_903'
NOW,120.54538949696824,30.60060775380489,4044.3047425746918,18.377719342708588,296.0270807147026,1485082615,2,0,1,2,1,903,'DFDDYSC','DFDDYSC_903'
NOW,119.95556967617372,31.862863886442543,4043.5068694353104,18.34635680913925,293.8732833266258,1485082616,2,1,1,1,0,903,'DFDDYSC','DFDDYSC_903'
NOW,117.70034708063778,33.06639846025408,4042.154674887657,17.363819658756256,293.2181932926178,1485082617,5,0,0,4,0,903,'DFDDYSC','DFDDYSC_903'
NOW,119.7496972324152,30.294791965640737,4039.3913258314133,17.351254403591156,290.268673658371,1485082618,3,1,1,5,1,903,'DFDDYSC','DFDDYSC_903'
NOW,118.41648894690861,33.31319509965382,4038.0077117681503,19.396551549434662,288.7491054534912,1485082618,5,1,0,5,1,903,'DFDDYSC','DFDDYSC_903'
NOW,119.93788775811454,30.31108438657141,4039.5361614227295,18.760274708271027,288.3291891813278,1485082620,0,0,1,0,1,903,'DFDDYSC','DFDDYSC_903'
NOW,117.5278677330162,33.000483002687176,4042.3694863319397,16.142337381839752,286.0465968847275,1485082620,2,0,0,4,1,903,'DFDDYSC','DFDDYSC_903'
NOW,120.05237754119076,32.04503802212442,4041.010738968849,16.724505126476288,283.0772029161453,1485082620,4,0,1,2,0,903,'DFDDYSC','DFDDYSC_903'
NOW,120.49980570949764,31.511433762436358,4042.4363416433334,19.09056967496872,281.19690001010895,1485082621,5,0,1,0,1,903,'DFDDYSC','DFDDYSC_903'
NOW,118.46423266868126,33.31472124253411,4045.179950594902,19.145790994167328,279.6415637731552,1485082623,5,0,0,0,1,903,'DFDDYSC','DFDDYSC_903'
NOW,120.31531536452944,30.473858540838155,4042.42487680912,18.5383141040802,277.7658302783966,1485082626,3,1,1,3,1,903,'DFDDYSC','DFDDYSC_903'
NOW,120.02731710767688,31.99451357515715,4039.6530121564865,16.190689086914062,276.495543718338,1485082628,4,0,0,0,1,903,'DFDDYSC','DFDDYSC_903'
NOW,118.86126740227955,30.505966663161974,4038.3839457035065,15.95115065574646,273.51920342445374,1485082629,2,1,1,4,0,903,'DFDDYSC','DFDDYSC_903'
NOW,118.36599291491133,33.280919774775846,4036.816708087921,17.89018750190735,273.0189381837845,1485082632,0,0,0,4,1,903,'DFDDYSC','DFDDYSC_903'
NOW,120.0453730836614,32.01470615263176,4036.5666321516037,20.37609028816223,270.7477856874466,1485082632,3,0,0,3,0,903,'DFDDYSC','DFDDYSC_903'
NOW,121.3634246478485,31.5421374476027,4035.0085065364838,17.79526138305664,269.6827573776245,1485082635,3,1,1,5,1,903,'DFDDYSC','DFDDYSC_903'
NOW,119.01073531919687,30.400283022564704,4033.188376426697,15.321491003036499,268.75348567962646,1485082639,5,0,0,0,0,903,'DFDDYSC','DFDDYSC_903'
NOW,117.53192570254701,30.694204605836042,4033.263129234314,17.20121705532074,267.43587946891785,1485082643,5,0,1,5,1,903,'DFDDYSC','DFDDYSC_903'
NOW,120.6582469840695,30.643748666711105,4035.826885700226,17.027046024799347,265.04880690574646,1485082647,3,1,1,3,0,903,'DFDDYSC','DFDDYSC_903'
NOW,117.20892764496612,31.63297812252742,4037.309638977051,16.61935919523239,265.04364025592804,1485082649,5,0,1,0,1,903,'DFDDYSC','DFDDYSC_903'
NOW,119.29163670420215,33.489437235311215,4035.779414176941,15.28402990102768,262.99953639507294,1485082649,2,1,1,5,1,903,'DFDDYSC','DFDDYSC_903'
NOW,120.68916331245975,32.03523699760849,4034.743458509445,14.789862215518951,261.64982986450195,1485082650,5,0,0,2,0,903,'DFDDYSC','DFDDYSC_903'
NOW,120.3184638149622,30.46495067151853,4036.026746034622,12.763331234455109,259.6946700811386,1485082651,3,0,0,3,1,903,'DFDDYSC','DFDDYSC_903'
NOW,120.72353070117059,31.241298080446327,4038.873283624649,14.967605412006378,259.62246948480606,1485082653,0,1,0,3,0,903,'DFDDYSC','DFDDYSC_903'
NOW,120.11814211950465,33.26776648167489,4039.8302140831947,14.002277314662933,258.65643668174744,1485082656,2,0,0,4,0,903,'DFDDYSC','DFDDYSC_903'
NOW,117.7406728369709,30.745265808210018,4039.1582329273224,12.413354814052582,256.22820711135864,1485082659,1,1,1,2,1,903,'DFDDYSC','DFDDYSC_903'
NOW,118.15677745453264,30.787398944345608,4039.44877409935,11.584830284118652,253.90338373184204,1485082661,5,1,0,1,0,903,'DFDDYSC','DFDDYSC_903'
NOW,120.5396753846769,30.589452435659226,4039.1028304696083,10.52375864982605,251.10827469825745,1485082665,0,1,0,5,0,903,'DFDDYSC','DFDDYSC_903'
NOW,120.18828948018135,31.674236742164354,4039.4698415994644,13.011138677597046,250.96626371145248,1485082669,5,1,0,4,0,903,'DFDDYSC','DFDDYSC_903'
NOW,117.89410446700236,33.11761008511533,4039.9595180153847,15.20220398902893,249.06105417013168,1485082670,5,1,0,2,1,903,'DFDDYSC','DFDDYSC_903'
NOW,119.25135642952195,33.503545384055656,4039.8405645489693,13.508516073226929,248.5033540725708,1485082670,4,1,0,4,1,903,'DFDDYSC','DFDDYSC_903'
NOW,120.41530011691961,32.1643356282569,4038.660519897938,16.203078031539917,246.04099941253662,1485082673,0,0,1,5,1,903,'DFDDYSC','DFDDYSC_903'
NOW,119.42355402642649,33.4517044813701,4036.2592917084694,18.507715463638306,245.82460021972656,1485082677,2,0,1,3,1,903,'DFDDYSC','DFDDYSC_903'
NOW,120.48602835188257,32.14555306882254,4034.888190805912,19.12538117170334,244.7989616394043,1485082681,5,1,0,0,1,903,'DFDDYSC','DFDDYSC_903'
NOW,120.57940329598277,30.608174295119003,4036.741084754467,18.003625810146332,243.76896369457245,1485082685,0,0,0,0,0,903,'DFDDYSC','DFDDYSC_903'
NOW,120.55411330697636,32.10798513436028,4038.8478485941887,17.789430856704712,243.24239099025726,1485082688,2,1,1,1,1,903,'DFDDYSC','DFDDYSC_903'
NOW,117.42562877764108,32.84219617339321,4038.7561982274055,15.60904598236084,241.8927322626114,1485082688,3,0,0,0,0,903,'DFDDYSC','DFDDYSC_903'
NOW,117.18052815586876,31.936726461495773,4036.064569056034,16.86649990081787,239.95310986042023,1485082692,1,1,0,3,0,903,'DFDDYSC','DFDDYSC_903'
NOW,120.03243284157087,30.345356687036926,4035.9604904055595,15.532301664352417,239.3435982465744,1485082693,0,0,0,3,0,903,'DFDDYSC','DFDDYSC_903'
NOW,120.12902660822266,33.27148496041643,4036.474014699459,15.186833143234253,237.81096994876862,1485082697,4,1,1,3,1,903,'DFDDYSC','DFDDYSC_903'
NOW,119.5926164306363,30.273152354558587,4034.7433242201805,17.960768461227417,236.96111023426056,1485082700,5,0,1,4,0,903,'DFDDYSC','DFDDYSC_903'
NOW,117.28238746532477,31.382394384385066,4036.4868411421776,20.30415940284729,234.3982149362564,1485082704,1,1,0,3,1,903,'DFDDYSC','DFDDYSC_903'
NOW,118.85453702973555,30.491946084944242,4034.213514983654,17.771300554275513,233.22484457492828,1485082708,4,0,0,1,0,903,'DFDDYSC','DFDDYSC_903'
NOW,119.42270768781525,33.458401079855435,4036.411997258663,17.611789047718048,231.89655137062073,1485082709,4,0,0,2,1,903,'DFDDYSC','DFDDYSC_903'
NOW,117.98322234007266,33.160967185966584,4036.785072147846,17.76839107275009,229.56866669654846,1485082711,1,0,1,4,0,903,'DFDDYSC','DFDDYSC_903'
NOW,119.85532723222298,33.33941079139082,4035.0155854821205,20.671636521816254,226.59902667999268,1485082712,4,0,0,5,1,903,'DFDDYSC','DFDDYSC_903'
NOW,120.81576181292833,31.986445641842764,4036.452498137951,21.857179820537567,225.00828528404236,1485082713,1,1,0,2,1,903,'DFDDYSC','DFDDYSC_903'
NOW,121.38561953934392,31.45048878236055,4036.8190881609917,23.848534762859344,222.81212306022644,1485082713,5,0,1,2,1,903,'DFDDYSC','DFDDYSC_903'
NOW,119.91608080931582,33.33030788296508,4033.9158298373222,24.21538084745407,221.279181599617,1485082716,2,0,1,3,0,903,'DFDDYSC','DFDDYSC_903'
NOW,118.50567352860118,33.33442866609881,4032.8786621689796,25.80519872903824,221.2672564983368,1485082718,3,1,0,4,1,903,'DFDDYSC','DFDDYSC_903'
NOW,117.45304191713079,30.942512898962704,4029.963247358799,24.422156870365143,219.4786455631256,1485082718,1,1,0,0,1,903,'DFDDYSC','DFDDYSC_903'
NOW,117.37862382113059,31.119807968439215,4027.1146741509438,21.905920803546906,218.99276411533356,1485082718,4,1,0,0,1,903,'DFDDYSC','DFDDYSC_903'
NOW,117.37156341977644,32.70641222624159,4027.8491101861,23.919833481311798,216.53232491016388,1485082721,2,1,1,2,1,903,'DFDDYSC','DFDDYSC_903'
NOW,118.55649386493751,33.34909894700092,4026.504346907139,23.313856661319733,216.14103227853775,1485082725,2,0,0,5,0,903,'DFDDYSC','DFDDYSC_903'
NOW,117.18037941605081,31.99397732793972,4028.878208935261,26.020170509815216,213.89890533685684,1485082725,1,0,1,5,0,903,'DFDDYSC','DFDDYSC_903'
NOW,120.25126383730714,30.423707798323818,4030.2467690110207,26.605537593364716,211.90931457281113,1485082725,0,1,0,3,1,903,'DFDDYSC','DFDDYSC_903'
NOW,117.71821733647059,30.741553604725407,4029.164058148861,28.807601869106293,210.25875467061996,1485082728,5,0,1,5,0,903,'DFDDYSC','DFDDYSC_903'
NOW,118.00098858160769,33.16619962364424,4027.01119273901,30.455372989177704,207.88011354207993,1485082729,0,0,1,1,1,903,'DFDDYSC','DFDDYSC_903'
NOW,119.07476864276332,30.373874657434538,4028.664486348629,28.91382759809494,204.94584172964096,1485082729,3,1,0,3,1,903,'DFDDYSC','DFDDYSC_903'
NOW,117.16299231726138,31.867102376019506,4031.4123653769493,29.40311312675476,202.08613723516464,1485082729,2,0,1,4,1,903,'DFDDYSC','DFDDYSC_903'
NOW,120.63328759735458,31.445354920431434,4029.824861705303,29.377846717834473,199.27657288312912,1485082733,5,1,1,2,1,903,'DFDDYSC','DFDDYSC_903'
NOW,118.42386503529903,33.316147171587446,4027.083015859127,32.29335641860962,198.4734347462654,1485082737,0,0,1,4,1,903,'DFDDYSC','DFDDYSC_903'
NOW,117.28737336335196,31.377915003692458,4026.4838311076164,33.730586528778076,197.17889720201492,1485082739,5,0,0,5,1,903,'DFDDYSC','DFDDYSC_903'
NOW,117.38544169018901,32.7578867858639,4027.3272057771683,35.212361335754395,197.05814111232758,1485082741,3,0,1,0,0,903,'DFDDYSC','DFDDYSC_903'
NOW,118.69086528832403,33.39934255447259,4028.1285863518715,36.95008730888367,194.2072080373764,1485082742,0,0,0,3,0,903,'DFDDYSC','DFDDYSC_903'
NOW,120.37332434984887,30.50084124903395,4027.6529668569565,38.813464641571045,191.67308843135834,1485082745,4,1,1,3,0,903,'DFDDYSC','DFDDYSC_903'
NOW,118.17746541584428,33.230282149586195,4024.9906879663467,37.270832538604736,189.21710979938507,1485082748,4,1,0,0,1,903,'DFDDYSC','DFDDYSC_903'
NOW,118.4774099127266,33.31991365977667,4026.988297343254,37.950812220573425,187.42069101333618,1485082750,5,1,0,5,0,903,'DFDDYSC','DFDDYSC_903'
NOW,119.96534762391705,31.79002106174889,4026.767182826996,36.49955093860626,185.0299038887024,1485082753,0,1,1,1,1,903,'DFDDYSC','DFDDYSC_903'
NOW,118.63573088838935,30.635129285403632,4024.7930094003677,38.09945523738861,182.3631148338318,1485082757,3,1,0,3,0,903,'DFDDYSC','DFDDYSC_903'
NOW,119.84092123728439,33.34066764412782,4026.1225811243057,40.590046525001526,180.3804976940155,1485082760,0,0,0,1,0,903,'DFDDYSC','DFDDYSC_903'
NOW,118.51194332606752,30.66562401843313,4026.1146823763847,39.061431527137756,180.19790649414062,1485082763,4,1,0,4,1,903,'DFDDYSC','DFDDYSC_903'
NOW,119.49568959261205,33.427296955482795,4026.058352947235,41.64129650592804,177.56797313690186,1485082763,2,1,1,0,1,903,'DFDDYSC','DFDDYSC_903'
NOW,119.60154865692857,33.40571862207738,4023.8243000507355,39.80681395530701,175.60556864738464,1485082763,5,0,1,2,0,903,'DFDDYSC','DFDDYSC_903'
NOW,120.55005563360511,30.605704373461588,4021.0226311683655,38.8209490776062,172.78772902488708,1485082764,2,1,0,4,1,903,'DFDDYSC','DFDDYSC_903'
NOW,119.66517835204911,33.38813506387059,4021.57864934206,41.68498420715332,171.86495739221573,1485082767,2,0,1,3,1,903,'DFDDYSC','DFDDYSC_903'
NOW,117.96572815773072,33.14511332224668,4021.2936673164368,40.996308624744415,170.33726412057877,1485082771,1,0,0,3,0,903,'DFDDYSC','DFDDYSC_903'
NOW,118.7824982648751,33.4362640451939,4018.8302018642426,43.783659279346466,169.92672342061996,1485082771,3,0,1,0,1,903,'DFDDYSC','DFDDYSC_903'
NOW,117.57521803565264,33.018814891102274,4017.1097712516785,46.28854137659073,169.87576967477798,1485082772,4,0,1,3,1,903,'DFDDYSC','DFDDYSC_903'
NOW,120.96832989412546,31.919335651147108,4019.7015085220337,45.48145949840546,168.5216024518013,1485082773,5,0,0,0,1,903,'DFDDYSC','DFDDYSC_903'
NOW,120.66654808995351,31.37843393758427,4019.3038315176964,44.67989635467529,166.03037863969803,1485082774,2,0,1,0,0,903,'DFDDYSC','DFDDYSC_903'
NOW,120.46321176632883,31.523712107641998,4017.4440144896507,43.15371906757355,163.56182223558426,1485082775,2,0,0,5,0,903,'DFDDYSC','DFDDYSC_903'
NOW,120.06912843699926,31.730866762626846,4015.163352906704,42.261344730854034,162.47577792406082,1485082775,5,0,1,3,0,903,'DFDDYSC','DFDDYSC_903'
NOW,119.94433095817797,31.85641943195034,4013.3065842986107,41.68128252029419,160.13096767663956,1485082776,4,1,0,5,1,903,'DFDDYSC','DFDDYSC_903'
NOW,118.96072874901618,30.43703230062423,4010.646817147732,44.40494918823242,157.34059077501297,1485082779,3,1,1,0,1,903,'DFDDYSC','DFDDYSC_903'
NOW,118.92906360905891,30.445980694563517,4009.910010755062,45.1566076874733,157.016647875309,1485082782,0,0,0,4,0,903,'DFDDYSC','DFDDYSC_903'
NOW,117.26974265805212,32.29193866656389,4007.601401746273,46.00545084476471,154.99619299173355,1485082782,3,0,0,0,1,903,'DFDDYSC','DFDDYSC_903'
NOW,119.43369929369605,33.44611195656854,4007.638777434826,45.8929141163826,152.93942600488663,1485082784,0,1,1,5,0,903,'DFDDYSC','DFDDYSC_903'
NOW,120.67231572319565,31.353411656423834,4007.5851423740387,43.00177127122879,152.62400877475739,1485082787,0,0,1,1,0,903,'DFDDYSC','DFDDYSC_903'
NOW,117.30988631494746,31.334559442417184,4007.444064974785,45.62405067682266,150.02547538280487,1485082788,5,0,0,3,0,903,'DFDDYSC','DFDDYSC_903'
NOW,117.87702426383646,33.1187989780807,4005.471692919731,42.73665863275528,147.51936280727386,1485082788,5,1,0,0,1,903,'DFDDYSC','DFDDYSC_903'
NOW,117.35796529891239,32.65656267412066,4008.074929356575,44.339066326618195,147.50105834007263,1485082791,1,0,1,3,1,903,'DFDDYSC','DFDDYSC_903'
NOW,120.8255586037395,30.913879594978855,4008.47015696764,45.51860922574997,145.78638625144958,1485082793,4,0,0,1,0,903,'DFDDYSC','DFDDYSC_903'
NOW,119.72831499174087,30.289194801186454,4005.780297100544,47.36026185750961,145.48278719186783,1485082793,2,0,1,5,1,903,'DFDDYSC','DFDDYSC_903'
NOW,117.30261183912049,32.40613118272871,4003.509371340275,45.852610766887665,143.14258819818497,1485082795,4,0,1,5,0,903,'DFDDYSC','DFDDYSC_903'
NOW,119.66246015697584,33.39580056796175,4002.653858244419,45.18314480781555,140.4590159058571,1485082798,2,0,0,0,1,903,'DFDDYSC','DFDDYSC_903'
NOW,120.03501758785805,30.34528762548053,4000.9039461016655,42.2065327167511,138.3361001610756,1485082799,3,1,0,2,1,903,'DFDDYSC','DFDDYSC_903'
NOW,120.53876842956466,32.115350336712886,4001.308388352394,41.74920517206192,135.5818195939064,1485082800,2,1,0,2,0,903,'DFDDYSC','DFDDYSC_903'
NOW,120.74399518047846,31.207181983183922,3999.4136019945145,39.83075958490372,133.3982349038124,1485082803,4,1,0,0,1,903,'DFDDYSC','DFDDYSC_903'
NOW,121.43019535327738,31.131593854904416,3997.5364894866943,41.29943686723709,131.4124600291252,1485082803,3,1,0,2,0,903,'DFDDYSC','DFDDYSC_903'
NOW,120.44470677264147,32.15145121317487,3996.5627794861794,38.663054287433624,131.00607961416245,1485082805,0,1,0,5,1,903,'DFDDYSC','DFDDYSC_903'
NOW,119.55490953726182,30.267378395471155,3994.6109856963158,38.22069704532623,128.21874064207077,1485082807,3,0,0,5,1,903,'DFDDYSC','DFDDYSC_903'
NOW,119.41497788760151,30.25410768597678,3995.208662509918,37.66928905248642,126.66849321126938,1485082811,4,0,1,3,1,903,'DFDDYSC','DFDDYSC_903'
NOW,117.22187108518649,32.13783442951281,3996.318936109543,39.9997438788414,126.6273021697998,1485082812,1,0,0,2,0,903,'DFDDYSC','DFDDYSC_903'
NOW,120.50570076533077,32.1195891580569,3995.4373682141304,38.133730828762054,125.36625456809998,1485082814,2,1,0,4,1,903,'DFDDYSC','DFDDYSC_903'
NOW,120.19459158909031,31.67002167616439,3992.862079679966,40.66964668035507,123.30610418319702,1485082817,0,1,0,4,1,903,'DFDDYSC','DFDDYSC_903'
NOW,117.16863197683439,31.721468831094963,3992.1161725521088,40.83977383375168,120.50970935821533,1485082821,4,1,0,1,0,903,'DFDDYSC','DFDDYSC_903'
NOW,118.46833132217205,33.31683765654199,3989.8743114471436,38.34001725912094,120.4383355975151,1485082821,3,0,1,1,1,903,'DFDDYSC','DFDDYSC_903'
NOW,117.30816199201163,31.306441132072983,3992.772578716278,36.48277920484543,119.89956760406494,1485082823,2,1,1,5,1,903,'DFDDYSC','DFDDYSC_903'
NOW,120.90521726226666,31.93666162654954,3994.8612401485443,34.85150867700577,119.88963359594345,1485082825,3,0,1,2,1,903,'DFDDYSC','DFDDYSC_903'
NOW,119.32922675100917,33.48110818059684,3994.6358519792557,32.998251378536224,118.53236466646194,1485082826,5,0,1,3,1,903,'DFDDYSC','DFDDYSC_903'
NOW,119.288253891464,30.246487811397994,3992.7552679777145,32.32265442609787,118.01920104026794,1485082827,1,0,0,1,0,903,'DFDDYSC','DFDDYSC_903'
NOW,118.94418016519673,30.441455003907844,3991.4565159082413,30.921688497066498,117.94533121585846,1485082827,5,1,0,0,0,903,'DFDDYSC','DFDDYSC_903'
NOW,118.81068192194243,33.44834201017406,3993.9012554883957,28.707808196544647,117.27567106485367,1485082829,1,0,1,3,0,903,'DFDDYSC','DFDDYSC_903'
NOW,120.54583034428106,30.588700150724367,3996.0745638608932,28.228530704975128,116.5612171292305,1485082833,3,0,0,3,0,903,'DFDDYSC','DFDDYSC_903'
NOW,119.1258250781268,33.54311273697449,3998.5872806310654,30.161166727542877,115.81686514616013,1485082837,5,0,0,2,0,903,'DFDDYSC','DFDDYSC_903'
NOW,120.56691731347513,31.475365937315242,4000.562156558037,29.249102473258972,113.25071638822556,1485082838,5,1,1,2,1,903,'DFDDYSC','DFDDYSC_903'
NOW,120.70290601174872,31.300196588667884,3998.5681051015854,31.129612803459167,110.38106364011765,1485082839,3,0,1,1,1,903,'DFDDYSC','DFDDYSC_903'
NOW,120.20674989631682,30.416067043443277,4000.403738617897,32.7594598531723,107.6267973780632,1485082839,0,1,1,4,1,903,'DFDDYSC','DFDDYSC_903'
NOW,118.56636321414531,30.659604208808865,3997.8859931230545,31.204192996025085,105.9387475848198,1485082841,1,0,1,3,0,903,'DFDDYSC','DFDDYSC_903'
NOW,121.35962225333421,31.535518141950856,3996.470403313637,31.311869025230408,104.18155640363693,1485082842,0,1,1,4,1,903,'DFDDYSC','DFDDYSC_903'
NOW,118.17289187439259,30.787276744185323,3996.0275663137436,30.871213555336,103.59543114900589,1485082844,0,1,0,5,1,903,'DFDDYSC','DFDDYSC_903'
NOW,117.18670224142834,31.68476392188285,3995.811822295189,28.082067608833313,102.3094089627266,1485082846,2,1,0,0,1,903,'DFDDYSC','DFDDYSC_903'
NOW,119.40089549872894,33.4565333810331,3994.032353758812,26.16879689693451,99.3360453248024,1485082849,5,1,0,5,0,903,'DFDDYSC','DFDDYSC_903'
NOW,117.85715947620895,30.77116146830378,3994.490035712719,25.687856793403625,98.28795057535172,1485082850,0,1,0,1,1,903,'DFDDYSC','DFDDYSC_903'
NOW,120.67819857854383,31.36835000262263,3995.9845401644707,25.2635635137558,97.76519572734833,1485082854,3,0,0,5,1,903,'DFDDYSC','DFDDYSC_903'
NOW,117.49939347152886,30.810683337489397,3994.733287870884,22.748165249824524,96.22171711921692,1485082855,0,1,0,5,1,903,'DFDDYSC','DFDDYSC_903'
NOW,119.38680536848231,33.469537119210315,3992.1888318657875,22.509989738464355,93.3041341304779,1485082858,5,0,1,4,1,903,'DFDDYSC','DFDDYSC_903'
NOW,119.34019366573048,33.472889865383934,3989.887697517872,19.740170001983643,92.55340617895126,1485082862,0,1,0,1,0,903,'DFDDYSC','DFDDYSC_903'
NOW,120.38147184148035,32.183931324297966,3991.370209991932,22.248083114624023,91.33622473478317,1485082863,3,1,0,4,0,903,'DFDDYSC','DFDDYSC_903'
NOW,118.27916429925146,30.74665609778001,3989.2754095196724,22.705688893795013,90.78805094957352,1485082863,3,1,0,5,0,903,'DFDDYSC','DFDDYSC_903'
NOW,118.03926764581804,30.799369121194978,3987.8709529042244,20.19167298078537,90.76666033267975,1485082867,0,0,1,1,0,903,'DFDDYSC','DFDDYSC_903'
NOW,118.16026694273867,33.224198195444174,3987.0475258231163,22.626505315303802,89.41156780719757,1485082869,1,0,0,2,1,903,'DFDDYSC','DFDDYSC_903'
NOW,119.9994674204644,31.939871580961007,3987.5908946990967,20.68893951177597,87.8692194223404,1485082871,4,0,0,1,0,903,'DFDDYSC','DFDDYSC_903'
NOW,120.64290243075006,30.64784895330669,3990.406860113144,20.815308570861816,87.80729651451111,1485082875,4,1,0,0,0,903,'DFDDYSC','DFDDYSC_903'
NOW,118.24081946329463,33.248273093603984,3987.8884382247925,21.386648952960968,86.43373155593872,1485082877,0,0,1,4,1,903,'DFDDYSC','DFDDYSC_903'
NOW,117.14418464394791,31.82455828399892,3987.858262836933,19.18229466676712,85.45521003007889,1485082881,0,0,0,0,1,903,'DFDDYSC','DFDDYSC_903'
NOW,117.77046828218138,33.07939249661182,3986.6644561886787,17.674171149730682,82.54457503557205,1485082885,2,0,1,4,1,903,'DFDDYSC','DFDDYSC_903'
NOW,119.26706405267346,33.504814788192974,3989.213379204273,19.937597692012787,80.44114977121353,1485082889,1,0,0,4,1,903,'DFDDYSC','DFDDYSC_903'
NOW,117.47730605187172,32.98903384533121,3988.7287380099297,22.645972192287445,80.3878807425499,1485082891,5,0,0,2,1,903,'DFDDYSC','DFDDYSC_903'
NOW,120.13144780401635,33.25884656179028,3985.792465388775,23.942825496196747,79.44956409931183,1485082893,2,0,0,2,1,903,'DFDDYSC','DFDDYSC_903'
NOW,120.23416015706549,32.24433100497342,3984.761454999447,21.631949365139008,76.94907557964325,1485082894,1,1,0,3,1,903,'DFDDYSC','DFDDYSC_903'
NOW,117.4173304673571,32.831795363736454,3987.1102890372276,20.096767723560333,76.71965837478638,1485082897,1,1,1,2,1,903,'DFDDYSC','DFDDYSC_903'
NOW,117.68125486593176,30.72344464396729,3989.226586997509,20.18684434890747,74.73499751091003,1485082901,5,1,1,2,0,903,'DFDDYSC','DFDDYSC_903'
NOW,120.56345406690058,32.095271563389446,3990.523182928562,20.01549983024597,71.74031567573547,1485082905,3,1,0,3,0,903,'DFDDYSC','DFDDYSC_903'
NOW,120.69925707452812,32.03857528791151,3989.329979479313,19.48082560300827,70.90345376729965,1485082909,2,1,0,4,1,903,'DFDDYSC','DFDDYSC_903'
NOW,118.3728899160014,30.71125056640362,3991.953701555729,16.53950446844101,68.09966319799423,1485082911,1,1,0,1,1,903,'DFDDYSC','DFDDYSC_903'
NOW,118.02791486654723,30.80235132543866,3991.1903718709946,17.638624370098114,65.24984282255173,1485082914,3,0,1,4,0,903,'DFDDYSC','DFDDYSC_903'
NOW,118.31663387912667,33.27584160350016,3992.4039487838745,18.466314911842346,63.15099686384201,1485082917,0,0,1,2,1,903,'DFDDYSC','DFDDYSC_903'
NOW,119.42113426070622,33.456215809605034,3993.5327365398407,20.755526185035706,62.40202236175537,1485082921,2,0,1,5,0,903,'DFDDYSC','DFDDYSC_903'
NOW,118.88983440584373,33.46772739460614,3990.8805532455444,23.42299973964691,60.887354254722595,1485082923,4,0,1,4,1,903,'DFDDYSC','DFDDYSC_903'
NOW,117.14813093160568,31.79672019673948,3990.5027326345444,21.068286299705505,59.71566450595856,1485082924,3,0,1,5,1,903,'DFDDYSC','DFDDYSC_903'
NOW,117.3614201316662,31.195272085568543,3988.738233923912,20.013914704322815,57.915674448013306,1485082925,5,1,0,3,0,903,'DFDDYSC','DFDDYSC_903'
NOW,121.41752607470718,31.234083378059772,3987.1768939495087,21.400094985961914,56.22603225708008,1485082925,0,0,0,0,1,903,'DFDDYSC','DFDDYSC_903'
NOW,119.98629674962183,31.78238780597168,3989.875098466873,23.20239245891571,55.41965973377228,1485082929,4,0,0,2,1,903,'DFDDYSC','DFDDYSC_903'
NOW,120.43048213229113,31.53468162273757,3987.263928413391,20.206406950950623,54.126328229904175,1485082929,4,1,0,1,0,903,'DFDDYSC','DFDDYSC_903'
NOW,117.43737293834286,32.93145811004763,3985.31010556221,18.051278471946716,53.89385920763016,1485082932,3,0,0,2,1,903,'DFDDYSC','DFDDYSC_903'
NOW,117.43280073676661,32.93294230198972,3985.42030107975,17.59474414587021,50.90326315164566,1485082935,0,1,0,1,0,903,'DFDDYSC','DFDDYSC_903'
NOW,117.17864175498302,31.943883649283325,3984.2603261470795,17.409619867801666,48.334743320941925,1485082935,1,0,1,4,0,903,'DFDDYSC','DFDDYSC_903'
NOW,117.53587207080761,32.99086257009812,3984.4882668852806,18.012735307216644,45.53839164972305,1485082937,5,0,0,3,1,903,'DFDDYSC','DFDDYSC_903'
NOW,121.15815101159336,31.820918779579966,3982.9547170996666,16.937232196331024,44.3169327378273,1485082941,0,0,1,5,0,903,'DFDDYSC','DFDDYSC_903'
NOW,118.30457791561614,30.73494015009045,3982.633114695549,15.240816533565521,44.04325479269028,1485082942,0,0,1,1,1,903,'DFDDYSC','DFDDYSC_903'
NOW,120.02412014730045,30.33317614527919,3980.200301527977,13.752630054950714,43.04452443122864,1485082945,5,1,1,4,1,903,'DFDDYSC','DFDDYSC_903'
NOW,117.17283765275668,31.93957159866127,3978.137842774391,12.490755498409271,40.68493103981018,1485082947,1,1,1,4,0,903,'DFDDYSC','DFDDYSC_903'
NOW,120.05891963484625,33.290897841433924,3979.203383088112,14.657470643520355,38.527852058410645,1485082947,4,1,0,4,1,903,'DFDDYSC','DFDDYSC_903'
NOW,117.17346579049368,31.69773513746551,3977.714303135872,17.15405958890915,37.35485911369324,1485082951,4,0,0,3,1,903,'DFDDYSC','DFDDYSC_903'
NOW,120.08212508051894,33.27423688681542,3976.8787358403206,16.89558780193329,36.449900925159454,1485082953,3,1,1,5,0,903,'DFDDYSC','DFDDYSC_903'
NOW,119.53398263350256,33.42838562374387,3974.614386856556,15.757656931877136,33.931768238544464,1485082957,0,1,1,5,0,903,'DFDDYSC','DFDDYSC_903'
NOW,118.153150367308,33.21790639937268,3976.409752190113,14.15725028514862,33.45898687839508,1485082958,0,0,1,5,1,903,'DFDDYSC','DFDDYSC_903'
NOW,117.67818989987131,33.05234661927897,3973.4580140709877,14.422130405902863,31.470366597175598,1485082959,1,0,1,2,0,903,'DFDDYSC','DFDDYSC_903'
NOW,118.82319494108623,33.45437549021366,3974.295650422573,13.190739214420319,29.601057648658752,1485082960,2,1,1,2,0,903,'DFDDYSC','DFDDYSC_903'
NOW,120.05512293779266,32.03692904972995,3974.0601256489754,15.022688686847687,27.408907294273376,1485082962,0,1,1,2,1,903,'DFDDYSC','DFDDYSC_903'
NOW,120.18777911351306,32.27097538836009,3973.5488724708557,15.190719783306122,24.722365498542786,1485082964,1,0,0,4,0,903,'DFDDYSC','DFDDYSC_903'
NOW,117.16920773453822,31.696158108235224,3971.6598987579346,15.307551264762878,24.191631972789764,1485082968,4,0,0,2,0,903,'DFDDYSC','DFDDYSC_903'
NOW,120.55078233662971,32.100726011871735,3973.227385997772,17.124278903007507,23.63163733482361,1485082970,3,1,0,4,0,903,'DFDDYSC','DFDDYSC_903'
NOW,119.97409026485494,31.77982348049057,3973.836176097393,18.01868098974228,20.641172170639038,1485082973,0,1,1,2,1,903,'DFDDYSC','DFDDYSC_903'
NOW,120.34519256711891,32.20898525873563,3971.899927675724,17.425188601017,18.519595861434937,1485082975,0,0,0,3,0,903,'DFDDYSC','DFDDYSC_903'
NOW,120.82072730583695,30.83805298580595,3971.6735233068466,15.273533880710602,16.964106559753418,1485082978,2,0,1,2,0,903,'DFDDYSC','DFDDYSC_903'
NOW,118.27687969295812,33.25381617666795,3971.01204764843,16.62307518720627,14.970524072647095,1485082981,1,1,0,0,1,903,'DFDDYSC','DFDDYSC_903'
NOW,117.27013585181406,32.33542362460956,3973.183109164238,13.770693480968475,14.333012163639069,1485082984,1,0,1,4,1,903,'DFDDYSC','DFDDYSC_903'
NOW,118.8257811942028,33.448839194985624,3973.318043231964,11.885633051395416,12.297552168369293,1485082984,1,0,1,3,1,903,'DFDDYSC','DFDDYSC_903'
NOW,120.28351134134296,30.44326946071788,3971.143538951874,13.90278297662735,9.517170250415802,1485082987,1,0,1,0,0,903,'DFDDYSC','DFDDYSC_903'
NOW,120.05483265453522,32.04893868727979,3973.120731830597,16.38546735048294,9.215031564235687,1485082989,4,1,1,4,0,903,'DFDDYSC','DFDDYSC_903'
NOW,121.2648581065015,31.789236645713643,3975.4535689353943,16.22932380437851,8.463606774806976,1485082991,3,0,1,2,0,903,'DFDDYSC','DFDDYSC_903'
NOW,117.58350898424521,30.707078031589287,3973.1018805503845,14.52876228094101,5.498566567897797,1485082993,2,0,0,2,1,903,'DFDDYSC','DFDDYSC_903'
NOW,119.22704652983745,30.271064979518783,3970.3276154994965,17.478633105754852,4.324248254299164,1485082994,4,0,1,3,0,903,'DFDDYSC','DFDDYSC_903'
NOW,117.24566834526895,31.53787748184857,3967.9793105125427,14.560977160930634,4.251370489597321,1485082996,0,0,1,5,1,903,'DFDDYSC','DFDDYSC_903'
NOW,117.21422701944414,32.05775711711368,3966.5007227659225,14.0242440700531,2.151187002658844,1485083000,3,0,0,5,0,903,'DFDDYSC','DFDDYSC_903'
NOW,117.45991823433845,30.918027467652145,3964.388710618019,12.786900520324707,0.26363056898117065,1485083001,0,1,0,0,1,903,'DFDDYSC','DFDDYSC_903'
NOW,117.19445697450881,31.647423325932376,3962.024290919304,11.593560218811035,1.1880826950073242,1485083004,5,0,0,5,0,903,'DFDDYSC','DFDDYSC_903'
NOW,121.39056619042678,31.402446821816365,3962.976936817169,14.304775714874268,2.8256285190582275,1485083007,1,0,0,5,0,903,'DFDDYSC','DFDDYSC_903'
NOW,120.81722629100477,30.97692631066639,3965.620438337326,13.515267133712769,5.5416529178619385,1485083007,0,1,0,3,1,903,'DFDDYSC','DFDDYSC_903'
NOW,121.39792437802181,31.37983464757732,3962.972899913788,10.583472967147827,5.8098673820495605,1485083008,1,0,1,4,1,903,'DFDDYSC','DFDDYSC_903'
NOW,120.02761475877091,31.75639968659477,3961.805587887764,10.956807136535645,7.0397374629974365,1485083010,4,1,0,1,0,903,'DFDDYSC','DFDDYSC_903'
NOW,121.22285617748123,31.8105896110983,3961.3008088469505,9.00526738166809,10.010355234146118,1485083010,4,0,1,4,1,903,'DFDDYSC','DFDDYSC_903'
NOW,117.90436789075154,33.119465628305406,3963.375498712063,9.871523261070251,11.303728222846985,1485083012,5,0,1,3,1,903,'DFDDYSC','DFDDYSC_903'
NOW,120.36632215978193,31.577053026406645,3961.290550172329,11.66011893749237,12.7627032995224,1485083013,1,0,1,1,1,903,'DFDDYSC','DFDDYSC_903'
NOW,117.49846699488012,32.99430859408257,3958.4824725985527,10.993698537349701,15.513696312904358,1485083013,2,1,0,3,0,903,'DFDDYSC','DFDDYSC_903'
NOW,121.34085386748588,31.650096053632055,3958.312914788723,10.257491171360016,16.46144288778305,1485083013,2,1,0,4,1,903,'DFDDYSC','DFDDYSC_903'
NOW,119.6845877681071,30.274005777102396,3958.5293474197388,11.590273678302765,17.48028999567032,1485083015,1,0,0,5,1,903,'DFDDYSC','DFDDYSC_903'
NOW,120.82349888284037,30.770577295738484,3956.1107490062714,9.581993877887726,18.5521782040596,1485083017,0,1,1,2,0,903,'DFDDYSC','DFDDYSC_903'
NOW,121.36470464499484,31.557845695064334,3958.2368471622467,7.455828011035919,19.220839500427246,1485083020,1,0,1,3,0,903,'DFDDYSC','DFDDYSC_903'
NOW,119.9876589897033,31.775382958035586,3957.290405392647,8.601737558841705,20.858484268188477,1485083024,3,0,1,0,1,903,'DFDDYSC','DFDDYSC_903'
NOW,117.70065627243461,33.06196238177163,3957.0356997847557,7.8582592606544495,23.575080394744873,1485083024,1,1,0,3,0,903,'DFDDYSC','DFDDYSC_903'
NOW,118.96840639697547,30.432440756682606,3954.8893379569054,7.7651912569999695,25.03006148338318,1485083025,2,1,0,4,1,903,'DFDDYSC','DFDDYSC_903'
NOW,117.24564385142936,31.538736818302688,3954.1538015007973,6.869224369525909,25.804819345474243,1485083027,0,1,1,5,1,903,'DFDDYSC','DFDDYSC_903'
NOW,119.45138398952943,33.4532233610194,3954.8175985217094,4.268974602222443,26.58955019712448,1485083027,1,0,1,3,1,903,'DFDDYSC','DFDDYSC_903'
NOW,119.14129864719425,33.53275842510666,3955.0916446447372,6.7449756264686584,26.915145337581635,1485083031,4,0,0,0,1,903,'DFDDYSC','DFDDYSC_903'
NOW,120.7589900800844,32.01358154437069,3955.0496122837067,4.260506212711334,27.02828985452652,1485083033,1,1,1,0,0,903,'DFDDYSC','DFDDYSC_903'
NOW,117.16299370045337,31.90802125630883,3952.2103147506714,3.9945828914642334,27.278286933898926,1485083036,5,0,1,4,0,903,'DFDDYSC','DFDDYSC_903'
NOW,117.72053897684641,33.05750769203975,3952.9270344376564,4.9257877469062805,28.330283999443054,1485083040,4,0,0,5,0,903,'DFDDYSC','DFDDYSC_903'
NOW,121.03088698535704,31.87876965134312,3950.9417954087257,4.5163485407829285,30.626875042915344,1485083040,1,1,0,3,1,903,'DFDDYSC','DFDDYSC_903'
NOW,120.72962832474441,32.03006635172136,3952.9764226078987,1.7683624625205994,31.623842477798462,1485083042,0,1,0,2,0,903,'DFDDYSC','DFDDYSC_903'
NOW,120.46975767090616,32.14197802670073,3954.8829421401024,2.1974647641181946,32.289776146411896,1485083044,4,0,1,0,1,903,'DFDDYSC','DFDDYSC_903'
NOW,120.64841409558119,32.06328389325186,3953.869936645031,1.5744346380233765,32.61158400774002,1485083048,2,0,1,2,1,903,'DFDDYSC','DFDDYSC_903'
NOW,120.08899208816904,32.07449234327266,3955.765607059002,0.6823962926864624,32.99468016624451,1485083050,3,1,0,2,0,903,'DFDDYSC','DFDDYSC_903'
NOW,120.660134963358,31.371966544281797,3954.473418533802,1.1103531122207642,35.23373055458069,1485083054,4,1,1,0,1,903,'DFDDYSC','DFDDYSC_903'
NOW,120.04200064888245,32.00265183440322,3952.8582741618156,3.1468511819839478,35.5117107629776,1485083057,0,0,1,3,0,903,'DFDDYSC','DFDDYSC_903'
NOW,121.41524218327156,31.213055108678294,3954.515979707241,0.2751413583755493,38.20504105091095,1485083057,4,1,1,5,0,903,'DFDDYSC','DFDDYSC_903'
NOW,117.38653748869797,32.706465336621285,3953.1988264918327,2.8520079851150513,39.989402055740356,1485083059,5,0,0,4,0,903,'DFDDYSC','DFDDYSC_903'
NOW,117.89505395994026,30.77873378567578,3950.4826681017876,1.0400687456130981,41.89718008041382,1485083059,3,1,0,0,0,903,'DFDDYSC','DFDDYSC_903'
NOW,120.66938522516777,31.374158905483682,3948.850254714489,3.5387364625930786,43.91063117980957,1485083063,1,0,1,2,1,903,'DFDDYSC','DFDDYSC_903'
NOW,117.25746285524635,32.22619597098903,3948.9989216923714,3.866507411003113,45.56983041763306,1485083067,0,1,0,1,1,903,'DFDDYSC','DFDDYSC_903'
NOW,119.01556299000958,30.405582849267212,3948.367518424988,1.0121914148330688,48.27139711380005,1485083071,2,1,1,4,1,903,'DFDDYSC','DFDDYSC_903'
NOW,119.92311199779162,30.320554446172608,3948.3267220258713,1.791634202003479,50.11238169670105,1485083072,2,1,1,1,0,903,'DFDDYSC','DFDDYSC_903'
NOW,118.94319987418339,30.43778403403092,3946.530486226082,1.129243016242981,52.62984848022461,1485083072,1,0,0,4,0,903,'DFDDYSC','DFDDYSC_903'
NOW,118.61227006136458,30.629621789599817,3943.6114188432693,0.6711026430130005,52.73321062326431,1485083074,5,1,0,1,0,903,'DFDDYSC','DFDDYSC_903'
NOW,119.54530322368693,30.270465747802113,3942.236695408821,2.8005863428115845,53.31777358055115,1485083078,4,0,1,4,0,903,'DFDDYSC','DFDDYSC_903'
NOW,117.58873994519753,33.016207930552795,3940.9401494264603,3.1415140628814697,55.17192101478577,1485083081,3,0,1,1,1,903,'DFDDYSC','DFDDYSC_903'
NOW,120.59275819097344,30.629413121573247,3943.4984825849533,0.8776271343231201,57.816855669021606,1485083081,1,1,1,3,0,903,'DFDDYSC','DFDDYSC_903'
NOW,120.00059365674741,31.768381667203858,3942.663380384445,0.7011266946792603,57.912695467472076,1485083081,4,1,0,4,1,903,'DFDDYSC','DFDDYSC_903'
NOW,117.44449732160417,30.954165866716686,3945.2119019031525,1.777270793914795,60.6121569275856,1485083081,4,1,1,2,1,903,'DFDDYSC','DFDDYSC_903'
NOW,117.41934627906174,32.85640582213575,3945.2383368611336,0.19910240173339844,62.64574843645096,1485083085,1,0,1,3,0,903,'DFDDYSC','DFDDYSC_903'
NOW,117.908859901245,33.132311993430775,3944.5720857977867,1.44455885887146,65.45276743173599,1485083087,4,1,0,2,0,903,'DFDDYSC','DFDDYSC_903'
NOW,117.35226859327777,32.639856180218445,3947.245116174221,1.6040896773338318,67.22956043481827,1485083087,4,0,0,4,1,903,'DFDDYSC','DFDDYSC_903'
NOW,120.81438652440666,31.008241855110196,3948.5569803118706,1.1372724175453186,68.41158777475357,1485083089,2,1,0,1,1,903,'DFDDYSC','DFDDYSC_903'
NOW,120.71866541895228,31.289599321470217,3946.241132438183,1.8072132468223572,70.8811269402504,1485083089,2,1,1,3,0,903,'DFDDYSC','DFDDYSC_903'
NOW,120.15384125549322,33.25181404416042,3944.1716834902763,3.9894225001335144,73.527323782444,1485083093,0,1,1,0,1,903,'DFDDYSC','DFDDYSC_903'
NOW,120.6852618254384,31.332727826966146,3944.3423486948013,6.010762393474579,74.05895566940308,1485083094,4,0,0,0,1,903,'DFDDYSC','DFDDYSC_903'
NOW,119.45321087050202,33.453594400667356,3942.2167431116104,8.327301919460297,74.0831048488617,1485083095,3,0,0,2,0,903,'DFDDYSC','DFDDYSC_903'
NOW,117.52072405673954,30.701970191541324,3943.3807007074356,6.635415613651276,76.13066482543945,1485083096,2,0,0,2,1,903,'DFDDYSC','DFDDYSC_903'
NOW,120.62486748642698,31.444645240753374,3944.6168106794357,6.894572973251343,78.41115665435791,1485083100,1,0,1,3,0,903,'DFDDYSC','DFDDYSC_903'
NOW,118.8540816217706,30.49807147137727,3945.2166625857353,8.32984983921051,80.85384750366211,1485083102,0,0,1,2,1,903,'DFDDYSC','DFDDYSC_903'
NOW,119.5278762203655,33.426746725060426,3946.9262978434563,9.981006622314453,82.89438819885254,1485083106,1,1,0,1,1,903,'DFDDYSC','DFDDYSC_903'
NOW,117.84647242954006,33.113657692228635,3945.9557612538338,8.24904489517212,84.11273801326752,1485083110,5,1,1,5,1,903,'DFDDYSC','DFDDYSC_903'
NOW,117.57857011193701,33.010678126199565,3943.6415398716927,5.285747766494751,86.47796976566315,1485083113,5,1,0,1,1,903,'DFDDYSC','DFDDYSC_903'
NOW,119.99001461715685,33.29398835919976,3940.9798117280006,3.4580819606781006,88.11523771286011,1485083114,0,0,0,2,1,903,'DFDDYSC','DFDDYSC_903'
NOW,117.65093934826412,30.71071578732838,3943.909439623356,2.277336001396179,89.73541593551636,1485083118,5,1,0,5,0,903,'DFDDYSC','DFDDYSC_903'
NOW,120.63255993634539,32.073098869725285,3945.4560292363167,2.7555819153785706,90.69592660665512,1485083122,4,0,0,5,1,903,'DFDDYSC','DFDDYSC_903'
NOW,119.48601196428939,33.43455897587159,3942.9184628129005,4.501705467700958,91.96094459295273,1485083122,3,0,0,5,1,903,'DFDDYSC','DFDDYSC_903'
NOW,118.27198197956564,33.25575879692959,3940.028564274311,6.057526409626007,93.32396644353867,1485083122,3,1,1,3,0,903,'DFDDYSC','DFDDYSC_903'
NOW,120.33341884428067,30.468280209578342,3942.2316430211067,5.19029313325882,95.81401485204697,1485083124,1,0,0,1,0,903,'DFDDYSC','DFDDYSC_903'
NOW,117.846856237578,30.754709385282798,3941.55726736784,4.964535713195801,97.59370809793472,1485083125,1,0,1,0,0,903,'DFDDYSC','DFDDYSC_903'
